Workbook

Sheet 00_운영가이드
A1: d
A2: 1년 2회 평가(상·하반기) → 등급 결정 → 임금 조정 → 페이밴드 검증의 End-to-End 운영 도구
A4: ■ 우리가 하려는 일 (핵심 의사결정 4단계)
A5: 단계 | B5: 핵심 작업 | C5: 의사결정 | D5: 주요 내용
A6: STEP 1 | B6: 평가 실시 | C6: 연 2회(상반기·하반기) 개인별 3축 평가 | D6: 역할평가 + 공통역량평가 + 직무역량평가
A7: STEP 2 | B7: 등급 결정 | C7: 회사 전체 KPI + 개인 평가 결과 종합 | D7: 3축 가중통합 → 최종 등급(S/A/B/C/D) 산출
A8: STEP 3 | B8: 임금 조정 | C8: 평가 등급에 따라 차년도 기본연봉 인상 | D8: S 6% / A 5% / B 4% / C 3% / D 2% (+ 승진 가산)
A9: STEP 4 | B9: 페이밴드 관리 | C9: 전체 임직원 임금이 역할등급별 범위 내 유지 | D9: Min/Mid/Max 검증 → 이탈자 조정 권고
A12: ■ 우리가 가진 도구 (산출물)
A13: 도구 | B13: 파일/시트 | E13: 용도·운영 주체
A14: 통합 관리 시트 | B14: 본 파일 (HR 통합관리시스템 v5.xlsx) | E14: HR 담당자가 모든 평가 결과를 모아 종합 등급·인상률·페이밴드를 산출. 본 파일.
A15: 직무별 평가지 | B15: 평가지_2026_v2/평가지_{부서}_2026_v2.xlsx (부서별 6종) | E15: 부서장(1·2차 평가자)이 작성. HR이 배포·회수 후 [복사용 행]을 통합시트에 옮김.
A17: ■ HR 담당자 운영 흐름 (한 평가 사이클)
A18: 단계 | B18: 내용
A19: ① 준비 | B19: 01_인적정보 확인 + 15_직원별책무매핑에서 직원별 메인 책무 O/X 선택
A20: ② 배포 | B20: 평가지_{부서}_2026_v2.xlsx 6개 파일을 각 부서장에게 배포 (이메일/공유폴더)
A21: ③ 평가 | B21: 부서장(1·2차 평가자)이 각자 등급(S/A/B/C/D) 입력 → 시트가 가중평균·등급 자동 산출
A22: ④ 회수 | B22: 평가지 회수 (보통 평가 마감 후 1주일 내)
A23: ⑤ 입력 | B23: 각 평가지 직원 시트 하단 [복사용 입력 행] A~U 21개 셀 통째 복사 → 본 파일 07a/07b의 해당 사번 행 G~AA에 [값 붙여넣기]
A24: ⑥ 점검 | B24: 00_운영현황판에서 누락·이상 알림 확인 → 보완
A25: ⑦ 결과 확인 | B25: 08_종합평가 (최종등급) / 09_보상연계 (인상률·신규연봉) / 10_성과급관리 / 11_페이밴드검증 / 12_시뮬레이션
A27: ■ 본 파일 시트 역할 (18개)
A28: 시트 | B28: 역할 | G28: 유형
A29: 00_운영가이드 | B29: 본 시트 - 운영 흐름·시트 안내 | G29: 안내
A30: 00_운영현황판 | B30: 평가 진행률·이상 알림·등급 분포 한눈에 | G30: 대시보드
A31: 01_인적정보 | B31: 직원 마스터(34명). 사번·역할등급 입력 | G31: HR 입력
A32: 02_의사결정·종합결과 | B32: 가중치·인상률·페이밴드·평가자 비중 설정 | G32: HR 입력
A33: 03_전사업적평가 | B33: 전사 KPI 실적 입력 → 성과급 재원 가산 | G33: HR 입력
A34: 04_역할평가 | B34: 자동 산출 (07a/07b 입력값 기반) | G34: 자동
A35: 05_공통역량평가 | B35: 자동 산출 (11개 역량 가중합산) | G35: 자동
A36: 06_직무역량평가 | B36: 자동 산출 (개인별 메인 책무 평균) | G36: 자동
A37: 07a_상반기입력 | B37: 부서별 평가지의 [복사용 행]을 여기 G~AA에 붙여넣기 | G37: HR 입력 (핵심)
A38: 07b_하반기입력 | B38: 하반기 동일 구조 | G38: HR 입력 (핵심)
A39: 08_종합평가 | B39: 3축 가중통합 → 최종 등급 | G39: 자동
... A46: 15_직원별책무매핑 | B46: 직원별 메인 책무 O/X 선택 | G46: HR 입력
A48: ■ 색상 범례
B49: 노란셀 | C49: HR이 직접 입력 | F49: 연두셀 | G49: 자동 계산 - 수정 금지
B50: 회색셀 | C50: 참고 라벨 | F50: 주황셀 | G50: 안내·중요 표시
B51: S/A 등급 | C51: 탁월·우수 | F51: D 등급/이탈 | G51: 즉시 조치
A81: 본 시스템은 베이시스소프트의 임금·평가 운영을 위해 설계되었습니다. 사용 중 의문 사항은 컨설팅 담당자 또는 시앤피컨설팅 이석주 컨설턴트에게 문의해 주세요.

Sheet 00_운영현황판
A1: ★ HR 운영 현황판 (모든 평가 진행 상황 한눈에)
A2: 이 시트가 평가 사이클의 컨트롤 타워. 여기서 진행률·이상신호 확인 후 각 시트로 진입.
A3: ✻ 이 시트는 평가 사이클이 진행되는 동안 매일 가장 먼저 확인하는 페이지입니다. 진행률·이상 알림으로 현재 상태를 즉시 파악하세요.
A4: ■ 평가 진행 현황
A5: 지표 | B5: 상반기 진행 | C5: 하반기 진행 | D5: 상태
A6: 총 직원수 | B6: =COUNTA('01_인적정보'!C6:C65) | C6: =B6 | D6: =IF(B$6=0,"",IF(B6>=B$6,"✓ 완료",IF(B6>0,"진행중","미시작")))
A7: 역할평가 입력완료 | B7: =COUNTA('07a_상반기입력'!L6:L39) | C7: =COUNTA('07b_하반기입력'!L6:L39) | D7: =IF(B$6=0,"",IF(B7>=B$6,"✓ 완료",IF(B7>0,"진행중","미시작")))
A8: 공통역량 입력완료 | B8: =COUNTA('07a_상반기입력'!N6:N39) | C8: =COUNTA('07b_하반기입력'!N6:N39) | D8: =IF(B$6=0,"",IF(B8>=B$6,"✓ 완료",IF(B8>0,"진행중","미시작")))
A9: 직무역량 입력완료 | B9: =COUNTA('07a_상반기입력'!Y6:Y39) | C9: =COUNTA('07b_하반기입력'!Y6:Y39) | D9: =IF(B$6=0,"",IF(B9>=B$6,"✓ 완료",IF(B9>0,"진행중","미시작")))
A10: 종합평가 산출완료 | B10: =COUNTA('08_종합평가'!U6:U39) | C10: =B10 | D10: =IF(B$6=0,"",IF(B10>=B$6,"✓ 완료",IF(B10>0,"진행중","미시작")))
A12: ■ 이상 알림 (자동 점검)
A13: 가중치 합계 검증 (G6~G1) | B13: =IF(SUMPRODUCT(('02_의사결정·종합결과'!E16:E22<>1)*1)>0,"✗ 가중치 합계 ≠ 100% 행 존재","✓ 모든 가중치 OK")
A14: 상반기 등급 누락자 수 | B14: =COUNTA('01_인적정보'!B6:B39) - COUNTA('07a_상반기입력'!L6:L39)
A15: 하반기 등급 누락자 수 | B15: =COUNTA('01_인적정보'!B6:B39) - COUNTA('07b_하반기입력'!L6:L39)
A16: 페이밴드 이탈자 수 | B16: =SUMPRODUCT(('09_보상연계'!O6:O39<'09_보상연계'!L6:L39)+('09_보상연계'!O6:O39>'09_보상연계'!M6:M39))
A17: 페이밴드 검증 시트의 이탈자 (참조) | B17: =SUM('11_페이밴드검증'!H6:H12)
A19: ■ 평가 등급 분포 (전사 종합)
A20: 등급 | B20: S | C20: A | D20: B | E20: C | F20: D
A21: 인원수 | B21: =COUNTIF('08_종합평가'!U6:U39,"S") | C21: =COUNTIF('08_종합평가'!U6:U39,"A") | D21: =COUNTIF('08_종합평가'!U6:U39,"B") | E21: =COUNTIF('08_종합평가'!U6:U39,"C") | F21: =COUNTIF('08_종합평가'!U6:U39,"D")
A24: ■ 오늘 해야 할 일
A25: 1) 01_인적정보에서 직원 명단·역할등급(G5-M/G5-S 포함) 확인
A26: 2) 15_직원별책무매핑에서 직원별 메인 책무 선택 (신규 - 평가 시작 전 필수)
A27: 3) 부서별 평가지 6종 배포 (평가자에게 이메일/공유폴더 전달)
A28: 4) 평가지 회수 후 07a/07b 상·하반기 입력 시트에 등급 입력
A29: 5) 본 시트에서 진행률·이상알림 확인
A30: 6) 모두 완료 시 08~12 산출 시트에서 결과 확인

Sheet 01_인적정보
A1: 임직원 명부 마스터 (Master)
A2: 사번을 키로 모든 시트를 연결. 노란셀만 직접 수정. ★ G5는 M(부서장)/S(스페셜리스트)로 분리되어 있습니다.
A5: No. | B5: 사번 | C5: 성명 | D5: 직군 | E5: 직무 | F5: 부서 | G5: 기존직급 | H5: 역할등급 | I5: 입사일 | J5: 근속연수 | K5: 기존연봉 | L5: 주요 책무 수 | M5: 조회키(직무_등급) | N5: 비고
A6: 1 | B6: BSS-001 | C6: 이화형 | D6: 영업 | E6: 프로젝트영업 | F6: 스마트사업부 | G6: 전무 | H6: G6 | I6: 2014-01-08 | J6: =IFERROR(ROUND((TODAY()-DATEVALUE(I6))/365,1),"") | K6: 72500000 | L6: =IFERROR(INDEX('15_직원별책무매핑'!$E:$E,MATCH(B6,'15_직원별책무매핑'!$B:$B,0)),0) | M6: =E6&"_"&H6
A7: 2 | B7: BSS-002 | C7: 강전용 | D7: 연구&개발 | E7: 연구개발(R&D) | F7: R&D본부 | G7: 상무 | H7: G6 | I7: 2014-02-15 | J7: =IFERROR(ROUND((TODAY()-DATEVALUE(I7))/365,1),"") | K7: 68870000 | L7: =IFERROR(INDEX('15_직원별책무매핑'!$E:$E,MATCH(B7,'15_직원별책무매핑'!$B:$B,0)),0) | M7: =E7&"_"&H7
A8: 3 | B8: BSS-003 | C8: 김현민 | D8: 설계 | E8: BIM컨설팅 | F8: 컨설팅본부 | G8: 상무 | H8: G6 | I8: 2014-03-22 | J8: =IFERROR(ROUND((TODAY()-DATEVALUE(I8))/365,1),"") | K8: 67500000 | L8: =IFERROR(INDEX('15_직원별책무매핑'!$E:$E,MATCH(B8,'15_직원별책무매핑'!$B:$B,0)),0) | M8: =E8&"_"&H8
A9: 4 | B9: BSS-004 | C9: 이일곤 | D9: 경영관리 | E9: 경영전략기획 | F9: 경영전략실 | G9: 이사 | H9: G6 | I9: 2014-04-01 | J9: =IFERROR(ROUND((TODAY()-DATEVALUE(I9))/365,1),"") | K9: 64530000 | L9: =IFERROR(INDEX('15_직원별책무매핑'!$E:$E,MATCH(B9,'15_직원별책무매핑'!$B:$B,0)),0) | M9: =E9&"_"&H9
A10: 5 | B10: BSS-005 | C10: 송헌영 | D10: 경영관리 | E10: 경영전략기획 | F10: 경영전략실 | G10: 이사 | H10: G6 | I10: 2015-05-08 | J10: =IFERROR(ROUND((TODAY()-DATEVALUE(I10))/365,1),"") | K10: 65180000 | L10: =IFERROR(INDEX('15_직원별책무매핑'!$E:$E,MATCH(B10,'15_직원별책무매핑'!$B:$B,0)),0) | M10: =E10&"_"&H10
A11: 6 | B11: BSS-006 | C11: 이재용 | D11: 경영관리 | E11: 경영전략기획 | F11: 경영전략실 | G11: 이사 | H11: G6 | I11: 2015-06-15 | J11: =IFERROR(ROUND((TODAY()-DATEVALUE(I11))/365,1),"") | K11: 62000000 | L11: =IFERROR(INDEX('15_직원별책무매핑'!$E:$E,MATCH(B11,'15_직원별책무매핑'!$B:$B,0)),0) | M11: =E11&"_"&H11
A12: 7 | B12: BSS-007 | C12: 이진행 | D12: 교육 및 기술지원 | E12: 교육 | F12: 솔루션본부 | G12: 부장 | H12: G5-M | I12: 2015-07-22 | J12: =IFERROR(ROUND((TODAY()-DATEVALUE(I12))/365,1),"") | K12: 59700000 | L12: =IFERROR(INDEX('15_직원별책무매핑'!$E:$E,MATCH(B12,'15_직원별책무매핑'!$B:$B,0)),0) | M12: =E12&"_"&H12
A13: 8 | B13: BSS-008 | C13: 김민수 | D13: 교육 및 기술지원 | E13: 기술지원 | F13: 솔루션본부 | G13: 부장 | H13: G5-M | I13: 2015-08-01 | J13: =IFERROR(ROUND((TODAY()-DATEVALUE(I13))/365,1),"") | K13: 59050000 | L13: =IFERROR(INDEX('15_직원별책무매핑'!$E:$E,MATCH(B13,'15_직원별책무매핑'!$B:$B,0)),0) | M13: =E13&"_"&H13
A14: 9 | B14: BSS-009 | C14: 박남식 | D14: 설계 | E14: BIM컨설팅 | F14: 컨설팅본부 | G14: 부장 | H14: G5-M | I14: 2016-09-08 | J14: =IFERROR(ROUND((TODAY()-DATEVALUE(I14))/365,1),"") | K14: 59050000 | L14: =IFERROR(INDEX('15_직원별책무매핑'!$E:$E,MATCH(B14,'15_직원별책무매핑'!$B:$B,0)),0) | M14: =E14&"_"&H14
A15: 10 | B15: BSS-010 | C15: 신재민 | D15: 설계 | E15: BIM컨설팅 | F15: 컨설팅본부 | G15: 부장 | H15: G5-S | I15: 2016-10-15 | J15: =IFERROR(ROUND((TODAY()-DATEVALUE(I15))/365,1),"") | K15: 59050000 | L15: =IFERROR(INDEX('15_직원별책무매핑'!$E:$E,MATCH(B15,'15_직원별책무매핑'!$B:$B,0)),0) | M15: =E15&"_"&H15
A16: 11 | B16: BSS-011 | C16: 마장엽 | D16: 설계 | E16: BIM컨설팅 | F16: 컨설팅본부 | G16: 부장 | H16: G5-S | I16: 2016-11-22 | J16: =IFERROR(ROUND((TODAY()-DATEVALUE(I16))/365,1),"") | K16: 57760000 | L16: =IFERROR(INDEX('15_직원별책무매핑'!$E:$E,MATCH(B16,'15_직원별책무매핑'!$B:$B,0)),0) | M16: =E16&"_"&H16
A17: 12 | B17: BSS-012 | C17: 하은주 | D17: 경영관리 | E17: 경영전략기획 | F17: 마케팅팀 | G17: 부장 | H17: G5-M | I17: 2016-12-01 | J17: =IFERROR(ROUND((TODAY()-DATEVALUE(I17))/365,1),"") | K17: 57760000 | L17: =IFERROR(INDEX('15_직원별책무매핑'!$E:$E,MATCH(B17,'15_직원별책무매핑'!$B:$B,0)),0) | M17: =E17&"_"&H17
... A39: 34 | B39: BSS-034 | C39: 엄보근 | D39: 설계 | E39: BIM컨설팅 | F39: 컨설팅본부 | G39: 사원 | H39: G1 | I39: 2022-10-15 | J39: =IFERROR(ROUND((TODAY()-DATEVALUE(I39))/365,1),"") | K39: 32000000 | L39: =IFERROR(INDEX('15_직원별책무매핑'!$E:$E,MATCH(B39,'15_직원별책무매핑'!$B:$B,0)),0) | M39: =E39&"_"&H39
A40: 35 | J40: =IFERROR(IF(I40="","",ROUND((TODAY()-DATEVALUE(I40))/365,1)),"") | L40: =IF(B40="","",IFERROR(INDEX('15_직원별책무매핑'!$E:$E,MATCH(B40,'15_직원별책무매핑'!$B:$B,0)),0)) | M40: =IF(B40="","",E40&"_"&H40)
A41: 36 | J41: =IFERROR(IF(I41="","",ROUND((TODAY()-DATEVALUE(I41))/365,1)),"") | L41: =IF(B41="","",IFERROR(INDEX('15_직원별책무매핑'!$E:$E,MATCH(B41,'15_직원별책무매핑'!$B:$B,0)),0)) | M41: =IF(B41="","",E41&"_"&H41)
A42: 37 | J42: =IFERROR(IF(I42="","",ROUND((TODAY()-DATEVALUE(I42))/365,1)),"") | L42: =IF(B42="","",IFERROR(INDEX('15_직원별책무매핑'!$E:$E,MATCH(B42,'15_직원별책무매핑'!$B:$B,0)),0)) | M42: =IF(B42="","",E42&"_"&H42)
A43: 38 | J43: =IFERROR(IF(I43="","",ROUND((TODAY()-DATEVALUE(I43))/365,1)),"") | L43: =IF(B43="","",IFERROR(INDEX('15_직원별책무매핑'!$E:$E,MATCH(B43,'15_직원별책무매핑'!$B:$B,0)),0)) | M43: =IF(B43="","",E43&"_"&H43)
A44: 39 | J44: =IFERROR(IF(I44="","",ROUND((TODAY()-DATEVALUE(I44))/365,1)),"") | L44: =IF(B44="","",IFERROR(INDEX('15_직원별책무매핑'!$E:$E,MATCH(B44,'15_직원별책무매핑'!$B:$B,0)),0)) | M44: =IF(B44="","",E44&"_"&H44)
A45: 40 | J45: =IFERROR(IF(I45="","",ROUND((TODAY()-DATEVALUE(I45))/365,1)),"") | L45: =IF(B45="","",IFERROR(INDEX('15_직원별책무매핑'!$E:$E,MATCH(B45,'15_직원별책무매핑'!$B:$B,0)),0)) | M45: =IF(B45="","",E45&"_"&H45)
A46: 41 | J46: =IFERROR(IF(I46="","",ROUND((TODAY()-DATEVALUE(I46))/365,1)),"") | L46: =IF(B46="","",IFERROR(INDEX('15_직원별책무매핑'!$E:$E,MATCH(B46,'15_직원별책무매핑'!$B:$B,0)),0)) | M46: =IF(B46="","",E46&"_"&H46)
A47: 42 | J47: =IFERROR(IF(I47="","",ROUND((TODAY()-DATEVALUE(I47))/365,1)),"") | L47: =IF(B47="","",IFERROR(INDEX('15_직원별책무매핑'!$E:$E,MATCH(B47,'15_직원별책무매핑'!$B:$B,0)),0)) | M47: =IF(B47="","",E47&"_"&H47)
A48: 43 | J48: =IFERROR(IF(I48="","",ROUND((TODAY()-DATEVALUE(I48))/365,1)),"") | L48: =IF(B48="","",IFERROR(INDEX('15_직원별책무매핑'!$E:$E,MATCH(B48,'15_직원별책무매핑'!$B:$B,0)),0)) | M48: =IF(B48="","",E48&"_"&H48)
A49: 44 | J49: =IFERROR(IF(I49="","",ROUND((TODAY()-DATEVALUE(I49))/365,1)),"") | L49: =IF(B49="","",IFERROR(INDEX('15_직원별책무매핑'!$E:$E,MATCH(B49,'15_직원별책무매핑'!$B:$B,0)),0)) | M49: =IF(B49="","",E49&"_"&H49)
A50: 45 | J50: =IFERROR(IF(I50="","",ROUND((TODAY()-DATEVALUE(I50))/365,1)),"") | L50: =IF(B50="","",IFERROR(INDEX('15_직원별책무매핑'!$E:$E,MATCH(B50,'15_직원별책무매핑'!$B:$B,0)),0)) | M50: =IF(B50="","",E50&"_"&H50)
A51: 46 | J51: =IFERROR(IF(I51="","",ROUND((TODAY()-DATEVALUE(I51))/365,1)),"") | L51: =IF(B51="","",IFERROR(INDEX('15_직원별책무매핑'!$E:$E,MATCH(B51,'15_직원별책무매핑'!$B:$B,0)),0)) | M51: =IF(B51="","",E51&"_"&H51)
... A55: 50 | J55: =IFERROR(IF(I55="","",ROUND((TODAY()-DATEVALUE(I55))/365,1)),"") | L55: =IF(B55="","",IFERROR(INDEX('15_직원별책무매핑'!$E:$E,MATCH(B55,'15_직원별책무매핑'!$B:$B,0)),0)) | M55: =IF(B55="","",E55&"_"&H55)

Sheet 02_의사결정·종합결과
A1: HR 의사결정 컨피그 (가중치·인상률·페이밴드)
A2: 이 시트에서 가중치·인상률·페이밴드를 정의. 모든 산출 시트가 자동 참조합니다.
A4: ■ ① 평가 방식·반기 가중치
A5: 평가 척도 | B5: 5점 | C5: 5점 또는 100점 (전 시트 일괄 적용)
A6: 평가 방식 | B6: 절대평가 | C6: 절대평가: 점수→등급 환산 / 상대평가: 분포 강제
A7: 상반기 가중치 | B7: 0.5 | C7: 평가차수별 가중치
A8: 하반기 가중치 | B8: =1-B7 | C8: 자동 계산
A10: 강제분포 비중 | B10: S | C10: A | D10: B | E10: C | F10: D
B11: 0.1 | C11: 0.15 | D11: 0.5 | E11: 0.15 | F11: 0.1
A14: ■ ② 직급별 3축 평가 가중치 (역할 + 공통역량 + 직무역량 = 100%) ★ G5-M/G5-S 분리
A15: 역할등급 | B15: 역할평가 W | C15: 공통역량 W | D15: 직무역량 W | E15: 합계 | F15: 검증 | G15: 설계 의도
A16: G6 | B16: 0.4 | C16: 0.25 | D16: 0.35 | E16: =B16+C16+D16 | F16: =IF(E16=1,"✓ OK","✗ ≠100%") | G16: 경영성과 책임·전사 의사결정 중심
A17: G5-M | B17: 0.35 | C17: 0.3 | D17: 0.35 | E17: =B17+C17+D17 | F17: =IF(E17=1,"✓ OK","✗ ≠100%") | G17: 조직 관리·부서장 성과 책임
A18: G5-S | B18: 0.3 | C18: 0.3 | D18: 0.4 | E18: =B18+C18+D18 | F18: =IF(E18=1,"✓ OK","✗ ≠100%") | G18: 실무 스페셜리스트·전문성 강조
A19: G4 | B19: 0.3 | C19: 0.3 | D19: 0.4 | E19: =B19+C19+D19 | F19: =IF(E19=1,"✓ OK","✗ ≠100%") | G19: 실무 책임자, 직무역량 강조
A20: G3 | B20: 0.25 | C20: 0.3 | D20: 0.45 | E20: =B20+C20+D20 | F20: =IF(E20=1,"✓ OK","✗ ≠100%") | G20: 핵심 실무자, 직무 깊이 가중
A21: G2 | B21: 0.2 | C21: 0.35 | D21: 0.45 | E21: =B21+C21+D21 | F21: =IF(E21=1,"✓ OK","✗ ≠100%") | G21: 실무자, 역량 개발 집중
A22: G1 | B22: 0.15 | C22: 0.35 | D22: 0.5 | E22: =B22+C22+D22 | F22: =IF(E22=1,"✓ OK","✗ ≠100%") | G22: 신입·실무 보조, 기본기 학습
A24: ■ ③ 평가 등급별 인상률·성과급률
A25: 구분 | B25: S | C25: A | D25: B | E25: C | F25: D | G25: 비고
A26: 기본연봉 인상률 | B26: 0.06 | C26: 0.05 | D26: 0.04 | E26: 0.03 | F26: 0.02 | G26: 09_보상연계에 자동 반영
A27: 성과급 지급률 | B27: 0.2 | C27: 0.15 | D27: 0.1 | E27: 0.05 | F27: 0 | G27: 10_성과급관리에 자동 반영
A28: 승진 가산률 | B28: 0.01 | C28: 승진(역할등급 상승) 시 기본연봉 인상률에 가산 | G28: Y/N 선택 시 자동 적용
A30: ■ ④ 페이밴드 (역할등급별 기본연봉 범위)
A31: 역할등급 | B31: 최소(Min) | C31: 중위(Mid) | D31: 최대(Max) | E31: Range Spread
A32: G6 | B32: 58000000 | C32: 69000000 | D32: 80000000 | E32: =(D32-B32)/B32
A33: G5-M | B33: 53000000 | C33: 63000000 | D33: 73000000 | E33: =(D33-B33)/B33
A34: G5-S | B34: 53000000 | C34: 63000000 | D34: 73000000 | E34: =(D34-B34)/B34
A35: G4 | B35: 49000000 | C35: 57500000 | D35: 66000000 | E35: =(D35-B35)/B35
A36: G3 | B36: 42000000 | C36: 49500000 | D36: 57000000 | E36: =(D36-B36)/B36
A37: G2 | B37: 36000000 | C37: 42500000 | D37: 49000000 | E37: =(D37-B37)/B37
A38: G1 | B38: 33000000 | C38: 38500000 | D38: 44000000 | E38: =(D38-B38)/B38
A40: ■ ⑤ 공통역량별 가중치 (11개 역량)
A41: No. | B41: 역량군 | C41: 핵심 역량 | D41: 가중치 | E41: 역량 설명
A42: C-1 | B42: 업무역량 | C42: 직무 전문성 | D42: 0.15 | E42: 직무에 필요한 전문 지식 및 기술을 충분히 보유하고 실무에 적절히 적용하는지 평가
A43: C-2 | B43: 업무역량 | C43: 분석력 | D43: 0.1 | E43: 데이터·수치를 기반으로 사고하며 업무 효율을 높이는 능력
A44: C-3 | B44: 업무역량 | C44: 기획/실행력 | D44: 0.1 | E44: 실행 가능한 목표 설정·계획 수립·체계적 실행 능력
A45: C-4 | B45: 조직역량 | C45: 자원·시간 관리 | D45: 0.1 | E45: 업무 우선순위 설정 및 시간 내 효과적 업무 완수 능력
A46: C-5 | B46: 조직역량 | C46: 협업 능력 | D46: 0.1 | E46: 팀원·타 부서와의 협업 태도와 적극적 협력
A47: C-6 | B47: 조직역량 | C47: 소통 능력 | D47: 0.1 | E47: 명확한 의견 전달·경청·효과적 커뮤니케이션
A48: C-7 | B48: 인성역량 | C48: 윤리/책임감 | D48: 0.1 | E48: 공정·투명한 업무 처리와 책임감 있는 업무 수행
A49: C-8 | B49: 인성역량 | C49: 업무 태도 | D49: 0.1 | E49: 성실·주도적 태도, 변화에 대한 유연성
A50: C-9 | B50: 미래역량 | C50: 혁신 역량 | D50: 0.05 | E50: AI·자동화 등 최신 기술을 실무에 접목
A51: C-10 | B51: 미래역량 | C51: 프로세스 개선 | D51: 0.05 | E51: 업무 절차 분석 및 비효율 개선 아이디어 제시·실행
A52: C-11 | B52: 미래역량 | C52: 지속가능 기여 | D52: 0.05 | E52: 장기적 성과 향상·조직 기여도
A66: ■ ⑥ 1차/2차 평가자 가중치
A67: 1차 평가자 (직속상사) | B67: 0.5 | C67: 직속상사 평가 가중치. 평가지·통합시트에서 자동 적용. 기본 50%, 조직 상황에 맞게 조정.
A68: 2차 평가자 (조정자) | B68: =1-B67 | C68: 자동 계산 (1 - 1차 가중치). 조정자(부서장·임원) 가중치.

Sheet 03_전사업적평가
A1: 전사 업적 평가 (전사 KPI)
A2: 전사 KPI 달성도 → 성과급 가산 계수로 활용 (10_성과급관리에서 자동 참조)
A5: No. | B5: KPI | C5: 측정방법 | D5: 가중치 | E5: 목표 | F5: S 기준 | G5: A 기준 | H5: B 기준 | I5: C 기준 | J5: D 기준 | K5: 실적
A6: 1 | B6: 영업이익률 | C6: 영업이익 ÷ 매출액 × 100 | D6: 0.4 | E6: 0.12 | F6: 0.15 | G6: 0.12 | H6: 0.1 | I6: 0.08 | J6: 0.06
A7: 2 | B7: 매출 성장률 | C7: (금년-전년)/전년 × 100 | D7: 0.35 | E7: 0.07 | F7: 0.08 | G7: 0.07 | H7: 0.06 | I7: 0.05 | J7: 0.04
A8: 3 | B8: 프로젝트 납기·품질 준수율 | C8: 납기·품질 충족 ÷ 총 프로젝트 × 100 | D8: 0.25 | E8: 0.92 | F8: 0.93 | G8: 0.92 | H8: 0.91 | I8: 0.9 | J8: 0.89
A10: ■ 전사 KPI 종합
A11: 전사 종합 등급 | B11: =IFERROR(IF(COUNTBLANK(K6:K8)>0,"",IF(SUMPRODUCT(D6:D8,(K6:K8>=F6:F8)*1)>=0.8,"S",IF(SUMPRODUCT(D6:D8,(K6:K8>=G6:G8)*1)>=0.8,"A",IF(SUMPRODUCT(D6:D8,(K6:K8>=H6:H8)*1)>=0.8,"B",IF(SUMPRODUCT(D6:D8,(K6:K8>=I6:I8)*1)>=0.8,"C","D"))))),"-") | C11: 실적 입력 후 자동 산출. 10_성과급관리의 KPI 가산계수로 활용.

Sheet 04_역할평가
A1: 역할평가 (자동 산출)
A2: 07a/07b의 1·2차 평가자 종합 등급 → 02_의사결정의 평가자 가중치 자동 적용 → 확정 등급
A4: ■ 상반기 역할평가 (50명까지)
A5: No. | B5: 사번 | C5: 성명 | D5: 직무 | E5: 역할등급 | F5: 1차 | G5: 2차 | H5: 가중평균(점수) | I5: 확정등급
A6: =IF('01_인적정보'!B6="","",'01_인적정보'!A6) | B6: =IF('01_인적정보'!B6="","",'01_인적정보'!B6) | C6: =IF('01_인적정보'!B6="","",'01_인적정보'!C6) | D6: =IF('01_인적정보'!B6="","",'01_인적정보'!E6) | E6: =IF('01_인적정보'!B6="","",'01_인적정보'!H6) | F6: =IF('01_인적정보'!B6="","",'07a_상반기입력'!G6) | G6: =IF('01_인적정보'!B6="","",'07a_상반기입력'!H6) | H6: =IFERROR(IF(AND(F6<>"",G6<>""),'02_의사결정·종합결과'!$B$67*IFERROR(CHOOSE(FIND(F6,"DCBAS"),1,2,3,4,5),0)+'02_의사결정·종합결과'!$B$68*IFERROR(CHOOSE(FIND(G6,"DCBAS"),1,2,3,4,5),0),IF(F6<>"",IFERROR(CHOOSE(FIND(F6,"DCBAS"),1,2,3,4,5),0),IF(G6<>"",IFERROR(CHOOSE(FIND(G6,"DCBAS"),1,2,3,4,5),0),""))),"") | I6: =IF(H6="","",IF(H6>=4.5,"S",IF(H6>=3.5,"A",IF(H6>=2.5,"B",IF(H6>=1.5,"C","D")))))
A7: =IF('01_인적정보'!B7="","",'01_인적정보'!A7) | B7: =IF('01_인적정보'!B7="","",'01_인적정보'!B7) | C7: =IF('01_인적정보'!B7="","",'01_인적정보'!C7) | D7: =IF('01_인적정보'!B7="","",'01_인적정보'!E7) | E7: =IF('01_인적정보'!B7="","",'01_인적정보'!H7) | F7: =IF('01_인적정보'!B7="","",'07a_상반기입력'!G7) | G7: =IF('01_인적정보'!B7="","",'07a_상반기입력'!H7) | H7: =IFERROR(IF(AND(F7<>"",G7<>""),'02_의사결정·종합결과'!$B$67*IFERROR(CHOOSE(FIND(F7,"DCBAS"),1,2,3,4,5),0)+'02_의사결정·종합결과'!$B$68*IFERROR(CHOOSE(FIND(G7,"DCBAS"),1,2,3,4,5),0),IF(F7<>"",IFERROR(CHOOSE(FIND(F7,"DCBAS"),1,2,3,4,5),0),IF(G7<>"",IFERROR(CHOOSE(FIND(G7,"DCBAS"),1,2,3,4,5),0),""))),"") | I7: =IF(H7="","",IF(H7>=4.5,"S",IF(H7>=3.5,"A",IF(H7>=2.5,"B",IF(H7>=1.5,"C","D")))))
A8: =IF('01_인적정보'!B8="","",'01_인적정보'!A8) | B8: =IF('01_인적정보'!B8="","",'01_인적정보'!B8) | C8: =IF('01_인적정보'!B8="","",'01_인적정보'!C8) | D8: =IF('01_인적정보'!B8="","",'01_인적정보'!E8) | E8: =IF('01_인적정보'!B8="","",'01_인적정보'!H8) | F8: =IF('01_인적정보'!B8="","",'07a_상반기입력'!G8) | G8: =IF('01_인적정보'!B8="","",'07a_상반기입력'!H8) | H8: =IFERROR(IF(AND(F8<>"",G8<>""),'02_의사결정·종합결과'!$B$67*IFERROR(CHOOSE(FIND(F8,"DCBAS"),1,2,3,4,5),0)+'02_의사결정·종합결과'!$B$68*IFERROR(CHOOSE(FIND(G8,"DCBAS"),1,2,3,4,5),0),IF(F8<>"",IFERROR(CHOOSE(FIND(F8,"DCBAS"),1,2,3,4,5),0),IF(G8<>"",IFERROR(CHOOSE(FIND(G8,"DCBAS"),1,2,3,4,5),0),""))),"") | I8: =IF(H8="","",IF(H8>=4.5,"S",IF(H8>=3.5,"A",IF(H8>=2.5,"B",IF(H8>=1.5,"C","D")))))
A9: =IF('01_인적정보'!B9="","",'01_인적정보'!A9) | B9: =IF('01_인적정보'!B9="","",'01_인적정보'!B9) | C9: =IF('01_인적정보'!B9="","",'01_인적정보'!C9) | D9: =IF('01_인적정보'!B9="","",'01_인적정보'!E9) | E9: =IF('01_인적정보'!B9="","",'01_인적정보'!H9) | F9: =IF('01_인적정보'!B9="","",'07a_상반기입력'!G9) | G9: =IF('01_인적정보'!B9="","",'07a_상반기입력'!H9) | H9: =IFERROR(IF(AND(F9<>"",G9<>""),'02_의사결정·종합결과'!$B$67*IFERROR(CHOOSE(FIND(F9,"DCBAS"),1,2,3,4,5),0)+'02_의사결정·종합결과'!$B$68*IFERROR(CHOOSE(FIND(G9,"DCBAS"),1,2,3,4,5),0),IF(F9<>"",IFERROR(CHOOSE(FIND(F9,"DCBAS"),1,2,3,4,5),0),IF(G9<>"",IFERROR(CHOOSE(FIND(G9,"DCBAS"),1,2,3,4,5),0),""))),"") | I9: =IF(H9="","",IF(H9>=4.5,"S",IF(H9>=3.5,"A",IF(H9>=2.5,"B",IF(H9>=1.5,"C","D")))))
A10: =IF('01_인적정보'!B10="","",'01_인적정보'!A10) | B10: =IF('01_인적정보'!B10="","",'01_인적정보'!B10) | C10: =IF('01_인적정보'!B10="","",'01_인적정보'!C10) | D10: =IF('01_인적정보'!B10="","",'01_인적정보'!E10) | E10: =IF('01_인적정보'!B10="","",'01_인적정보'!H10) | F10: =IF('01_인적정보'!B10="","",'07a_상반기입력'!G10) | G10: =IF('01_인적정보'!B10="","",'07a_상반기입력'!H10) | H10: =IFERROR(IF(AND(F10<>"",G10<>""),'02_의사결정·종합결과'!$B$67*IFERROR(CHOOSE(FIND(F10,"DCBAS"),1,2,3,4,5),0)+'02_의사결정·종합결과'!$B$68*IFERROR(CHOOSE(FIND(G10,"DCBAS"),1,2,3,4,5),0),IF(F10<>"",IFERROR(CHOOSE(FIND(F10,"DCBAS"),1,2,3,4,5),0),IF(G10<>"",IFERROR(CHOOSE(FIND(G10,"DCBAS"),1,2,3,4,5),0),""))),"") | I10: =IF(H10="","",IF(H10>=4.5,"S",IF(H10>=3.5,"A",IF(H10>=2.5,"B",IF(H10>=1.5,"C","D")))))
A11: =IF('01_인적정보'!B11="","",'01_인적정보'!A11) | B11: =IF('01_인적정보'!B11="","",'01_인적정보'!B11) | C11: =IF('01_인적정보'!B11="","",'01_인적정보'!C11) | D11: =IF('01_인적정보'!B11="","",'01_인적정보'!E11) | E11: =IF('01_인적정보'!B11="","",'01_인적정보'!H11) | F11: =IF('01_인적정보'!B11="","",'07a_상반기입력'!G11) | G11: =IF('01_인적정보'!B11="","",'07a_상반기입력'!H11) | H11: =IFERROR(IF(AND(F11<>"",G11<>""),'02_의사결정·종합결과'!$B$67*IFERROR(CHOOSE(FIND(F11,"DCBAS"),1,2,3,4,5),0)+'02_의사결정·종합결과'!$B$68*IFERROR(CHOOSE(FIND(G11,"DCBAS"),1,2,3,4,5),0),IF(F11<>"",IFERROR(CHOOSE(FIND(F11,"DCBAS"),1,2,3,4,5),0),IF(G11<>"",IFERROR(CHOOSE(FIND(G11,"DCBAS"),1,2,3,4,5),0),""))),"") | I11: =IF(H11="","",IF(H11>=4.5,"S",IF(H11>=3.5,"A",IF(H11>=2.5,"B",IF(H11>=1.5,"C","D")))))
A12: =IF('01_인적정보'!B12="","",'01_인적정보'!A12) | B12: =IF('01_인적정보'!B12="","",'01_인적정보'!B12) | C12: =IF('01_인적정보'!B12="","",'01_인적정보'!C12) | D12: =IF('01_인적정보'!B12="","",'01_인적정보'!E12) | E12: =IF('01_인적정보'!B12="","",'01_인적정보'!H12) | F12: =IF('01_인적정보'!B12="","",'07a_상반기입력'!G12) | G12: =IF('01_인적정보'!B12="","",'07a_상반기입력'!H12) | H12: =IFERROR(IF(AND(F12<>"",G12<>""),'02_의사결정·종합결과'!$B$67*IFERROR(CHOOSE(FIND(F12,"DCBAS"),1,2,3,4,5),0)+'02_의사결정·종합결과'!$B$68*IFERROR(CHOOSE(FIND(G12,"DCBAS"),1,2,3,4,5),0),IF(F12<>"",IFERROR(CHOOSE(FIND(F12,"DCBAS"),1,2,3,4,5),0),IF(G12<>"",IFERROR(CHOOSE(FIND(G12,"DCBAS"),1,2,3,4,5),0),""))),"") | I12: =IF(H12="","",IF(H12>=4.5,"S",IF(H12>=3.5,"A",IF(H12>=2.5,"B",IF(H12>=1.5,"C","D")))))
A13: =IF('01_인적정보'!B13="","",'01_인적정보'!A13) | B13: =IF('01_인적정보'!B13="","",'01_인적정보'!B13) | C13: =IF('01_인적정보'!B13="","",'01_인적정보'!C13) | D13: =IF('01_인적정보'!B13="","",'01_인적정보'!E13) | E13: =IF('01_인적정보'!B13="","",'01_인적정보'!H13) | F13: =IF('01_인적정보'!B13="","",'07a_상반기입력'!G13) | G13: =IF('01_인적정보'!B13="","",'07a_상반기입력'!H13) | H13: =IFERROR(IF(AND(F13<>"",G13<>""),'02_의사결정·종합결과'!$B$67*IFERROR(CHOOSE(FIND(F13,"DCBAS"),1,2,3,4,5),0)+'02_의사결정·종합결과'!$B$68*IFERROR(CHOOSE(FIND(G13,"DCBAS"),1,2,3,4,5),0),IF(F13<>"",IFERROR(CHOOSE(FIND(F13,"DCBAS"),1,2,3,4,5),0),IF(G13<>"",IFERROR(CHOOSE(FIND(G13,"DCBAS"),1,2,3,4,5),0),""))),"") | I13: =IF(H13="","",IF(H13>=4.5,"S",IF(H13>=3.5,"A",IF(H13>=2.5,"B",IF(H13>=1.5,"C","D")))))
A14: =IF('01_인적정보'!B14="","",'01_인적정보'!A14) | B14: =IF('01_인적정보'!B14="","",'01_인적정보'!B14) | C14: =IF('01_인적정보'!B14="","",'01_인적정보'!C14) | D14: =IF('01_인적정보'!B14="","",'01_인적정보'!E14) | E14: =IF('01_인적정보'!B14="","",'01_인적정보'!H14) | F14: =IF('01_인적정보'!B14="","",'07a_상반기입력'!G14) | G14: =IF('01_인적정보'!B14="","",'07a_상반기입력'!H14) | H14: =IFERROR(IF(AND(F14<>"",G14<>""),'02_의사결정·종합결과'!$B$67*IFERROR(CHOOSE(FIND(F14,"DCBAS"),1,2,3,4,5),0)+'02_의사결정·종합결과'!$B$68*IFERROR(CHOOSE(FIND(G14,"DCBAS"),1,2,3,4,5),0),IF(F14<>"",IFERROR(CHOOSE(FIND(F14,"DCBAS"),1,2,3,4,5),0),IF(G14<>"",IFERROR(CHOOSE(FIND(G14,"DCBAS"),1,2,3,4,5),0),""))),"") | I14: =IF(H14="","",IF(H14>=4.5,"S",IF(H14>=3.5,"A",IF(H14>=2.5,"B",IF(H14>=1.5,"C","D")))))
A15: =IF('01_인적정보'!B15="","",'01_인적정보'!A15) | B15: =IF('01_인적정보'!B15="","",'01_인적정보'!B15) | C15: =IF('01_인적정보'!B15="","",'01_인적정보'!C15) | D15: =IF('01_인적정보'!B15="","",'01_인적정보'!E15) | E15: =IF('01_인적정보'!B15="","",'01_인적정보'!H15) | F15: =IF('01_인적정보'!B15="","",'07a_상반기입력'!G15) | G15: =IF('01_인적정보'!B15="","",'07a_상반기입력'!H15) | H15: =IFERROR(IF(AND(F15<>"",G15<>""),'02_의사결정·종합결과'!$B$67*IFERROR(CHOOSE(FIND(F15,"DCBAS"),1,2,3,4,5),0)+'02_의사결정·종합결과'!$B$68*IFERROR(CHOOSE(FIND(G15,"DCBAS"),1,2,3,4,5),0),IF(F15<>"",IFERROR(CHOOSE(FIND(F15,"DCBAS"),1,2,3,4,5),0),IF(G15<>"",IFERROR(CHOOSE(FIND(G15,"DCBAS"),1,2,3,4,5),0),""))),"") | I15: =IF(H15="","",IF(H15>=4.5,"S",IF(H15>=3.5,"A",IF(H15>=2.5,"B",IF(H15>=1.5,"C","D")))))
A16: =IF('01_인적정보'!B16="","",'01_인적정보'!A16) | B16: =IF('01_인적정보'!B16="","",'01_인적정보'!B16) | C16: =IF('01_인적정보'!B16="","",'01_인적정보'!C16) | D16: =IF('01_인적정보'!B16="","",'01_인적정보'!E16) | E16: =IF('01_인적정보'!B16="","",'01_인적정보'!H16) | F16: =IF('01_인적정보'!B16="","",'07a_상반기입력'!G16) | G16: =IF('01_인적정보'!B16="","",'07a_상반기입력'!H16) | H16: =IFERROR(IF(AND(F16<>"",G16<>""),'02_의사결정·종합결과'!$B$67*IFERROR(CHOOSE(FIND(F16,"DCBAS"),1,2,3,4,5),0)+'02_의사결정·종합결과'!$B$68*IFERROR(CHOOSE(FIND(G16,"DCBAS"),1,2,3,4,5),0),IF(F16<>"",IFERROR(CHOOSE(FIND(F16,"DCBAS"),1,2,3,4,5),0),IF(G16<>"",IFERROR(CHOOSE(FIND(G16,"DCBAS"),1,2,3,4,5),0),""))),"") | I16: =IF(H16="","",IF(H16>=4.5,"S",IF(H16>=3.5,"A",IF(H16>=2.5,"B",IF(H16>=1.5,"C","D")))))
A17: =IF('01_인적정보'!B17="","",'01_인적정보'!A17) | B17: =IF('01_인적정보'!B17="","",'01_인적정보'!B17) | C17: =IF('01_인적정보'!B17="","",'01_인적정보'!C17) | D17: =IF('01_인적정보'!B17="","",'01_인적정보'!E17) | E17: =IF('01_인적정보'!B17="","",'01_인적정보'!H17) | F17: =IF('01_인적정보'!B17="","",'07a_상반기입력'!G17) | G17: =IF('01_인적정보'!B17="","",'07a_상반기입력'!H17) | H17: =IFERROR(IF(AND(F17<>"",G17<>""),'02_의사결정·종합결과'!$B$67*IFERROR(CHOOSE(FIND(F17,"DCBAS"),1,2,3,4,5),0)+'02_의사결정·종합결과'!$B$68*IFERROR(CHOOSE(FIND(G17,"DCBAS"),1,2,3,4,5),0),IF(F17<>"",IFERROR(CHOOSE(FIND(F17,"DCBAS"),1,2,3,4,5),0),IF(G17<>"",IFERROR(CHOOSE(FIND(G17,"DCBAS"),1,2,3,4,5),0),""))),"") | I17: =IF(H17="","",IF(H17>=4.5,"S",IF(H17>=3.5,"A",IF(H17>=2.5,"B",IF(H17>=1.5,"C","D")))))
... A55: =IF('01_인적정보'!B55="","",'01_인적정보'!A55) | B55: =IF('01_인적정보'!B55="","",'01_인적정보'!B55) | C55: =IF('01_인적정보'!B55="","",'01_인적정보'!C55) | D55: =IF('01_인적정보'!B55="","",'01_인적정보'!E55) | E55: =IF('01_인적정보'!B55="","",'01_인적정보'!H55) | F55: =IF('01_인적정보'!B55="","",'07a_상반기입력'!G55) | G55: =IF('01_인적정보'!B55="","",'07a_상반기입력'!H55) | H55: =IFERROR(IF(AND(F55<>"",G55<>""),'02_의사결정·종합결과'!$B$67*IFERROR(CHOOSE(FIND(F55,"DCBAS"),1,2,3,4,5),0)+'02_의사결정·종합결과'!$B$68*IFERROR(CHOOSE(FIND(G55,"DCBAS"),1,2,3,4,5),0),IF(F55<>"",IFERROR(CHOOSE(FIND(F55,"DCBAS"),1,2,3,4,5),0),IF(G55<>"",IFERROR(CHOOSE(FIND(G55,"DCBAS"),1,2,3,4,5),0),""))),"") | I55: =IF(H55="","",IF(H55>=4.5,"S",IF(H55>=3.5,"A",IF(H55>=2.5,"B",IF(H55>=1.5,"C","D")))))
A62: ■ 하반기 역할평가 (50명까지)
A63: No. | B63: 사번 | C63: 성명 | D63: 직무 | E63: 역할등급 | F63: 1차 | G63: 2차 | H63: 가중평균(점수) | I63: 확정등급
A64: =IF('01_인적정보'!B6="","",'01_인적정보'!A6) | B64: =IF('01_인적정보'!B6="","",'01_인적정보'!B6) | C64: =IF('01_인적정보'!B6="","",'01_인적정보'!C6) | D64: =IF('01_인적정보'!B6="","",'01_인적정보'!E6) | E64: =IF('01_인적정보'!B6="","",'01_인적정보'!H6) | F64: =IF('01_인적정보'!B6="","",'07b_하반기입력'!G6) | G64: =IF('01_인적정보'!B6="","",'07b_하반기입력'!H6) | H64: =IFERROR(IF(AND(F64<>"",G64<>""),'02_의사결정·종합결과'!$B$67*IFERROR(CHOOSE(FIND(F64,"DCBAS"),1,2,3,4,5),0)+'02_의사결정·종합결과'!$B$68*IFERROR(CHOOSE(FIND(G64,"DCBAS"),1,2,3,4,5),0),IF(F64<>"",IFERROR(CHOOSE(FIND(F64,"DCBAS"),1,2,3,4,5),0),IF(G64<>"",IFERROR(CHOOSE(FIND(G64,"DCBAS"),1,2,3,4,5),0),""))),"") | I64: =IF(H64="","",IF(H64>=4.5,"S",IF(H64>=3.5,"A",IF(H64>=2.5,"B",IF(H64>=1.5,"C","D")))))
A65: =IF('01_인적정보'!B7="","",'01_인적정보'!A7) | B65: =IF('01_인적정보'!B7="","",'01_인적정보'!B7) | C65: =IF('01_인적정보'!B7="","",'01_인적정보'!C7) | D65: =IF('01_인적정보'!B7="","",'01_인적정보'!E7) | E65: =IF('01_인적정보'!B7="","",'01_인적정보'!H7) | F65: =IF('01_인적정보'!B7="","",'07b_하반기입력'!G7) | G65: =IF('01_인적정보'!B7="","",'07b_하반기입력'!H7) | H65: =IFERROR(IF(AND(F65<>"",G65<>""),'02_의사결정·종합결과'!$B$67*IFERROR(CHOOSE(FIND(F65,"DCBAS"),1,2,3,4,5),0)+'02_의사결정·종합결과'!$B$68*IFERROR(CHOOSE(FIND(G65,"DCBAS"),1,2,3,4,5),0),IF(F65<>"",IFERROR(CHOOSE(FIND(F65,"DCBAS"),1,2,3,4,5),0),IF(G65<>"",IFERROR(CHOOSE(FIND(G65,"DCBAS"),1,2,3,4,5),0),""))),"") | I65: =IF(H65="","",IF(H65>=4.5,"S",IF(H65>=3.5,"A",IF(H65>=2.5,"B",IF(H65>=1.5,"C","D")))))
A66: =IF('01_인적정보'!B8="","",'01_인적정보'!A8) | B66: =IF('01_인적정보'!B8="","",'01_인적정보'!B8) | C66: =IF('01_인적정보'!B8="","",'01_인적정보'!C8) | D66: =IF('01_인적정보'!B8="","",'01_인적정보'!E8) | E66: =IF('01_인적정보'!B8="","",'01_인적정보'!H8) | F66: =IF('01_인적정보'!B8="","",'07b_하반기입력'!G8) | G66: =IF('01_인적정보'!B8="","",'07b_하반기입력'!H8) | H66: =IFERROR(IF(AND(F66<>"",G66<>""),'02_의사결정·종합결과'!$B$67*IFERROR(CHOOSE(FIND(F66,"DCBAS"),1,2,3,4,5),0)+'02_의사결정·종합결과'!$B$68*IFERROR(CHOOSE(FIND(G66,"DCBAS"),1,2,3,4,5),0),IF(F66<>"",IFERROR(CHOOSE(FIND(F66,"DCBAS"),1,2,3,4,5),0),IF(G66<>"",IFERROR(CHOOSE(FIND(G66,"DCBAS"),1,2,3,4,5),0),""))),"") | I66: =IF(H66="","",IF(H66>=4.5,"S",IF(H66>=3.5,"A",IF(H66>=2.5,"B",IF(H66>=1.5,"C","D")))))
A67: =IF('01_인적정보'!B9="","",'01_인적정보'!A9) | B67: =IF('01_인적정보'!B9="","",'01_인적정보'!B9) | C67: =IF('01_인적정보'!B9="","",'01_인적정보'!C9) | D67: =IF('01_인적정보'!B9="","",'01_인적정보'!E9) | E67: =IF('01_인적정보'!B9="","",'01_인적정보'!H9) | F67: =IF('01_인적정보'!B9="","",'07b_하반기입력'!G9) | G67: =IF('01_인적정보'!B9="","",'07b_하반기입력'!H9) | H67: =IFERROR(IF(AND(F67<>"",G67<>""),'02_의사결정·종합결과'!$B$67*IFERROR(CHOOSE(FIND(F67,"DCBAS"),1,2,3,4,5),0)+'02_의사결정·종합결과'!$B$68*IFERROR(CHOOSE(FIND(G67,"DCBAS"),1,2,3,4,5),0),IF(F67<>"",IFERROR(CHOOSE(FIND(F67,"DCBAS"),1,2,3,4,5),0),IF(G67<>"",IFERROR(CHOOSE(FIND(G67,"DCBAS"),1,2,3,4,5),0),""))),"") | I67: =IF(H67="","",IF(H67>=4.5,"S",IF(H67>=3.5,"A",IF(H67>=2.5,"B",IF(H67>=1.5,"C","D")))))
A68: =IF('01_인적정보'!B10="","",'01_인적정보'!A10) | B68: =IF('01_인적정보'!B10="","",'01_인적정보'!B10) | C68: =IF('01_인적정보'!B10="","",'01_인적정보'!C10) | D68: =IF('01_인적정보'!B10="","",'01_인적정보'!E10) | E68: =IF('01_인적정보'!B10="","",'01_인적정보'!H10) | F68: =IF('01_인적정보'!B10="","",'07b_하반기입력'!G10) | G68: =IF('01_인적정보'!B10="","",'07b_하반기입력'!H10) | H68: =IFERROR(IF(AND(F68<>"",G68<>""),'02_의사결정·종합결과'!$B$67*IFERROR(CHOOSE(FIND(F68,"DCBAS"),1,2,3,4,5),0)+'02_의사결정·종합결과'!$B$68*IFERROR(CHOOSE(FIND(G68,"DCBAS"),1,2,3,4,5),0),IF(F68<>"",IFERROR(CHOOSE(FIND(F68,"DCBAS"),1,2,3,4,5),0),IF(G68<>"",IFERROR(CHOOSE(FIND(G68,"DCBAS"),1,2,3,4,5),0),""))),"") | I68: =IF(H68="","",IF(H68>=4.5,"S",IF(H68>=3.5,"A",IF(H68>=2.5,"B",IF(H68>=1.5,"C","D")))))
A69: =IF('01_인적정보'!B11="","",'01_인적정보'!A11) | B69: =IF('01_인적정보'!B11="","",'01_인적정보'!B11) | C69: =IF('01_인적정보'!B11="","",'01_인적정보'!C11) | D69: =IF('01_인적정보'!B11="","",'01_인적정보'!E11) | E69: =IF('01_인적정보'!B11="","",'01_인적정보'!H11) | F69: =IF('01_인적정보'!B11="","",'07b_하반기입력'!G11) | G69: =IF('01_인적정보'!B11="","",'07b_하반기입력'!H11) | H69: =IFERROR(IF(AND(F69<>"",G69<>""),'02_의사결정·종합결과'!$B$67*IFERROR(CHOOSE(FIND(F69,"DCBAS"),1,2,3,4,5),0)+'02_의사결정·종합결과'!$B$68*IFERROR(CHOOSE(FIND(G69,"DCBAS"),1,2,3,4,5),0),IF(F69<>"",IFERROR(CHOOSE(FIND(F69,"DCBAS"),1,2,3,4,5),0),IF(G69<>"",IFERROR(CHOOSE(FIND(G69,"DCBAS"),1,2,3,4,5),0),""))),"") | I69: =IF(H69="","",IF(H69>=4.5,"S",IF(H69>=3.5,"A",IF(H69>=2.5,"B",IF(H69>=1.5,"C","D")))))
A70: =IF('01_인적정보'!B12="","",'01_인적정보'!A12) | B70: =IF('01_인적정보'!B12="","",'01_인적정보'!B12) | C70: =IF('01_인적정보'!B12="","",'01_인적정보'!C12) | D70: =IF('01_인적정보'!B12="","",'01_인적정보'!E12) | E70: =IF('01_인적정보'!B12="","",'01_인적정보'!H12) | F70: =IF('01_인적정보'!B12="","",'07b_하반기입력'!G12) | G70: =IF('01_인적정보'!B12="","",'07b_하반기입력'!H12) | H70: =IFERROR(IF(AND(F70<>"",G70<>""),'02_의사결정·종합결과'!$B$67*IFERROR(CHOOSE(FIND(F70,"DCBAS"),1,2,3,4,5),0)+'02_의사결정·종합결과'!$B$68*IFERROR(CHOOSE(FIND(G70,"DCBAS"),1,2,3,4,5),0),IF(F70<>"",IFERROR(CHOOSE(FIND(F70,"DCBAS"),1,2,3,4,5),0),IF(G70<>"",IFERROR(CHOOSE(FIND(G70,"DCBAS"),1,2,3,4,5),0),""))),"") | I70: =IF(H70="","",IF(H70>=4.5,"S",IF(H70>=3.5,"A",IF(H70>=2.5,"B",IF(H70>=1.5,"C","D")))))
A71: =IF('01_인적정보'!B13="","",'01_인적정보'!A13) | B71: =IF('01_인적정보'!B13="","",'01_인적정보'!B13) | C71: =IF('01_인적정보'!B13="","",'01_인적정보'!C13) | D71: =IF('01_인적정보'!B13="","",'01_인적정보'!E13) | E71: =IF('01_인적정보'!B13="","",'01_인적정보'!H13) | F71: =IF('01_인적정보'!B13="","",'07b_하반기입력'!G13) | G71: =IF('01_인적정보'!B13="","",'07b_하반기입력'!H13) | H71: =IFERROR(IF(AND(F71<>"",G71<>""),'02_의사결정·종합결과'!$B$67*IFERROR(CHOOSE(FIND(F71,"DCBAS"),1,2,3,4,5),0)+'02_의사결정·종합결과'!$B$68*IFERROR(CHOOSE(FIND(G71,"DCBAS"),1,2,3,4,5),0),IF(F71<>"",IFERROR(CHOOSE(FIND(F71,"DCBAS"),1,2,3,4,5),0),IF(G71<>"",IFERROR(CHOOSE(FIND(G71,"DCBAS"),1,2,3,4,5),0),""))),"") | I71: =IF(H71="","",IF(H71>=4.5,"S",IF(H71>=3.5,"A",IF(H71>=2.5,"B",IF(H71>=1.5,"C","D")))))
A72: =IF('01_인적정보'!B14="","",'01_인적정보'!A14) | B72: =IF('01_인적정보'!B14="","",'01_인적정보'!B14) | C72: =IF('01_인적정보'!B14="","",'01_인적정보'!C14) | D72: =IF('01_인적정보'!B14="","",'01_인적정보'!E14) | E72: =IF('01_인적정보'!B14="","",'01_인적정보'!H14) | F72: =IF('01_인적정보'!B14="","",'07b_하반기입력'!G14) | G72: =IF('01_인적정보'!B14="","",'07b_하반기입력'!H14) | H72: =IFERROR(IF(AND(F72<>"",G72<>""),'02_의사결정·종합결과'!$B$67*IFERROR(CHOOSE(FIND(F72,"DCBAS"),1,2,3,4,5),0)+'02_의사결정·종합결과'!$B$68*IFERROR(CHOOSE(FIND(G72,"DCBAS"),1,2,3,4,5),0),IF(F72<>"",IFERROR(CHOOSE(FIND(F72,"DCBAS"),1,2,3,4,5),0),IF(G72<>"",IFERROR(CHOOSE(FIND(G72,"DCBAS"),1,2,3,4,5),0),""))),"") | I72: =IF(H72="","",IF(H72>=4.5,"S",IF(H72>=3.5,"A",IF(H72>=2.5,"B",IF(H72>=1.5,"C","D")))))
A73: =IF('01_인적정보'!B15="","",'01_인적정보'!A15) | B73: =IF('01_인적정보'!B15="","",'01_인적정보'!B15) | C73: =IF('01_인적정보'!B15="","",'01_인적정보'!C15) | D73: =IF('01_인적정보'!B15="","",'01_인적정보'!E15) | E73: =IF('01_인적정보'!B15="","",'01_인적정보'!H15) | F73: =IF('01_인적정보'!B15="","",'07b_하반기입력'!G15) | G73: =IF('01_인적정보'!B15="","",'07b_하반기입력'!H15) | H73: =IFERROR(IF(AND(F73<>"",G73<>""),'02_의사결정·종합결과'!$B$67*IFERROR(CHOOSE(FIND(F73,"DCBAS"),1,2,3,4,5),0)+'02_의사결정·종합결과'!$B$68*IFERROR(CHOOSE(FIND(G73,"DCBAS"),1,2,3,4,5),0),IF(F73<>"",IFERROR(CHOOSE(FIND(F73,"DCBAS"),1,2,3,4,5),0),IF(G73<>"",IFERROR(CHOOSE(FIND(G73,"DCBAS"),1,2,3,4,5),0),""))),"") | I73: =IF(H73="","",IF(H73>=4.5,"S",IF(H73>=3.5,"A",IF(H73>=2.5,"B",IF(H73>=1.5,"C","D")))))
A74: =IF('01_인적정보'!B16="","",'01_인적정보'!A16) | B74: =IF('01_인적정보'!B16="","",'01_인적정보'!B16) | C74: =IF('01_인적정보'!B16="","",'01_인적정보'!C16) | D74: =IF('01_인적정보'!B16="","",'01_인적정보'!E16) | E74: =IF('01_인적정보'!B16="","",'01_인적정보'!H16) | F74: =IF('01_인적정보'!B16="","",'07b_하반기입력'!G16) | G74: =IF('01_인적정보'!B16="","",'07b_하반기입력'!H16) | H74: =IFERROR(IF(AND(F74<>"",G74<>""),'02_의사결정·종합결과'!$B$67*IFERROR(CHOOSE(FIND(F74,"DCBAS"),1,2,3,4,5),0)+'02_의사결정·종합결과'!$B$68*IFERROR(CHOOSE(FIND(G74,"DCBAS"),1,2,3,4,5),0),IF(F74<>"",IFERROR(CHOOSE(FIND(F74,"DCBAS"),1,2,3,4,5),0),IF(G74<>"",IFERROR(CHOOSE(FIND(G74,"DCBAS"),1,2,3,4,5),0),""))),"") | I74: =IF(H74="","",IF(H74>=4.5,"S",IF(H74>=3.5,"A",IF(H74>=2.5,"B",IF(H74>=1.5,"C","D")))))
A75: =IF('01_인적정보'!B17="","",'01_인적정보'!A17) | B75: =IF('01_인적정보'!B17="","",'01_인적정보'!B17) | C75: =IF('01_인적정보'!B17="","",'01_인적정보'!C17) | D75: =IF('01_인적정보'!B17="","",'01_인적정보'!E17) | E75: =IF('01_인적정보'!B17="","",'01_인적정보'!H17) | F75: =IF('01_인적정보'!B17="","",'07b_하반기입력'!G17) | G75: =IF('01_인적정보'!B17="","",'07b_하반기입력'!H17) | H75: =IFERROR(IF(AND(F75<>"",G75<>""),'02_의사결정·종합결과'!$B$67*IFERROR(CHOOSE(FIND(F75,"DCBAS"),1,2,3,4,5),0)+'02_의사결정·종합결과'!$B$68*IFERROR(CHOOSE(FIND(G75,"DCBAS"),1,2,3,4,5),0),IF(F75<>"",IFERROR(CHOOSE(FIND(F75,"DCBAS"),1,2,3,4,5),0),IF(G75<>"",IFERROR(CHOOSE(FIND(G75,"DCBAS"),1,2,3,4,5),0),""))),"") | I75: =IF(H75="","",IF(H75>=4.5,"S",IF(H75>=3.5,"A",IF(H75>=2.5,"B",IF(H75>=1.5,"C","D")))))
... A113: =IF('01_인적정보'!B55="","",'01_인적정보'!A55) | B113: =IF('01_인적정보'!B55="","",'01_인적정보'!B55) | C113: =IF('01_인적정보'!B55="","",'01_인적정보'!C55) | D113: =IF('01_인적정보'!B55="","",'01_인적정보'!E55) | E113: =IF('01_인적정보'!B55="","",'01_인적정보'!H55) | F113: =IF('01_인적정보'!B55="","",'07b_하반기입력'!G55) | G113: =IF('01_인적정보'!B55="","",'07b_하반기입력'!H55) | H113: =IFERROR(IF(AND(F113<>"",G113<>""),'02_의사결정·종합결과'!$B$67*IFERROR(CHOOSE(FIND(F113,"DCBAS"),1,2,3,4,5),0)+'02_의사결정·종합결과'!$B$68*IFERROR(CHOOSE(FIND(G113,"DCBAS"),1,2,3,4,5),0),IF(F113<>"",IFERROR(CHOOSE(FIND(F113,"DCBAS"),1,2,3,4,5),0),IF(G113<>"",IFERROR(CHOOSE(FIND(G113,"DCBAS"),1,2,3,4,5),0),""))),"") | I113: =IF(H113="","",IF(H113>=4.5,"S",IF(H113>=3.5,"A",IF(H113>=2.5,"B",IF(H113>=1.5,"C","D")))))

Sheet 05_공통역량평가
A1: 공통역량평가 (자동 산출)
A2: 07a/07b의 1·2차 공통역량 종합 등급 → 평가자 가중치 적용 → 확정 등급
A4: ■ 상반기 공통역량평가 (50명까지)
A5: No. | B5: 사번 | C5: 성명 | D5: 직무 | E5: 역할등급 | F5: 1차 | G5: 2차 | H5: 가중평균(점수) | I5: 확정등급
A6: =IF('01_인적정보'!B6="","",'01_인적정보'!A6) | B6: =IF('01_인적정보'!B6="","",'01_인적정보'!B6) | C6: =IF('01_인적정보'!B6="","",'01_인적정보'!C6) | D6: =IF('01_인적정보'!B6="","",'01_인적정보'!E6) | E6: =IF('01_인적정보'!B6="","",'01_인적정보'!H6) | F6: =IF('01_인적정보'!B6="","",'07a_상반기입력'!I6) | G6: =IF('01_인적정보'!B6="","",'07a_상반기입력'!J6) | H6: =IFERROR(IF(AND(F6<>"",G6<>""),'02_의사결정·종합결과'!$B$67*IFERROR(CHOOSE(FIND(F6,"DCBAS"),1,2,3,4,5),0)+'02_의사결정·종합결과'!$B$68*IFERROR(CHOOSE(FIND(G6,"DCBAS"),1,2,3,4,5),0),IF(F6<>"",IFERROR(CHOOSE(FIND(F6,"DCBAS"),1,2,3,4,5),0),IF(G6<>"",IFERROR(CHOOSE(FIND(G6,"DCBAS"),1,2,3,4,5),0),""))),"") | I6: =IF(H6="","",IF(H6>=4.5,"S",IF(H6>=3.5,"A",IF(H6>=2.5,"B",IF(H6>=1.5,"C","D")))))
A7: =IF('01_인적정보'!B7="","",'01_인적정보'!A7) | B7: =IF('01_인적정보'!B7="","",'01_인적정보'!B7) | C7: =IF('01_인적정보'!B7="","",'01_인적정보'!C7) | D7: =IF('01_인적정보'!B7="","",'01_인적정보'!E7) | E7: =IF('01_인적정보'!B7="","",'01_인적정보'!H7) | F7: =IF('01_인적정보'!B7="","",'07a_상반기입력'!I7) | G7: =IF('01_인적정보'!B7="","",'07a_상반기입력'!J7) | H7: =IFERROR(IF(AND(F7<>"",G7<>""),'02_의사결정·종합결과'!$B$67*IFERROR(CHOOSE(FIND(F7,"DCBAS"),1,2,3,4,5),0)+'02_의사결정·종합결과'!$B$68*IFERROR(CHOOSE(FIND(G7,"DCBAS"),1,2,3,4,5),0),IF(F7<>"",IFERROR(CHOOSE(FIND(F7,"DCBAS"),1,2,3,4,5),0),IF(G7<>"",IFERROR(CHOOSE(FIND(G7,"DCBAS"),1,2,3,4,5),0),""))),"") | I7: =IF(H7="","",IF(H7>=4.5,"S",IF(H7>=3.5,"A",IF(H7>=2.5,"B",IF(H7>=1.5,"C","D")))))
A8: =IF('01_인적정보'!B8="","",'01_인적정보'!A8) | B8: =IF('01_인적정보'!B8="","",'01_인적정보'!B8) | C8: =IF('01_인적정보'!B8="","",'01_인적정보'!C8) | D8: =IF('01_인적정보'!B8="","",'01_인적정보'!E8) | E8: =IF('01_인적정보'!B8="","",'01_인적정보'!H8) | F8: =IF('01_인적정보'!B8="","",'07a_상반기입력'!I8) | G8: =IF('01_인적정보'!B8="","",'07a_상반기입력'!J8) | H8: =IFERROR(IF(AND(F8<>"",G8<>""),'02_의사결정·종합결과'!$B$67*IFERROR(CHOOSE(FIND(F8,"DCBAS"),1,2,3,4,5),0)+'02_의사결정·종합결과'!$B$68*IFERROR(CHOOSE(FIND(G8,"DCBAS"),1,2,3,4,5),0),IF(F8<>"",IFERROR(CHOOSE(FIND(F8,"DCBAS"),1,2,3,4,5),0),IF(G8<>"",IFERROR(CHOOSE(FIND(G8,"DCBAS"),1,2,3,4,5),0),""))),"") | I8: =IF(H8="","",IF(H8>=4.5,"S",IF(H8>=3.5,"A",IF(H8>=2.5,"B",IF(H8>=1.5,"C","D")))))
A9: =IF('01_인적정보'!B9="","",'01_인적정보'!A9) | B9: =IF('01_인적정보'!B9="","",'01_인적정보'!B9) | C9: =IF('01_인적정보'!B9="","",'01_인적정보'!C9) | D9: =IF('01_인적정보'!B9="","",'01_인적정보'!E9) | E9: =IF('01_인적정보'!B9="","",'01_인적정보'!H9) | F9: =IF('01_인적정보'!B9="","",'07a_상반기입력'!I9) | G9: =IF('01_인적정보'!B9="","",'07a_상반기입력'!J9) | H9: =IFERROR(IF(AND(F9<>"",G9<>""),'02_의사결정·종합결과'!$B$67*IFERROR(CHOOSE(FIND(F9,"DCBAS"),1,2,3,4,5),0)+'02_의사결정·종합결과'!$B$68*IFERROR(CHOOSE(FIND(G9,"DCBAS"),1,2,3,4,5),0),IF(F9<>"",IFERROR(CHOOSE(FIND(F9,"DCBAS"),1,2,3,4,5),0),IF(G9<>"",IFERROR(CHOOSE(FIND(G9,"DCBAS"),1,2,3,4,5),0),""))),"") | I9: =IF(H9="","",IF(H9>=4.5,"S",IF(H9>=3.5,"A",IF(H9>=2.5,"B",IF(H9>=1.5,"C","D")))))
A10: =IF('01_인적정보'!B10="","",'01_인적정보'!A10) | B10: =IF('01_인적정보'!B10="","",'01_인적정보'!B10) | C10: =IF('01_인적정보'!B10="","",'01_인적정보'!C10) | D10: =IF('01_인적정보'!B10="","",'01_인적정보'!E10) | E10: =IF('01_인적정보'!B10="","",'01_인적정보'!H10) | F10: =IF('01_인적정보'!B10="","",'07a_상반기입력'!I10) | G10: =IF('01_인적정보'!B10="","",'07a_상반기입력'!J10) | H10: =IFERROR(IF(AND(F10<>"",G10<>""),'02_의사결정·종합결과'!$B$67*IFERROR(CHOOSE(FIND(F10,"DCBAS"),1,2,3,4,5),0)+'02_의사결정·종합결과'!$B$68*IFERROR(CHOOSE(FIND(G10,"DCBAS"),1,2,3,4,5),0),IF(F10<>"",IFERROR(CHOOSE(FIND(F10,"DCBAS"),1,2,3,4,5),0),IF(G10<>"",IFERROR(CHOOSE(FIND(G10,"DCBAS"),1,2,3,4,5),0),""))),"") | I10: =IF(H10="","",IF(H10>=4.5,"S",IF(H10>=3.5,"A",IF(H10>=2.5,"B",IF(H10>=1.5,"C","D")))))
A11: =IF('01_인적정보'!B11="","",'01_인적정보'!A11) | B11: =IF('01_인적정보'!B11="","",'01_인적정보'!B11) | C11: =IF('01_인적정보'!B11="","",'01_인적정보'!C11) | D11: =IF('01_인적정보'!B11="","",'01_인적정보'!E11) | E11: =IF('01_인적정보'!B11="","",'01_인적정보'!H11) | F11: =IF('01_인적정보'!B11="","",'07a_상반기입력'!I11) | G11: =IF('01_인적정보'!B11="","",'07a_상반기입력'!J11) | H11: =IFERROR(IF(AND(F11<>"",G11<>""),'02_의사결정·종합결과'!$B$67*IFERROR(CHOOSE(FIND(F11,"DCBAS"),1,2,3,4,5),0)+'02_의사결정·종합결과'!$B$68*IFERROR(CHOOSE(FIND(G11,"DCBAS"),1,2,3,4,5),0),IF(F11<>"",IFERROR(CHOOSE(FIND(F11,"DCBAS"),1,2,3,4,5),0),IF(G11<>"",IFERROR(CHOOSE(FIND(G11,"DCBAS"),1,2,3,4,5),0),""))),"") | I11: =IF(H11="","",IF(H11>=4.5,"S",IF(H11>=3.5,"A",IF(H11>=2.5,"B",IF(H11>=1.5,"C","D")))))
A12: =IF('01_인적정보'!B12="","",'01_인적정보'!A12) | B12: =IF('01_인적정보'!B12="","",'01_인적정보'!B12) | C12: =IF('01_인적정보'!B12="","",'01_인적정보'!C12) | D12: =IF('01_인적정보'!B12="","",'01_인적정보'!E12) | E12: =IF('01_인적정보'!B12="","",'01_인적정보'!H12) | F12: =IF('01_인적정보'!B12="","",'07a_상반기입력'!I12) | G12: =IF('01_인적정보'!B12="","",'07a_상반기입력'!J12) | H12: =IFERROR(IF(AND(F12<>"",G12<>""),'02_의사결정·종합결과'!$B$67*IFERROR(CHOOSE(FIND(F12,"DCBAS"),1,2,3,4,5),0)+'02_의사결정·종합결과'!$B$68*IFERROR(CHOOSE(FIND(G12,"DCBAS"),1,2,3,4,5),0),IF(F12<>"",IFERROR(CHOOSE(FIND(F12,"DCBAS"),1,2,3,4,5),0),IF(G12<>"",IFERROR(CHOOSE(FIND(G12,"DCBAS"),1,2,3,4,5),0),""))),"") | I12: =IF(H12="","",IF(H12>=4.5,"S",IF(H12>=3.5,"A",IF(H12>=2.5,"B",IF(H12>=1.5,"C","D")))))
A13: =IF('01_인적정보'!B13="","",'01_인적정보'!A13) | B13: =IF('01_인적정보'!B13="","",'01_인적정보'!B13) | C13: =IF('01_인적정보'!B13="","",'01_인적정보'!C13) | D13: =IF('01_인적정보'!B13="","",'01_인적정보'!E13) | E13: =IF('01_인적정보'!B13="","",'01_인적정보'!H13) | F13: =IF('01_인적정보'!B13="","",'07a_상반기입력'!I13) | G13: =IF('01_인적정보'!B13="","",'07a_상반기입력'!J13) | H13: =IFERROR(IF(AND(F13<>"",G13<>""),'02_의사결정·종합결과'!$B$67*IFERROR(CHOOSE(FIND(F13,"DCBAS"),1,2,3,4,5),0)+'02_의사결정·종합결과'!$B$68*IFERROR(CHOOSE(FIND(G13,"DCBAS"),1,2,3,4,5),0),IF(F13<>"",IFERROR(CHOOSE(FIND(F13,"DCBAS"),1,2,3,4,5),0),IF(G13<>"",IFERROR(CHOOSE(FIND(G13,"DCBAS"),1,2,3,4,5),0),""))),"") | I13: =IF(H13="","",IF(H13>=4.5,"S",IF(H13>=3.5,"A",IF(H13>=2.5,"B",IF(H13>=1.5,"C","D")))))
A14: =IF('01_인적정보'!B14="","",'01_인적정보'!A14) | B14: =IF('01_인적정보'!B14="","",'01_인적정보'!B14) | C14: =IF('01_인적정보'!B14="","",'01_인적정보'!C14) | D14: =IF('01_인적정보'!B14="","",'01_인적정보'!E14) | E14: =IF('01_인적정보'!B14="","",'01_인적정보'!H14) | F14: =IF('01_인적정보'!B14="","",'07a_상반기입력'!I14) | G14: =IF('01_인적정보'!B14="","",'07a_상반기입력'!J14) | H14: =IFERROR(IF(AND(F14<>"",G14<>""),'02_의사결정·종합결과'!$B$67*IFERROR(CHOOSE(FIND(F14,"DCBAS"),1,2,3,4,5),0)+'02_의사결정·종합결과'!$B$68*IFERROR(CHOOSE(FIND(G14,"DCBAS"),1,2,3,4,5),0),IF(F14<>"",IFERROR(CHOOSE(FIND(F14,"DCBAS"),1,2,3,4,5),0),IF(G14<>"",IFERROR(CHOOSE(FIND(G14,"DCBAS"),1,2,3,4,5),0),""))),"") | I14: =IF(H14="","",IF(H14>=4.5,"S",IF(H14>=3.5,"A",IF(H14>=2.5,"B",IF(H14>=1.5,"C","D")))))
A15: =IF('01_인적정보'!B15="","",'01_인적정보'!A15) | B15: =IF('01_인적정보'!B15="","",'01_인적정보'!B15) | C15: =IF('01_인적정보'!B15="","",'01_인적정보'!C15) | D15: =IF('01_인적정보'!B15="","",'01_인적정보'!E15) | E15: =IF('01_인적정보'!B15="","",'01_인적정보'!H15) | F15: =IF('01_인적정보'!B15="","",'07a_상반기입력'!I15) | G15: =IF('01_인적정보'!B15="","",'07a_상반기입력'!J15) | H15: =IFERROR(IF(AND(F15<>"",G15<>""),'02_의사결정·종합결과'!$B$67*IFERROR(CHOOSE(FIND(F15,"DCBAS"),1,2,3,4,5),0)+'02_의사결정·종합결과'!$B$68*IFERROR(CHOOSE(FIND(G15,"DCBAS"),1,2,3,4,5),0),IF(F15<>"",IFERROR(CHOOSE(FIND(F15,"DCBAS"),1,2,3,4,5),0),IF(G15<>"",IFERROR(CHOOSE(FIND(G15,"DCBAS"),1,2,3,4,5),0),""))),"") | I15: =IF(H15="","",IF(H15>=4.5,"S",IF(H15>=3.5,"A",IF(H15>=2.5,"B",IF(H15>=1.5,"C","D")))))
A16: =IF('01_인적정보'!B16="","",'01_인적정보'!A16) | B16: =IF('01_인적정보'!B16="","",'01_인적정보'!B16) | C16: =IF('01_인적정보'!B16="","",'01_인적정보'!C16) | D16: =IF('01_인적정보'!B16="","",'01_인적정보'!E16) | E16: =IF('01_인적정보'!B16="","",'01_인적정보'!H16) | F16: =IF('01_인적정보'!B16="","",'07a_상반기입력'!I16) | G16: =IF('01_인적정보'!B16="","",'07a_상반기입력'!J16) | H16: =IFERROR(IF(AND(F16<>"",G16<>""),'02_의사결정·종합결과'!$B$67*IFERROR(CHOOSE(FIND(F16,"DCBAS"),1,2,3,4,5),0)+'02_의사결정·종합결과'!$B$68*IFERROR(CHOOSE(FIND(G16,"DCBAS"),1,2,3,4,5),0),IF(F16<>"",IFERROR(CHOOSE(FIND(F16,"DCBAS"),1,2,3,4,5),0),IF(G16<>"",IFERROR(CHOOSE(FIND(G16,"DCBAS"),1,2,3,4,5),0),""))),"") | I16: =IF(H16="","",IF(H16>=4.5,"S",IF(H16>=3.5,"A",IF(H16>=2.5,"B",IF(H16>=1.5,"C","D")))))
A17: =IF('01_인적정보'!B17="","",'01_인적정보'!A17) | B17: =IF('01_인적정보'!B17="","",'01_인적정보'!B17) | C17: =IF('01_인적정보'!B17="","",'01_인적정보'!C17) | D17: =IF('01_인적정보'!B17="","",'01_인적정보'!E17) | E17: =IF('01_인적정보'!B17="","",'01_인적정보'!H17) | F17: =IF('01_인적정보'!B17="","",'07a_상반기입력'!I17) | G17: =IF('01_인적정보'!B17="","",'07a_상반기입력'!J17) | H17: =IFERROR(IF(AND(F17<>"",G17<>""),'02_의사결정·종합결과'!$B$67*IFERROR(CHOOSE(FIND(F17,"DCBAS"),1,2,3,4,5),0)+'02_의사결정·종합결과'!$B$68*IFERROR(CHOOSE(FIND(G17,"DCBAS"),1,2,3,4,5),0),IF(F17<>"",IFERROR(CHOOSE(FIND(F17,"DCBAS"),1,2,3,4,5),0),IF(G17<>"",IFERROR(CHOOSE(FIND(G17,"DCBAS"),1,2,3,4,5),0),""))),"") | I17: =IF(H17="","",IF(H17>=4.5,"S",IF(H17>=3.5,"A",IF(H17>=2.5,"B",IF(H17>=1.5,"C","D")))))
... A55: =IF('01_인적정보'!B55="","",'01_인적정보'!A55) | B55: =IF('01_인적정보'!B55="","",'01_인적정보'!B55) | C55: =IF('01_인적정보'!B55="","",'01_인적정보'!C55) | D55: =IF('01_인적정보'!B55="","",'01_인적정보'!E55) | E55: =IF('01_인적정보'!B55="","",'01_인적정보'!H55) | F55: =IF('01_인적정보'!B55="","",'07a_상반기입력'!I55) | G55: =IF('01_인적정보'!B55="","",'07a_상반기입력'!J55) | H55: =IFERROR(IF(AND(F55<>"",G55<>""),'02_의사결정·종합결과'!$B$67*IFERROR(CHOOSE(FIND(F55,"DCBAS"),1,2,3,4,5),0)+'02_의사결정·종합결과'!$B$68*IFERROR(CHOOSE(FIND(G55,"DCBAS"),1,2,3,4,5),0),IF(F55<>"",IFERROR(CHOOSE(FIND(F55,"DCBAS"),1,2,3,4,5),0),IF(G55<>"",IFERROR(CHOOSE(FIND(G55,"DCBAS"),1,2,3,4,5),0),""))),"") | I55: =IF(H55="","",IF(H55>=4.5,"S",IF(H55>=3.5,"A",IF(H55>=2.5,"B",IF(H55>=1.5,"C","D")))))
A62: ■ 하반기 공통역량평가 (50명까지)
A63: No. | B63: 사번 | C63: 성명 | D63: 직무 | E63: 역할등급 | F63: 1차 | G63: 2차 | H63: 가중평균(점수) | I63: 확정등급
A64: =IF('01_인적정보'!B6="","",'01_인적정보'!A6) | B64: =IF('01_인적정보'!B6="","",'01_인적정보'!B6) | C64: =IF('01_인적정보'!B6="","",'01_인적정보'!C6) | D64: =IF('01_인적정보'!B6="","",'01_인적정보'!E6) | E64: =IF('01_인적정보'!B6="","",'01_인적정보'!H6) | F64: =IF('01_인적정보'!B6="","",'07b_하반기입력'!I6) | G64: =IF('01_인적정보'!B6="","",'07b_하반기입력'!J6) | H64: =IFERROR(IF(AND(F64<>"",G64<>""),'02_의사결정·종합결과'!$B$67*IFERROR(CHOOSE(FIND(F64,"DCBAS"),1,2,3,4,5),0)+'02_의사결정·종합결과'!$B$68*IFERROR(CHOOSE(FIND(G64,"DCBAS"),1,2,3,4,5),0),IF(F64<>"",IFERROR(CHOOSE(FIND(F64,"DCBAS"),1,2,3,4,5),0),IF(G64<>"",IFERROR(CHOOSE(FIND(G64,"DCBAS"),1,2,3,4,5),0),""))),"") | I64: =IF(H64="","",IF(H64>=4.5,"S",IF(H64>=3.5,"A",IF(H64>=2.5,"B",IF(H64>=1.5,"C","D")))))
A65: =IF('01_인적정보'!B7="","",'01_인적정보'!A7) | B65: =IF('01_인적정보'!B7="","",'01_인적정보'!B7) | C65: =IF('01_인적정보'!B7="","",'01_인적정보'!C7) | D65: =IF('01_인적정보'!B7="","",'01_인적정보'!E7) | E65: =IF('01_인적정보'!B7="","",'01_인적정보'!H7) | F65: =IF('01_인적정보'!B7="","",'07b_하반기입력'!I7) | G65: =IF('01_인적정보'!B7="","",'07b_하반기입력'!J7) | H65: =IFERROR(IF(AND(F65<>"",G65<>""),'02_의사결정·종합결과'!$B$67*IFERROR(CHOOSE(FIND(F65,"DCBAS"),1,2,3,4,5),0)+'02_의사결정·종합결과'!$B$68*IFERROR(CHOOSE(FIND(G65,"DCBAS"),1,2,3,4,5),0),IF(F65<>"",IFERROR(CHOOSE(FIND(F65,"DCBAS"),1,2,3,4,5),0),IF(G65<>"",IFERROR(CHOOSE(FIND(G65,"DCBAS"),1,2,3,4,5),0),""))),"") | I65: =IF(H65="","",IF(H65>=4.5,"S",IF(H65>=3.5,"A",IF(H65>=2.5,"B",IF(H65>=1.5,"C","D")))))
A66: =IF('01_인적정보'!B8="","",'01_인적정보'!A8) | B66: =IF('01_인적정보'!B8="","",'01_인적정보'!B8) | C66: =IF('01_인적정보'!B8="","",'01_인적정보'!C8) | D66: =IF('01_인적정보'!B8="","",'01_인적정보'!E8) | E66: =IF('01_인적정보'!B8="","",'01_인적정보'!H8) | F66: =IF('01_인적정보'!B8="","",'07b_하반기입력'!I8) | G66: =IF('01_인적정보'!B8="","",'07b_하반기입력'!J8) | H66: =IFERROR(IF(AND(F66<>"",G66<>""),'02_의사결정·종합결과'!$B$67*IFERROR(CHOOSE(FIND(F66,"DCBAS"),1,2,3,4,5),0)+'02_의사결정·종합결과'!$B$68*IFERROR(CHOOSE(FIND(G66,"DCBAS"),1,2,3,4,5),0),IF(F66<>"",IFERROR(CHOOSE(FIND(F66,"DCBAS"),1,2,3,4,5),0),IF(G66<>"",IFERROR(CHOOSE(FIND(G66,"DCBAS"),1,2,3,4,5),0),""))),"") | I66: =IF(H66="","",IF(H66>=4.5,"S",IF(H66>=3.5,"A",IF(H66>=2.5,"B",IF(H66>=1.5,"C","D")))))
A67: =IF('01_인적정보'!B9="","",'01_인적정보'!A9) | B67: =IF('01_인적정보'!B9="","",'01_인적정보'!B9) | C67: =IF('01_인적정보'!B9="","",'01_인적정보'!C9) | D67: =IF('01_인적정보'!B9="","",'01_인적정보'!E9) | E67: =IF('01_인적정보'!B9="","",'01_인적정보'!H9) | F67: =IF('01_인적정보'!B9="","",'07b_하반기입력'!I9) | G67: =IF('01_인적정보'!B9="","",'07b_하반기입력'!J9) | H67: =IFERROR(IF(AND(F67<>"",G67<>""),'02_의사결정·종합결과'!$B$67*IFERROR(CHOOSE(FIND(F67,"DCBAS"),1,2,3,4,5),0)+'02_의사결정·종합결과'!$B$68*IFERROR(CHOOSE(FIND(G67,"DCBAS"),1,2,3,4,5),0),IF(F67<>"",IFERROR(CHOOSE(FIND(F67,"DCBAS"),1,2,3,4,5),0),IF(G67<>"",IFERROR(CHOOSE(FIND(G67,"DCBAS"),1,2,3,4,5),0),""))),"") | I67: =IF(H67="","",IF(H67>=4.5,"S",IF(H67>=3.5,"A",IF(H67>=2.5,"B",IF(H67>=1.5,"C","D")))))
A68: =IF('01_인적정보'!B10="","",'01_인적정보'!A10) | B68: =IF('01_인적정보'!B10="","",'01_인적정보'!B10) | C68: =IF('01_인적정보'!B10="","",'01_인적정보'!C10) | D68: =IF('01_인적정보'!B10="","",'01_인적정보'!E10) | E68: =IF('01_인적정보'!B10="","",'01_인적정보'!H10) | F68: =IF('01_인적정보'!B10="","",'07b_하반기입력'!I10) | G68: =IF('01_인적정보'!B10="","",'07b_하반기입력'!J10) | H68: =IFERROR(IF(AND(F68<>"",G68<>""),'02_의사결정·종합결과'!$B$67*IFERROR(CHOOSE(FIND(F68,"DCBAS"),1,2,3,4,5),0)+'02_의사결정·종합결과'!$B$68*IFERROR(CHOOSE(FIND(G68,"DCBAS"),1,2,3,4,5),0),IF(F68<>"",IFERROR(CHOOSE(FIND(F68,"DCBAS"),1,2,3,4,5),0),IF(G68<>"",IFERROR(CHOOSE(FIND(G68,"DCBAS"),1,2,3,4,5),0),""))),"") | I68: =IF(H68="","",IF(H68>=4.5,"S",IF(H68>=3.5,"A",IF(H68>=2.5,"B",IF(H68>=1.5,"C","D")))))
A69: =IF('01_인적정보'!B11="","",'01_인적정보'!A11) | B69: =IF('01_인적정보'!B11="","",'01_인적정보'!B11) | C69: =IF('01_인적정보'!B11="","",'01_인적정보'!C11) | D69: =IF('01_인적정보'!B11="","",'01_인적정보'!E11) | E69: =IF('01_인적정보'!B11="","",'01_인적정보'!H11) | F69: =IF('01_인적정보'!B11="","",'07b_하반기입력'!I11) | G69: =IF('01_인적정보'!B11="","",'07b_하반기입력'!J11) | H69: =IFERROR(IF(AND(F69<>"",G69<>""),'02_의사결정·종합결과'!$B$67*IFERROR(CHOOSE(FIND(F69,"DCBAS"),1,2,3,4,5),0)+'02_의사결정·종합결과'!$B$68*IFERROR(CHOOSE(FIND(G69,"DCBAS"),1,2,3,4,5),0),IF(F69<>"",IFERROR(CHOOSE(FIND(F69,"DCBAS"),1,2,3,4,5),0),IF(G69<>"",IFERROR(CHOOSE(FIND(G69,"DCBAS"),1,2,3,4,5),0),""))),"") | I69: =IF(H69="","",IF(H69>=4.5,"S",IF(H69>=3.5,"A",IF(H69>=2.5,"B",IF(H69>=1.5,"C","D")))))
A70: =IF('01_인적정보'!B12="","",'01_인적정보'!A12) | B70: =IF('01_인적정보'!B12="","",'01_인적정보'!B12) | C70: =IF('01_인적정보'!B12="","",'01_인적정보'!C12) | D70: =IF('01_인적정보'!B12="","",'01_인적정보'!E12) | E70: =IF('01_인적정보'!B12="","",'01_인적정보'!H12) | F70: =IF('01_인적정보'!B12="","",'07b_하반기입력'!I12) | G70: =IF('01_인적정보'!B12="","",'07b_하반기입력'!J12) | H70: =IFERROR(IF(AND(F70<>"",G70<>""),'02_의사결정·종합결과'!$B$67*IFERROR(CHOOSE(FIND(F70,"DCBAS"),1,2,3,4,5),0)+'02_의사결정·종합결과'!$B$68*IFERROR(CHOOSE(FIND(G70,"DCBAS"),1,2,3,4,5),0),IF(F70<>"",IFERROR(CHOOSE(FIND(F70,"DCBAS"),1,2,3,4,5),0),IF(G70<>"",IFERROR(CHOOSE(FIND(G70,"DCBAS"),1,2,3,4,5),0),""))),"") | I70: =IF(H70="","",IF(H70>=4.5,"S",IF(H70>=3.5,"A",IF(H70>=2.5,"B",IF(H70>=1.5,"C","D")))))
A71: =IF('01_인적정보'!B13="","",'01_인적정보'!A13) | B71: =IF('01_인적정보'!B13="","",'01_인적정보'!B13) | C71: =IF('01_인적정보'!B13="","",'01_인적정보'!C13) | D71: =IF('01_인적정보'!B13="","",'01_인적정보'!E13) | E71: =IF('01_인적정보'!B13="","",'01_인적정보'!H13) | F71: =IF('01_인적정보'!B13="","",'07b_하반기입력'!I13) | G71: =IF('01_인적정보'!B13="","",'07b_하반기입력'!J13) | H71: =IFERROR(IF(AND(F71<>"",G71<>""),'02_의사결정·종합결과'!$B$67*IFERROR(CHOOSE(FIND(F71,"DCBAS"),1,2,3,4,5),0)+'02_의사결정·종합결과'!$B$68*IFERROR(CHOOSE(FIND(G71,"DCBAS"),1,2,3,4,5),0),IF(F71<>"",IFERROR(CHOOSE(FIND(F71,"DCBAS"),1,2,3,4,5),0),IF(G71<>"",IFERROR(CHOOSE(FIND(G71,"DCBAS"),1,2,3,4,5),0),""))),"") | I71: =IF(H71="","",IF(H71>=4.5,"S",IF(H71>=3.5,"A",IF(H71>=2.5,"B",IF(H71>=1.5,"C","D")))))
A72: =IF('01_인적정보'!B14="","",'01_인적정보'!A14) | B72: =IF('01_인적정보'!B14="","",'01_인적정보'!B14) | C72: =IF('01_인적정보'!B14="","",'01_인적정보'!C14) | D72: =IF('01_인적정보'!B14="","",'01_인적정보'!E14) | E72: =IF('01_인적정보'!B14="","",'01_인적정보'!H14) | F72: =IF('01_인적정보'!B14="","",'07b_하반기입력'!I14) | G72: =IF('01_인적정보'!B14="","",'07b_하반기입력'!J14) | H72: =IFERROR(IF(AND(F72<>"",G72<>""),'02_의사결정·종합결과'!$B$67*IFERROR(CHOOSE(FIND(F72,"DCBAS"),1,2,3,4,5),0)+'02_의사결정·종합결과'!$B$68*IFERROR(CHOOSE(FIND(G72,"DCBAS"),1,2,3,4,5),0),IF(F72<>"",IFERROR(CHOOSE(FIND(F72,"DCBAS"),1,2,3,4,5),0),IF(G72<>"",IFERROR(CHOOSE(FIND(G72,"DCBAS"),1,2,3,4,5),0),""))),"") | I72: =IF(H72="","",IF(H72>=4.5,"S",IF(H72>=3.5,"A",IF(H72>=2.5,"B",IF(H72>=1.5,"C","D")))))
A73: =IF('01_인적정보'!B15="","",'01_인적정보'!A15) | B73: =IF('01_인적정보'!B15="","",'01_인적정보'!B15) | C73: =IF('01_인적정보'!B15="","",'01_인적정보'!C15) | D73: =IF('01_인적정보'!B15="","",'01_인적정보'!E15) | E73: =IF('01_인적정보'!B15="","",'01_인적정보'!H15) | F73: =IF('01_인적정보'!B15="","",'07b_하반기입력'!I15) | G73: =IF('01_인적정보'!B15="","",'07b_하반기입력'!J15) | H73: =IFERROR(IF(AND(F73<>"",G73<>""),'02_의사결정·종합결과'!$B$67*IFERROR(CHOOSE(FIND(F73,"DCBAS"),1,2,3,4,5),0)+'02_의사결정·종합결과'!$B$68*IFERROR(CHOOSE(FIND(G73,"DCBAS"),1,2,3,4,5),0),IF(F73<>"",IFERROR(CHOOSE(FIND(F73,"DCBAS"),1,2,3,4,5),0),IF(G73<>"",IFERROR(CHOOSE(FIND(G73,"DCBAS"),1,2,3,4,5),0),""))),"") | I73: =IF(H73="","",IF(H73>=4.5,"S",IF(H73>=3.5,"A",IF(H73>=2.5,"B",IF(H73>=1.5,"C","D")))))
A74: =IF('01_인적정보'!B16="","",'01_인적정보'!A16) | B74: =IF('01_인적정보'!B16="","",'01_인적정보'!B16) | C74: =IF('01_인적정보'!B16="","",'01_인적정보'!C16) | D74: =IF('01_인적정보'!B16="","",'01_인적정보'!E16) | E74: =IF('01_인적정보'!B16="","",'01_인적정보'!H16) | F74: =IF('01_인적정보'!B16="","",'07b_하반기입력'!I16) | G74: =IF('01_인적정보'!B16="","",'07b_하반기입력'!J16) | H74: =IFERROR(IF(AND(F74<>"",G74<>""),'02_의사결정·종합결과'!$B$67*IFERROR(CHOOSE(FIND(F74,"DCBAS"),1,2,3,4,5),0)+'02_의사결정·종합결과'!$B$68*IFERROR(CHOOSE(FIND(G74,"DCBAS"),1,2,3,4,5),0),IF(F74<>"",IFERROR(CHOOSE(FIND(F74,"DCBAS"),1,2,3,4,5),0),IF(G74<>"",IFERROR(CHOOSE(FIND(G74,"DCBAS"),1,2,3,4,5),0),""))),"") | I74: =IF(H74="","",IF(H74>=4.5,"S",IF(H74>=3.5,"A",IF(H74>=2.5,"B",IF(H74>=1.5,"C","D")))))
A75: =IF('01_인적정보'!B17="","",'01_인적정보'!A17) | B75: =IF('01_인적정보'!B17="","",'01_인적정보'!B17) | C75: =IF('01_인적정보'!B17="","",'01_인적정보'!C17) | D75: =IF('01_인적정보'!B17="","",'01_인적정보'!E17) | E75: =IF('01_인적정보'!B17="","",'01_인적정보'!H17) | F75: =IF('01_인적정보'!B17="","",'07b_하반기입력'!I17) | G75: =IF('01_인적정보'!B17="","",'07b_하반기입력'!J17) | H75: =IFERROR(IF(AND(F75<>"",G75<>""),'02_의사결정·종합결과'!$B$67*IFERROR(CHOOSE(FIND(F75,"DCBAS"),1,2,3,4,5),0)+'02_의사결정·종합결과'!$B$68*IFERROR(CHOOSE(FIND(G75,"DCBAS"),1,2,3,4,5),0),IF(F75<>"",IFERROR(CHOOSE(FIND(F75,"DCBAS"),1,2,3,4,5),0),IF(G75<>"",IFERROR(CHOOSE(FIND(G75,"DCBAS"),1,2,3,4,5),0),""))),"") | I75: =IF(H75="","",IF(H75>=4.5,"S",IF(H75>=3.5,"A",IF(H75>=2.5,"B",IF(H75>=1.5,"C","D")))))
... A113: =IF('01_인적정보'!B55="","",'01_인적정보'!A55) | B113: =IF('01_인적정보'!B55="","",'01_인적정보'!B55) | C113: =IF('01_인적정보'!B55="","",'01_인적정보'!C55) | D113: =IF('01_인적정보'!B55="","",'01_인적정보'!E55) | E113: =IF('01_인적정보'!B55="","",'01_인적정보'!H55) | F113: =IF('01_인적정보'!B55="","",'07b_하반기입력'!I55) | G113: =IF('01_인적정보'!B55="","",'07b_하반기입력'!J55) | H113: =IFERROR(IF(AND(F113<>"",G113<>""),'02_의사결정·종합결과'!$B$67*IFERROR(CHOOSE(FIND(F113,"DCBAS"),1,2,3,4,5),0)+'02_의사결정·종합결과'!$B$68*IFERROR(CHOOSE(FIND(G113,"DCBAS"),1,2,3,4,5),0),IF(F113<>"",IFERROR(CHOOSE(FIND(F113,"DCBAS"),1,2,3,4,5),0),IF(G113<>"",IFERROR(CHOOSE(FIND(G113,"DCBAS"),1,2,3,4,5),0),""))),"") | I113: =IF(H113="","",IF(H113>=4.5,"S",IF(H113>=3.5,"A",IF(H113>=2.5,"B",IF(H113>=1.5,"C","D")))))

Sheet 06_직무역량평가
A1: 직무역량평가 (자동 산출)
A2: 07a/07b의 1·2차 직무역량 종합 등급 → 평가자 가중치 적용 → 확정 등급
A4: ■ 상반기 직무역량평가 (50명까지)
A5: No. | B5: 사번 | C5: 성명 | D5: 직무 | E5: 역할등급 | F5: 메인 책무 수 | G5: 1차 | H5: 2차 | I5: 가중평균(점수) | J5: 확정등급
A6: =IF('01_인적정보'!B6="","",'01_인적정보'!A6) | B6: =IF('01_인적정보'!B6="","",'01_인적정보'!B6) | C6: =IF('01_인적정보'!B6="","",'01_인적정보'!C6) | D6: =IF('01_인적정보'!B6="","",'01_인적정보'!E6) | E6: =IF('01_인적정보'!B6="","",'01_인적정보'!H6) | F6: =IF('01_인적정보'!B6="","",'01_인적정보'!L6) | G6: =IF('01_인적정보'!B6="","",'07a_상반기입력'!K6) | H6: =IF('01_인적정보'!B6="","",'07a_상반기입력'!L6) | I6: =IFERROR(IF(AND(G6<>"",H6<>""),'02_의사결정·종합결과'!$B$67*IFERROR(CHOOSE(FIND(G6,"DCBAS"),1,2,3,4,5),0)+'02_의사결정·종합결과'!$B$68*IFERROR(CHOOSE(FIND(H6,"DCBAS"),1,2,3,4,5),0),IF(G6<>"",IFERROR(CHOOSE(FIND(G6,"DCBAS"),1,2,3,4,5),0),IF(H6<>"",IFERROR(CHOOSE(FIND(H6,"DCBAS"),1,2,3,4,5),0),""))),"") | J6: =IF(I6="","",IF(I6>=4.5,"S",IF(I6>=3.5,"A",IF(I6>=2.5,"B",IF(I6>=1.5,"C","D")))))
A7: =IF('01_인적정보'!B7="","",'01_인적정보'!A7) | B7: =IF('01_인적정보'!B7="","",'01_인적정보'!B7) | C7: =IF('01_인적정보'!B7="","",'01_인적정보'!C7) | D7: =IF('01_인적정보'!B7="","",'01_인적정보'!E7) | E7: =IF('01_인적정보'!B7="","",'01_인적정보'!H7) | F7: =IF('01_인적정보'!B7="","",'01_인적정보'!L7) | G7: =IF('01_인적정보'!B7="","",'07a_상반기입력'!K7) | H7: =IF('01_인적정보'!B7="","",'07a_상반기입력'!L7) | I7: =IFERROR(IF(AND(G7<>"",H7<>""),'02_의사결정·종합결과'!$B$67*IFERROR(CHOOSE(FIND(G7,"DCBAS"),1,2,3,4,5),0)+'02_의사결정·종합결과'!$B$68*IFERROR(CHOOSE(FIND(H7,"DCBAS"),1,2,3,4,5),0),IF(G7<>"",IFERROR(CHOOSE(FIND(G7,"DCBAS"),1,2,3,4,5),0),IF(H7<>"",IFERROR(CHOOSE(FIND(H7,"DCBAS"),1,2,3,4,5),0),""))),"") | J7: =IF(I7="","",IF(I7>=4.5,"S",IF(I7>=3.5,"A",IF(I7>=2.5,"B",IF(I7>=1.5,"C","D")))))
A8: =IF('01_인적정보'!B8="","",'01_인적정보'!A8) | B8: =IF('01_인적정보'!B8="","",'01_인적정보'!B8) | C8: =IF('01_인적정보'!B8="","",'01_인적정보'!C8) | D8: =IF('01_인적정보'!B8="","",'01_인적정보'!E8) | E8: =IF('01_인적정보'!B8="","",'01_인적정보'!H8) | F8: =IF('01_인적정보'!B8="","",'01_인적정보'!L8) | G8: =IF('01_인적정보'!B8="","",'07a_상반기입력'!K8) | H8: =IF('01_인적정보'!B8="","",'07a_상반기입력'!L8) | I8: =IFERROR(IF(AND(G8<>"",H8<>""),'02_의사결정·종합결과'!$B$67*IFERROR(CHOOSE(FIND(G8,"DCBAS"),1,2,3,4,5),0)+'02_의사결정·종합결과'!$B$68*IFERROR(CHOOSE(FIND(H8,"DCBAS"),1,2,3,4,5),0),IF(G8<>"",IFERROR(CHOOSE(FIND(G8,"DCBAS"),1,2,3,4,5),0),IF(H8<>"",IFERROR(CHOOSE(FIND(H8,"DCBAS"),1,2,3,4,5),0),""))),"") | J8: =IF(I8="","",IF(I8>=4.5,"S",IF(I8>=3.5,"A",IF(I8>=2.5,"B",IF(I8>=1.5,"C","D")))))
A9: =IF('01_인적정보'!B9="","",'01_인적정보'!A9) | B9: =IF('01_인적정보'!B9="","",'01_인적정보'!B9) | C9: =IF('01_인적정보'!B9="","",'01_인적정보'!C9) | D9: =IF('01_인적정보'!B9="","",'01_인적정보'!E9) | E9: =IF('01_인적정보'!B9="","",'01_인적정보'!H9) | F9: =IF('01_인적정보'!B9="","",'01_인적정보'!L9) | G9: =IF('01_인적정보'!B9="","",'07a_상반기입력'!K9) | H9: =IF('01_인적정보'!B9="","",'07a_상반기입력'!L9) | I9: =IFERROR(IF(AND(G9<>"",H9<>""),'02_의사결정·종합결과'!$B$67*IFERROR(CHOOSE(FIND(G9,"DCBAS"),1,2,3,4,5),0)+'02_의사결정·종합결과'!$B$68*IFERROR(CHOOSE(FIND(H9,"DCBAS"),1,2,3,4,5),0),IF(G9<>"",IFERROR(CHOOSE(FIND(G9,"DCBAS"),1,2,3,4,5),0),IF(H9<>"",IFERROR(CHOOSE(FIND(H9,"DCBAS"),1,2,3,4,5),0),""))),"") | J9: =IF(I9="","",IF(I9>=4.5,"S",IF(I9>=3.5,"A",IF(I9>=2.5,"B",IF(I9>=1.5,"C","D")))))
A10: =IF('01_인적정보'!B10="","",'01_인적정보'!A10) | B10: =IF('01_인적정보'!B10="","",'01_인적정보'!B10) | C10: =IF('01_인적정보'!B10="","",'01_인적정보'!C10) | D10: =IF('01_인적정보'!B10="","",'01_인적정보'!E10) | E10: =IF('01_인적정보'!B10="","",'01_인적정보'!H10) | F10: =IF('01_인적정보'!B10="","",'01_인적정보'!L10) | G10: =IF('01_인적정보'!B10="","",'07a_상반기입력'!K10) | H10: =IF('01_인적정보'!B10="","",'07a_상반기입력'!L10) | I10: =IFERROR(IF(AND(G10<>"",H10<>""),'02_의사결정·종합결과'!$B$67*IFERROR(CHOOSE(FIND(G10,"DCBAS"),1,2,3,4,5),0)+'02_의사결정·종합결과'!$B$68*IFERROR(CHOOSE(FIND(H10,"DCBAS"),1,2,3,4,5),0),IF(G10<>"",IFERROR(CHOOSE(FIND(G10,"DCBAS"),1,2,3,4,5),0),IF(H10<>"",IFERROR(CHOOSE(FIND(H10,"DCBAS"),1,2,3,4,5),0),""))),"") | J10: =IF(I10="","",IF(I10>=4.5,"S",IF(I10>=3.5,"A",IF(I10>=2.5,"B",IF(I10>=1.5,"C","D")))))
A11: =IF('01_인적정보'!B11="","",'01_인적정보'!A11) | B11: =IF('01_인적정보'!B11="","",'01_인적정보'!B11) | C11: =IF('01_인적정보'!B11="","",'01_인적정보'!C11) | D11: =IF('01_인적정보'!B11="","",'01_인적정보'!E11) | E11: =IF('01_인적정보'!B11="","",'01_인적정보'!H11) | F11: =IF('01_인적정보'!B11="","",'01_인적정보'!L11) | G11: =IF('01_인적정보'!B11="","",'07a_상반기입력'!K11) | H11: =IF('01_인적정보'!B11="","",'07a_상반기입력'!L11) | I11: =IFERROR(IF(AND(G11<>"",H11<>""),'02_의사결정·종합결과'!$B$67*IFERROR(CHOOSE(FIND(G11,"DCBAS"),1,2,3,4,5),0)+'02_의사결정·종합결과'!$B$68*IFERROR(CHOOSE(FIND(H11,"DCBAS"),1,2,3,4,5),0),IF(G11<>"",IFERROR(CHOOSE(FIND(G11,"DCBAS"),1,2,3,4,5),0),IF(H11<>"",IFERROR(CHOOSE(FIND(H11,"DCBAS"),1,2,3,4,5),0),""))),"") | J11: =IF(I11="","",IF(I11>=4.5,"S",IF(I11>=3.5,"A",IF(I11>=2.5,"B",IF(I11>=1.5,"C","D")))))
A12: =IF('01_인적정보'!B12="","",'01_인적정보'!A12) | B12: =IF('01_인적정보'!B12="","",'01_인적정보'!B12) | C12: =IF('01_인적정보'!B12="","",'01_인적정보'!C12) | D12: =IF('01_인적정보'!B12="","",'01_인적정보'!E12) | E12: =IF('01_인적정보'!B12="","",'01_인적정보'!H12) | F12: =IF('01_인적정보'!B12="","",'01_인적정보'!L12) | G12: =IF('01_인적정보'!B12="","",'07a_상반기입력'!K12) | H12: =IF('01_인적정보'!B12="","",'07a_상반기입력'!L12) | I12: =IFERROR(IF(AND(G12<>"",H12<>""),'02_의사결정·종합결과'!$B$67*IFERROR(CHOOSE(FIND(G12,"DCBAS"),1,2,3,4,5),0)+'02_의사결정·종합결과'!$B$68*IFERROR(CHOOSE(FIND(H12,"DCBAS"),1,2,3,4,5),0),IF(G12<>"",IFERROR(CHOOSE(FIND(G12,"DCBAS"),1,2,3,4,5),0),IF(H12<>"",IFERROR(CHOOSE(FIND(H12,"DCBAS"),1,2,3,4,5),0),""))),"") | J12: =IF(I12="","",IF(I12>=4.5,"S",IF(I12>=3.5,"A",IF(I12>=2.5,"B",IF(I12>=1.5,"C","D")))))
A13: =IF('01_인적정보'!B13="","",'01_인적정보'!A13) | B13: =IF('01_인적정보'!B13="","",'01_인적정보'!B13) | C13: =IF('01_인적정보'!B13="","",'01_인적정보'!C13) | D13: =IF('01_인적정보'!B13="","",'01_인적정보'!E13) | E13: =IF('01_인적정보'!B13="","",'01_인적정보'!H13) | F13: =IF('01_인적정보'!B13="","",'01_인적정보'!L13) | G13: =IF('01_인적정보'!B13="","",'07a_상반기입력'!K13) | H13: =IF('01_인적정보'!B13="","",'07a_상반기입력'!L13) | I13: =IFERROR(IF(AND(G13<>"",H13<>""),'02_의사결정·종합결과'!$B$67*IFERROR(CHOOSE(FIND(G13,"DCBAS"),1,2,3,4,5),0)+'02_의사결정·종합결과'!$B$68*IFERROR(CHOOSE(FIND(H13,"DCBAS"),1,2,3,4,5),0),IF(G13<>"",IFERROR(CHOOSE(FIND(G13,"DCBAS"),1,2,3,4,5),0),IF(H13<>"",IFERROR(CHOOSE(FIND(H13,"DCBAS"),1,2,3,4,5),0),""))),"") | J13: =IF(I13="","",IF(I13>=4.5,"S",IF(I13>=3.5,"A",IF(I13>=2.5,"B",IF(I13>=1.5,"C","D")))))
A14: =IF('01_인적정보'!B14="","",'01_인적정보'!A14) | B14: =IF('01_인적정보'!B14="","",'01_인적정보'!B14) | C14: =IF('01_인적정보'!B14="","",'01_인적정보'!C14) | D14: =IF('01_인적정보'!B14="","",'01_인적정보'!E14) | E14: =IF('01_인적정보'!B14="","",'01_인적정보'!H14) | F14: =IF('01_인적정보'!B14="","",'01_인적정보'!L14) | G14: =IF('01_인적정보'!B14="","",'07a_상반기입력'!K14) | H14: =IF('01_인적정보'!B14="","",'07a_상반기입력'!L14) | I14: =IFERROR(IF(AND(G14<>"",H14<>""),'02_의사결정·종합결과'!$B$67*IFERROR(CHOOSE(FIND(G14,"DCBAS"),1,2,3,4,5),0)+'02_의사결정·종합결과'!$B$68*IFERROR(CHOOSE(FIND(H14,"DCBAS"),1,2,3,4,5),0),IF(G14<>"",IFERROR(CHOOSE(FIND(G14,"DCBAS"),1,2,3,4,5),0),IF(H14<>"",IFERROR(CHOOSE(FIND(H14,"DCBAS"),1,2,3,4,5),0),""))),"") | J14: =IF(I14="","",IF(I14>=4.5,"S",IF(I14>=3.5,"A",IF(I14>=2.5,"B",IF(I14>=1.5,"C","D")))))
A15: =IF('01_인적정보'!B15="","",'01_인적정보'!A15) | B15: =IF('01_인적정보'!B15="","",'01_인적정보'!B15) | C15: =IF('01_인적정보'!B15="","",'01_인적정보'!C15) | D15: =IF('01_인적정보'!B15="","",'01_인적정보'!E15) | E15: =IF('01_인적정보'!B15="","",'01_인적정보'!H15) | F15: =IF('01_인적정보'!B15="","",'01_인적정보'!L15) | G15: =IF('01_인적정보'!B15="","",'07a_상반기입력'!K15) | H15: =IF('01_인적정보'!B15="","",'07a_상반기입력'!L15) | I15: =IFERROR(IF(AND(G15<>"",H15<>""),'02_의사결정·종합결과'!$B$67*IFERROR(CHOOSE(FIND(G15,"DCBAS"),1,2,3,4,5),0)+'02_의사결정·종합결과'!$B$68*IFERROR(CHOOSE(FIND(H15,"DCBAS"),1,2,3,4,5),0),IF(G15<>"",IFERROR(CHOOSE(FIND(G15,"DCBAS"),1,2,3,4,5),0),IF(H15<>"",IFERROR(CHOOSE(FIND(H15,"DCBAS"),1,2,3,4,5),0),""))),"") | J15: =IF(I15="","",IF(I15>=4.5,"S",IF(I15>=3.5,"A",IF(I15>=2.5,"B",IF(I15>=1.5,"C","D")))))
A16: =IF('01_인적정보'!B16="","",'01_인적정보'!A16) | B16: =IF('01_인적정보'!B16="","",'01_인적정보'!B16) | C16: =IF('01_인적정보'!B16="","",'01_인적정보'!C16) | D16: =IF('01_인적정보'!B16="","",'01_인적정보'!E16) | E16: =IF('01_인적정보'!B16="","",'01_인적정보'!H16) | F16: =IF('01_인적정보'!B16="","",'01_인적정보'!L16) | G16: =IF('01_인적정보'!B16="","",'07a_상반기입력'!K16) | H16: =IF('01_인적정보'!B16="","",'07a_상반기입력'!L16) | I16: =IFERROR(IF(AND(G16<>"",H16<>""),'02_의사결정·종합결과'!$B$67*IFERROR(CHOOSE(FIND(G16,"DCBAS"),1,2,3,4,5),0)+'02_의사결정·종합결과'!$B$68*IFERROR(CHOOSE(FIND(H16,"DCBAS"),1,2,3,4,5),0),IF(G16<>"",IFERROR(CHOOSE(FIND(G16,"DCBAS"),1,2,3,4,5),0),IF(H16<>"",IFERROR(CHOOSE(FIND(H16,"DCBAS"),1,2,3,4,5),0),""))),"") | J16: =IF(I16="","",IF(I16>=4.5,"S",IF(I16>=3.5,"A",IF(I16>=2.5,"B",IF(I16>=1.5,"C","D")))))
A17: =IF('01_인적정보'!B17="","",'01_인적정보'!A17) | B17: =IF('01_인적정보'!B17="","",'01_인적정보'!B17) | C17: =IF('01_인적정보'!B17="","",'01_인적정보'!C17) | D17: =IF('01_인적정보'!B17="","",'01_인적정보'!E17) | E17: =IF('01_인적정보'!B17="","",'01_인적정보'!H17) | F17: =IF('01_인적정보'!B17="","",'01_인적정보'!L17) | G17: =IF('01_인적정보'!B17="","",'07a_상반기입력'!K17) | H17: =IF('01_인적정보'!B17="","",'07a_상반기입력'!L17) | I17: =IFERROR(IF(AND(G17<>"",H17<>""),'02_의사결정·종합결과'!$B$67*IFERROR(CHOOSE(FIND(G17,"DCBAS"),1,2,3,4,5),0)+'02_의사결정·종합결과'!$B$68*IFERROR(CHOOSE(FIND(H17,"DCBAS"),1,2,3,4,5),0),IF(G17<>"",IFERROR(CHOOSE(FIND(G17,"DCBAS"),1,2,3,4,5),0),IF(H17<>"",IFERROR(CHOOSE(FIND(H17,"DCBAS"),1,2,3,4,5),0),""))),"") | J17: =IF(I17="","",IF(I17>=4.5,"S",IF(I17>=3.5,"A",IF(I17>=2.5,"B",IF(I17>=1.5,"C","D")))))
... A55: =IF('01_인적정보'!B55="","",'01_인적정보'!A55) | B55: =IF('01_인적정보'!B55="","",'01_인적정보'!B55) | C55: =IF('01_인적정보'!B55="","",'01_인적정보'!C55) | D55: =IF('01_인적정보'!B55="","",'01_인적정보'!E55) | E55: =IF('01_인적정보'!B55="","",'01_인적정보'!H55) | F55: =IF('01_인적정보'!B55="","",'01_인적정보'!L55) | G55: =IF('01_인적정보'!B55="","",'07a_상반기입력'!K55) | H55: =IF('01_인적정보'!B55="","",'07a_상반기입력'!L55) | I55: =IFERROR(IF(AND(G55<>"",H55<>""),'02_의사결정·종합결과'!$B$67*IFERROR(CHOOSE(FIND(G55,"DCBAS"),1,2,3,4,5),0)+'02_의사결정·종합결과'!$B$68*IFERROR(CHOOSE(FIND(H55,"DCBAS"),1,2,3,4,5),0),IF(G55<>"",IFERROR(CHOOSE(FIND(G55,"DCBAS"),1,2,3,4,5),0),IF(H55<>"",IFERROR(CHOOSE(FIND(H55,"DCBAS"),1,2,3,4,5),0),""))),"") | J55: =IF(I55="","",IF(I55>=4.5,"S",IF(I55>=3.5,"A",IF(I55>=2.5,"B",IF(I55>=1.5,"C","D")))))
A62: ■ 하반기 직무역량평가 (50명까지)
A63: No. | B63: 사번 | C63: 성명 | D63: 직무 | E63: 역할등급 | F63: 메인 책무 수 | G63: 1차 | H63: 2차 | I63: 가중평균(점수) | J63: 확정등급
A64: =IF('01_인적정보'!B6="","",'01_인적정보'!A6) | B64: =IF('01_인적정보'!B6="","",'01_인적정보'!B6) | C64: =IF('01_인적정보'!B6="","",'01_인적정보'!C6) | D64: =IF('01_인적정보'!B6="","",'01_인적정보'!E6) | E64: =IF('01_인적정보'!B6="","",'01_인적정보'!H6) | F64: =IF('01_인적정보'!B6="","",'01_인적정보'!L6) | G64: =IF('01_인적정보'!B6="","",'07b_하반기입력'!K6) | H64: =IF('01_인적정보'!B6="","",'07b_하반기입력'!L6) | I64: =IFERROR(IF(AND(G64<>"",H64<>""),'02_의사결정·종합결과'!$B$67*IFERROR(CHOOSE(FIND(G64,"DCBAS"),1,2,3,4,5),0)+'02_의사결정·종합결과'!$B$68*IFERROR(CHOOSE(FIND(H64,"DCBAS"),1,2,3,4,5),0),IF(G64<>"",IFERROR(CHOOSE(FIND(G64,"DCBAS"),1,2,3,4,5),0),IF(H64<>"",IFERROR(CHOOSE(FIND(H64,"DCBAS"),1,2,3,4,5),0),""))),"") | J64: =IF(I64="","",IF(I64>=4.5,"S",IF(I64>=3.5,"A",IF(I64>=2.5,"B",IF(I64>=1.5,"C","D")))))
A65: =IF('01_인적정보'!B7="","",'01_인적정보'!A7) | B65: =IF('01_인적정보'!B7="","",'01_인적정보'!B7) | C65: =IF('01_인적정보'!B7="","",'01_인적정보'!C7) | D65: =IF('01_인적정보'!B7="","",'01_인적정보'!E7) | E65: =IF('01_인적정보'!B7="","",'01_인적정보'!H7) | F65: =IF('01_인적정보'!B7="","",'01_인적정보'!L7) | G65: =IF('01_인적정보'!B7="","",'07b_하반기입력'!K7) | H65: =IF('01_인적정보'!B7="","",'07b_하반기입력'!L7) | I65: =IFERROR(IF(AND(G65<>"",H65<>""),'02_의사결정·종합결과'!$B$67*IFERROR(CHOOSE(FIND(G65,"DCBAS"),1,2,3,4,5),0)+'02_의사결정·종합결과'!$B$68*IFERROR(CHOOSE(FIND(H65,"DCBAS"),1,2,3,4,5),0),IF(G65<>"",IFERROR(CHOOSE(FIND(G65,"DCBAS"),1,2,3,4,5),0),IF(H65<>"",IFERROR(CHOOSE(FIND(H65,"DCBAS"),1,2,3,4,5),0),""))),"") | J65: =IF(I65="","",IF(I65>=4.5,"S",IF(I65>=3.5,"A",IF(I65>=2.5,"B",IF(I65>=1.5,"C","D")))))
A66: =IF('01_인적정보'!B8="","",'01_인적정보'!A8) | B66: =IF('01_인적정보'!B8="","",'01_인적정보'!B8) | C66: =IF('01_인적정보'!B8="","",'01_인적정보'!C8) | D66: =IF('01_인적정보'!B8="","",'01_인적정보'!E8) | E66: =IF('01_인적정보'!B8="","",'01_인적정보'!H8) | F66: =IF('01_인적정보'!B8="","",'01_인적정보'!L8) | G66: =IF('01_인적정보'!B8="","",'07b_하반기입력'!K8) | H66: =IF('01_인적정보'!B8="","",'07b_하반기입력'!L8) | I66: =IFERROR(IF(AND(G66<>"",H66<>""),'02_의사결정·종합결과'!$B$67*IFERROR(CHOOSE(FIND(G66,"DCBAS"),1,2,3,4,5),0)+'02_의사결정·종합결과'!$B$68*IFERROR(CHOOSE(FIND(H66,"DCBAS"),1,2,3,4,5),0),IF(G66<>"",IFERROR(CHOOSE(FIND(G66,"DCBAS"),1,2,3,4,5),0),IF(H66<>"",IFERROR(CHOOSE(FIND(H66,"DCBAS"),1,2,3,4,5),0),""))),"") | J66: =IF(I66="","",IF(I66>=4.5,"S",IF(I66>=3.5,"A",IF(I66>=2.5,"B",IF(I66>=1.5,"C","D")))))
A67: =IF('01_인적정보'!B9="","",'01_인적정보'!A9) | B67: =IF('01_인적정보'!B9="","",'01_인적정보'!B9) | C67: =IF('01_인적정보'!B9="","",'01_인적정보'!C9) | D67: =IF('01_인적정보'!B9="","",'01_인적정보'!E9) | E67: =IF('01_인적정보'!B9="","",'01_인적정보'!H9) | F67: =IF('01_인적정보'!B9="","",'01_인적정보'!L9) | G67: =IF('01_인적정보'!B9="","",'07b_하반기입력'!K9) | H67: =IF('01_인적정보'!B9="","",'07b_하반기입력'!L9) | I67: =IFERROR(IF(AND(G67<>"",H67<>""),'02_의사결정·종합결과'!$B$67*IFERROR(CHOOSE(FIND(G67,"DCBAS"),1,2,3,4,5),0)+'02_의사결정·종합결과'!$B$68*IFERROR(CHOOSE(FIND(H67,"DCBAS"),1,2,3,4,5),0),IF(G67<>"",IFERROR(CHOOSE(FIND(G67,"DCBAS"),1,2,3,4,5),0),IF(H67<>"",IFERROR(CHOOSE(FIND(H67,"DCBAS"),1,2,3,4,5),0),""))),"") | J67: =IF(I67="","",IF(I67>=4.5,"S",IF(I67>=3.5,"A",IF(I67>=2.5,"B",IF(I67>=1.5,"C","D")))))
A68: =IF('01_인적정보'!B10="","",'01_인적정보'!A10) | B68: =IF('01_인적정보'!B10="","",'01_인적정보'!B10) | C68: =IF('01_인적정보'!B10="","",'01_인적정보'!C10) | D68: =IF('01_인적정보'!B10="","",'01_인적정보'!E10) | E68: =IF('01_인적정보'!B10="","",'01_인적정보'!H10) | F68: =IF('01_인적정보'!B10="","",'01_인적정보'!L10) | G68: =IF('01_인적정보'!B10="","",'07b_하반기입력'!K10) | H68: =IF('01_인적정보'!B10="","",'07b_하반기입력'!L10) | I68: =IFERROR(IF(AND(G68<>"",H68<>""),'02_의사결정·종합결과'!$B$67*IFERROR(CHOOSE(FIND(G68,"DCBAS"),1,2,3,4,5),0)+'02_의사결정·종합결과'!$B$68*IFERROR(CHOOSE(FIND(H68,"DCBAS"),1,2,3,4,5),0),IF(G68<>"",IFERROR(CHOOSE(FIND(G68,"DCBAS"),1,2,3,4,5),0),IF(H68<>"",IFERROR(CHOOSE(FIND(H68,"DCBAS"),1,2,3,4,5),0),""))),"") | J68: =IF(I68="","",IF(I68>=4.5,"S",IF(I68>=3.5,"A",IF(I68>=2.5,"B",IF(I68>=1.5,"C","D")))))
A69: =IF('01_인적정보'!B11="","",'01_인적정보'!A11) | B69: =IF('01_인적정보'!B11="","",'01_인적정보'!B11) | C69: =IF('01_인적정보'!B11="","",'01_인적정보'!C11) | D69: =IF('01_인적정보'!B11="","",'01_인적정보'!E11) | E69: =IF('01_인적정보'!B11="","",'01_인적정보'!H11) | F69: =IF('01_인적정보'!B11="","",'01_인적정보'!L11) | G69: =IF('01_인적정보'!B11="","",'07b_하반기입력'!K11) | H69: =IF('01_인적정보'!B11="","",'07b_하반기입력'!L11) | I69: =IFERROR(IF(AND(G69<>"",H69<>""),'02_의사결정·종합결과'!$B$67*IFERROR(CHOOSE(FIND(G69,"DCBAS"),1,2,3,4,5),0)+'02_의사결정·종합결과'!$B$68*IFERROR(CHOOSE(FIND(H69,"DCBAS"),1,2,3,4,5),0),IF(G69<>"",IFERROR(CHOOSE(FIND(G69,"DCBAS"),1,2,3,4,5),0),IF(H69<>"",IFERROR(CHOOSE(FIND(H69,"DCBAS"),1,2,3,4,5),0),""))),"") | J69: =IF(I69="","",IF(I69>=4.5,"S",IF(I69>=3.5,"A",IF(I69>=2.5,"B",IF(I69>=1.5,"C","D")))))
A70: =IF('01_인적정보'!B12="","",'01_인적정보'!A12) | B70: =IF('01_인적정보'!B12="","",'01_인적정보'!B12) | C70: =IF('01_인적정보'!B12="","",'01_인적정보'!C12) | D70: =IF('01_인적정보'!B12="","",'01_인적정보'!E12) | E70: =IF('01_인적정보'!B12="","",'01_인적정보'!H12) | F70: =IF('01_인적정보'!B12="","",'01_인적정보'!L12) | G70: =IF('01_인적정보'!B12="","",'07b_하반기입력'!K12) | H70: =IF('01_인적정보'!B12="","",'07b_하반기입력'!L12) | I70: =IFERROR(IF(AND(G70<>"",H70<>""),'02_의사결정·종합결과'!$B$67*IFERROR(CHOOSE(FIND(G70,"DCBAS"),1,2,3,4,5),0)+'02_의사결정·종합결과'!$B$68*IFERROR(CHOOSE(FIND(H70,"DCBAS"),1,2,3,4,5),0),IF(G70<>"",IFERROR(CHOOSE(FIND(G70,"DCBAS"),1,2,3,4,5),0),IF(H70<>"",IFERROR(CHOOSE(FIND(H70,"DCBAS"),1,2,3,4,5),0),""))),"") | J70: =IF(I70="","",IF(I70>=4.5,"S",IF(I70>=3.5,"A",IF(I70>=2.5,"B",IF(I70>=1.5,"C","D")))))
A71: =IF('01_인적정보'!B13="","",'01_인적정보'!A13) | B71: =IF('01_인적정보'!B13="","",'01_인적정보'!B13) | C71: =IF('01_인적정보'!B13="","",'01_인적정보'!C13) | D71: =IF('01_인적정보'!B13="","",'01_인적정보'!E13) | E71: =IF('01_인적정보'!B13="","",'01_인적정보'!H13) | F71: =IF('01_인적정보'!B13="","",'01_인적정보'!L13) | G71: =IF('01_인적정보'!B13="","",'07b_하반기입력'!K13) | H71: =IF('01_인적정보'!B13="","",'07b_하반기입력'!L13) | I71: =IFERROR(IF(AND(G71<>"",H71<>""),'02_의사결정·종합결과'!$B$67*IFERROR(CHOOSE(FIND(G71,"DCBAS"),1,2,3,4,5),0)+'02_의사결정·종합결과'!$B$68*IFERROR(CHOOSE(FIND(H71,"DCBAS"),1,2,3,4,5),0),IF(G71<>"",IFERROR(CHOOSE(FIND(G71,"DCBAS"),1,2,3,4,5),0),IF(H71<>"",IFERROR(CHOOSE(FIND(H71,"DCBAS"),1,2,3,4,5),0),""))),"") | J71: =IF(I71="","",IF(I71>=4.5,"S",IF(I71>=3.5,"A",IF(I71>=2.5,"B",IF(I71>=1.5,"C","D")))))
A72: =IF('01_인적정보'!B14="","",'01_인적정보'!A14) | B72: =IF('01_인적정보'!B14="","",'01_인적정보'!B14) | C72: =IF('01_인적정보'!B14="","",'01_인적정보'!C14) | D72: =IF('01_인적정보'!B14="","",'01_인적정보'!E14) | E72: =IF('01_인적정보'!B14="","",'01_인적정보'!H14) | F72: =IF('01_인적정보'!B14="","",'01_인적정보'!L14) | G72: =IF('01_인적정보'!B14="","",'07b_하반기입력'!K14) | H72: =IF('01_인적정보'!B14="","",'07b_하반기입력'!L14) | I72: =IFERROR(IF(AND(G72<>"",H72<>""),'02_의사결정·종합결과'!$B$67*IFERROR(CHOOSE(FIND(G72,"DCBAS"),1,2,3,4,5),0)+'02_의사결정·종합결과'!$B$68*IFERROR(CHOOSE(FIND(H72,"DCBAS"),1,2,3,4,5),0),IF(G72<>"",IFERROR(CHOOSE(FIND(G72,"DCBAS"),1,2,3,4,5),0),IF(H72<>"",IFERROR(CHOOSE(FIND(H72,"DCBAS"),1,2,3,4,5),0),""))),"") | J72: =IF(I72="","",IF(I72>=4.5,"S",IF(I72>=3.5,"A",IF(I72>=2.5,"B",IF(I72>=1.5,"C","D")))))
A73: =IF('01_인적정보'!B15="","",'01_인적정보'!A15) | B73: =IF('01_인적정보'!B15="","",'01_인적정보'!B15) | C73: =IF('01_인적정보'!B15="","",'01_인적정보'!C15) | D73: =IF('01_인적정보'!B15="","",'01_인적정보'!E15) | E73: =IF('01_인적정보'!B15="","",'01_인적정보'!H15) | F73: =IF('01_인적정보'!B15="","",'01_인적정보'!L15) | G73: =IF('01_인적정보'!B15="","",'07b_하반기입력'!K15) | H73: =IF('01_인적정보'!B15="","",'07b_하반기입력'!L15) | I73: =IFERROR(IF(AND(G73<>"",H73<>""),'02_의사결정·종합결과'!$B$67*IFERROR(CHOOSE(FIND(G73,"DCBAS"),1,2,3,4,5),0)+'02_의사결정·종합결과'!$B$68*IFERROR(CHOOSE(FIND(H73,"DCBAS"),1,2,3,4,5),0),IF(G73<>"",IFERROR(CHOOSE(FIND(G73,"DCBAS"),1,2,3,4,5),0),IF(H73<>"",IFERROR(CHOOSE(FIND(H73,"DCBAS"),1,2,3,4,5),0),""))),"") | J73: =IF(I73="","",IF(I73>=4.5,"S",IF(I73>=3.5,"A",IF(I73>=2.5,"B",IF(I73>=1.5,"C","D")))))
A74: =IF('01_인적정보'!B16="","",'01_인적정보'!A16) | B74: =IF('01_인적정보'!B16="","",'01_인적정보'!B16) | C74: =IF('01_인적정보'!B16="","",'01_인적정보'!C16) | D74: =IF('01_인적정보'!B16="","",'01_인적정보'!E16) | E74: =IF('01_인적정보'!B16="","",'01_인적정보'!H16) | F74: =IF('01_인적정보'!B16="","",'01_인적정보'!L16) | G74: =IF('01_인적정보'!B16="","",'07b_하반기입력'!K16) | H74: =IF('01_인적정보'!B16="","",'07b_하반기입력'!L16) | I74: =IFERROR(IF(AND(G74<>"",H74<>""),'02_의사결정·종합결과'!$B$67*IFERROR(CHOOSE(FIND(G74,"DCBAS"),1,2,3,4,5),0)+'02_의사결정·종합결과'!$B$68*IFERROR(CHOOSE(FIND(H74,"DCBAS"),1,2,3,4,5),0),IF(G74<>"",IFERROR(CHOOSE(FIND(G74,"DCBAS"),1,2,3,4,5),0),IF(H74<>"",IFERROR(CHOOSE(FIND(H74,"DCBAS"),1,2,3,4,5),0),""))),"") | J74: =IF(I74="","",IF(I74>=4.5,"S",IF(I74>=3.5,"A",IF(I74>=2.5,"B",IF(I74>=1.5,"C","D")))))
A75: =IF('01_인적정보'!B17="","",'01_인적정보'!A17) | B75: =IF('01_인적정보'!B17="","",'01_인적정보'!B17) | C75: =IF('01_인적정보'!B17="","",'01_인적정보'!C17) | D75: =IF('01_인적정보'!B17="","",'01_인적정보'!E17) | E75: =IF('01_인적정보'!B17="","",'01_인적정보'!H17) | F75: =IF('01_인적정보'!B17="","",'01_인적정보'!L17) | G75: =IF('01_인적정보'!B17="","",'07b_하반기입력'!K17) | H75: =IF('01_인적정보'!B17="","",'07b_하반기입력'!L17) | I75: =IFERROR(IF(AND(G75<>"",H75<>""),'02_의사결정·종합결과'!$B$67*IFERROR(CHOOSE(FIND(G75,"DCBAS"),1,2,3,4,5),0)+'02_의사결정·종합결과'!$B$68*IFERROR(CHOOSE(FIND(H75,"DCBAS"),1,2,3,4,5),0),IF(G75<>"",IFERROR(CHOOSE(FIND(G75,"DCBAS"),1,2,3,4,5),0),IF(H75<>"",IFERROR(CHOOSE(FIND(H75,"DCBAS"),1,2,3,4,5),0),""))),"") | J75: =IF(I75="","",IF(I75>=4.5,"S",IF(I75>=3.5,"A",IF(I75>=2.5,"B",IF(I75>=1.5,"C","D")))))
... A113: =IF('01_인적정보'!B55="","",'01_인적정보'!A55) | B113: =IF('01_인적정보'!B55="","",'01_인적정보'!B55) | C113: =IF('01_인적정보'!B55="","",'01_인적정보'!C55) | D113: =IF('01_인적정보'!B55="","",'01_인적정보'!E55) | E113: =IF('01_인적정보'!B55="","",'01_인적정보'!H55) | F113: =IF('01_인적정보'!B55="","",'01_인적정보'!L55) | G113: =IF('01_인적정보'!B55="","",'07b_하반기입력'!K55) | H113: =IF('01_인적정보'!B55="","",'07b_하반기입력'!L55) | I113: =IFERROR(IF(AND(G113<>"",H113<>""),'02_의사결정·종합결과'!$B$67*IFERROR(CHOOSE(FIND(G113,"DCBAS"),1,2,3,4,5),0)+'02_의사결정·종합결과'!$B$68*IFERROR(CHOOSE(FIND(H113,"DCBAS"),1,2,3,4,5),0),IF(G113<>"",IFERROR(CHOOSE(FIND(G113,"DCBAS"),1,2,3,4,5),0),IF(H113<>"",IFERROR(CHOOSE(FIND(H113,"DCBAS"),1,2,3,4,5),0),""))),"") | J113: =IF(I113="","",IF(I113>=4.5,"S",IF(I113>=3.5,"A",IF(I113>=2.5,"B",IF(I113>=1.5,"C","D")))))

Sheet 07a_상반기입력
A1: 상반기 평가 결과 입력
A2: 평가지에서 각 직원별 [복사용 입력 행]을 통째로 복사 → 해당 사번 행 G열부터 [값 붙여넣기]. 1차·2차 평가자별 종합 등급을 받고, 02_의사결정의 평가자 가중치를 자동 적용해 04~06 시트에서 확정 등급 산출.
A4: 인적정보 | G4: 역할평가 | I4: 공통역량 | K4: 직무역량 | M4: 소견
A5: No. | B5: 사번 | C5: 성명 | D5: 직군 | E5: 직무 | F5: 역할등급 | G5: 역할(1차) | H5: 역할(2차) | I5: 공통(1차) | J5: 공통(2차) | K5: 직무(1차) | L5: 직무(2차) | M5: 종합 소견
A6: ='01_인적정보'!A6 | B6: ='01_인적정보'!B6 | C6: ='01_인적정보'!C6 | D6: ='01_인적정보'!D6 | E6: ='01_인적정보'!E6 | F6: ='01_인적정보'!H6
A7: ='01_인적정보'!A7 | B7: ='01_인적정보'!B7 | C7: ='01_인적정보'!C7 | D7: ='01_인적정보'!D7 | E7: ='01_인적정보'!E7 | F7: ='01_인적정보'!H7
A8: ='01_인적정보'!A8 | B8: ='01_인적정보'!B8 | C8: ='01_인적정보'!C8 | D8: ='01_인적정보'!D8 | E8: ='01_인적정보'!E8 | F8: ='01_인적정보'!H8
A9: ='01_인적정보'!A9 | B9: ='01_인적정보'!B9 | C9: ='01_인적정보'!C9 | D9: ='01_인적정보'!D9 | E9: ='01_인적정보'!E9 | F9: ='01_인적정보'!H9
A10: ='01_인적정보'!A10 | B10: ='01_인적정보'!B10 | C10: ='01_인적정보'!C10 | D10: ='01_인적정보'!D10 | E10: ='01_인적정보'!E10 | F10: ='01_인적정보'!H10
A11: ='01_인적정보'!A11 | B11: ='01_인적정보'!B11 | C11: ='01_인적정보'!C11 | D11: ='01_인적정보'!D11 | E11: ='01_인적정보'!E11 | F11: ='01_인적정보'!H11
A12: ='01_인적정보'!A12 | B12: ='01_인적정보'!B12 | C12: ='01_인적정보'!C12 | D12: ='01_인적정보'!D12 | E12: ='01_인적정보'!E12 | F12: ='01_인적정보'!H12
A13: ='01_인적정보'!A13 | B13: ='01_인적정보'!B13 | C13: ='01_인적정보'!C13 | D13: ='01_인적정보'!D13 | E13: ='01_인적정보'!E13 | F13: ='01_인적정보'!H13
A14: ='01_인적정보'!A14 | B14: ='01_인적정보'!B14 | C14: ='01_인적정보'!C14 | D14: ='01_인적정보'!D14 | E14: ='01_인적정보'!E14 | F14: ='01_인적정보'!H14
A15: ='01_인적정보'!A15 | B15: ='01_인적정보'!B15 | C15: ='01_인적정보'!C15 | D15: ='01_인적정보'!D15 | E15: ='01_인적정보'!E15 | F15: ='01_인적정보'!H15
A16: ='01_인적정보'!A16 | B16: ='01_인적정보'!B16 | C16: ='01_인적정보'!C16 | D16: ='01_인적정보'!D16 | E16: ='01_인적정보'!E16 | F16: ='01_인적정보'!H16
A17: ='01_인적정보'!A17 | B17: ='01_인적정보'!B17 | C17: ='01_인적정보'!C17 | D17: ='01_인적정보'!D17 | E17: ='01_인적정보'!E17 | F17: ='01_인적정보'!H17
... A39: ='01_인적정보'!A39 | B39: ='01_인적정보'!B39 | C39: ='01_인적정보'!C39 | D39: ='01_인적정보'!D39 | E39: ='01_인적정보'!E39 | F39: ='01_인적정보'!H39

Sheet 07b_하반기입력
A1: 하반기 평가 결과 입력
A2: 평가지에서 각 직원별 [복사용 입력 행]을 통째로 복사 → 해당 사번 행 G열부터 [값 붙여넣기]. 1차·2차 평가자별 종합 등급을 받고, 02_의사결정의 평가자 가중치를 자동 적용해 04~06 시트에서 확정 등급 산출.
A4: 인적정보 | G4: 역할평가 | I4: 공통역량 | K4: 직무역량 | M4: 소견
A5: No. | B5: 사번 | C5: 성명 | D5: 직군 | E5: 직무 | F5: 역할등급 | G5: 역할(1차) | H5: 역할(2차) | I5: 공통(1차) | J5: 공통(2차) | K5: 직무(1차) | L5: 직무(2차) | M5: 종합 소견
A6: ='01_인적정보'!A6 | B6: ='01_인적정보'!B6 | C6: ='01_인적정보'!C6 | D6: ='01_인적정보'!D6 | E6: ='01_인적정보'!E6 | F6: ='01_인적정보'!H6
A7: ='01_인적정보'!A7 | B7: ='01_인적정보'!B7 | C7: ='01_인적정보'!C7 | D7: ='01_인적정보'!D7 | E7: ='01_인적정보'!E7 | F7: ='01_인적정보'!H7
A8: ='01_인적정보'!A8 | B8: ='01_인적정보'!B8 | C8: ='01_인적정보'!C8 | D8: ='01_인적정보'!D8 | E8: ='01_인적정보'!E8 | F8: ='01_인적정보'!H8
A9: ='01_인적정보'!A9 | B9: ='01_인적정보'!B9 | C9: ='01_인적정보'!C9 | D9: ='01_인적정보'!D9 | E9: ='01_인적정보'!E9 | F9: ='01_인적정보'!H9
A10: ='01_인적정보'!A10 | B10: ='01_인적정보'!B10 | C10: ='01_인적정보'!C10 | D10: ='01_인적정보'!D10 | E10: ='01_인적정보'!E10 | F10: ='01_인적정보'!H10
A11: ='01_인적정보'!A11 | B11: ='01_인적정보'!B11 | C11: ='01_인적정보'!C11 | D11: ='01_인적정보'!D11 | E11: ='01_인적정보'!E11 | F11: ='01_인적정보'!H11
A12: ='01_인적정보'!A12 | B12: ='01_인적정보'!B12 | C12: ='01_인적정보'!C12 | D12: ='01_인적정보'!D12 | E12: ='01_인적정보'!E12 | F12: ='01_인적정보'!H12
A13: ='01_인적정보'!A13 | B13: ='01_인적정보'!B13 | C13: ='01_인적정보'!C13 | D13: ='01_인적정보'!D13 | E13: ='01_인적정보'!E13 | F13: ='01_인적정보'!H13
A14: ='01_인적정보'!A14 | B14: ='01_인적정보'!B14 | C14: ='01_인적정보'!C14 | D14: ='01_인적정보'!D14 | E14: ='01_인적정보'!E14 | F14: ='01_인적정보'!H14
A15: ='01_인적정보'!A15 | B15: ='01_인적정보'!B15 | C15: ='01_인적정보'!C15 | D15: ='01_인적정보'!D15 | E15: ='01_인적정보'!E15 | F15: ='01_인적정보'!H15
A16: ='01_인적정보'!A16 | B16: ='01_인적정보'!B16 | C16: ='01_인적정보'!C16 | D16: ='01_인적정보'!D16 | E16: ='01_인적정보'!E16 | F16: ='01_인적정보'!H16
A17: ='01_인적정보'!A17 | B17: ='01_인적정보'!B17 | C17: ='01_인적정보'!C17 | D17: ='01_인적정보'!D17 | E17: ='01_인적정보'!E17 | F17: ='01_인적정보'!H17
... A39: ='01_인적정보'!A39 | B39: ='01_인적정보'!B39 | C39: ='01_인적정보'!C39 | D39: ='01_인적정보'!D39 | E39: ='01_인적정보'!E39 | F39: ='01_인적정보'!H39

Sheet 08_종합평가
A1: 종합 성과평가 - 3축 통합 (역할 + 공통 + 직무) + 최종등급
A2: 직급별 가변 가중치 적용 → 종합점수 → 절대/상대평가 최종등급 자동 산출
A5: No. | B5: 사번 | C5: 성명 | D5: 직군 | E5: 직무 | F5: 역할등급 | G5: 역할(상) | H5: 역할(하) | I5: 역할점수 | J5: 공통(상) | K5: 공통(하) | L5: 공통점수 | M5: 직무(상) | N5: 직무(하) | O5: 직무점수 | P5: 가중(역할) | Q5: 가중(공통) | R5: 가중(직무) | S5: 종합점수 | T5: 절대등급 | U5: 최종등급 | V5: 종합 코멘트
A6: ='01_인적정보'!A6 | B6: ='01_인적정보'!B6 | C6: ='01_인적정보'!C6 | D6: ='01_인적정보'!D6 | E6: ='01_인적정보'!E6 | F6: ='01_인적정보'!H6 | G6: =IF('01_인적정보'!B6="","",'04_역할평가'!I6) | H6: =IF('01_인적정보'!B6="","",'04_역할평가'!I64) | I6: =IFERROR(IF(AND(G6<>"",H6<>""),IFERROR(CHOOSE(FIND(G6,"DCBAS"),1,2,3,4,5),0)*'02_의사결정·종합결과'!$B$7+IFERROR(CHOOSE(FIND(H6,"DCBAS"),1,2,3,4,5),0)*'02_의사결정·종합결과'!$B$8,""),"") | J6: =IF('01_인적정보'!B6="","",'05_공통역량평가'!I6) | K6: =IF('01_인적정보'!B6="","",'05_공통역량평가'!I64) | L6: =IFERROR(IF(AND(J6<>"",K6<>""),IFERROR(CHOOSE(FIND(J6,"DCBAS"),1,2,3,4,5),0)*'02_의사결정·종합결과'!$B$7+IFERROR(CHOOSE(FIND(K6,"DCBAS"),1,2,3,4,5),0)*'02_의사결정·종합결과'!$B$8,""),"") | M6: =IF('01_인적정보'!B6="","",'06_직무역량평가'!J6) | N6: =IF('01_인적정보'!B6="","",'06_직무역량평가'!J64) | O6: =IFERROR(IF(AND(M6<>"",N6<>""),IFERROR(CHOOSE(FIND(M6,"DCBAS"),1,2,3,4,5),0)*'02_의사결정·종합결과'!$B$7+IFERROR(CHOOSE(FIND(N6,"DCBAS"),1,2,3,4,5),0)*'02_의사결정·종합결과'!$B$8,""),"") | P6: =IFERROR(VLOOKUP(F6,'02_의사결정·종합결과'!$A$16:$D$22,2,FALSE),"") | Q6: =IFERROR(VLOOKUP(F6,'02_의사결정·종합결과'!$A$16:$D$22,3,FALSE),"") | R6: =IFERROR(VLOOKUP(F6,'02_의사결정·종합결과'!$A$16:$D$22,4,FALSE),"") | S6: =IF(OR(I6="",L6="",O6=""),"",I6*P6+L6*Q6+O6*R6) | T6: =IF(S6="","",IF(S6>=4.5,"S",IF(S6>=3.5,"A",IF(S6>=2.5,"B",IF(S6>=1.5,"C","D"))))) | U6: =IF(S6="","",IF('02_의사결정·종합결과'!$B$6="절대평가",T6,IF(S6="","",IF(IFERROR(RANK(S6,$S$6:$S$55,0)/COUNT($S$6:$S$55),0)<='02_의사결정·종합결과'!$B$11,"S",IF(IFERROR(RANK(S6,$S$6:$S$55,0)/COUNT($S$6:$S$55),0)<='02_의사결정·종합결과'!$B$11+'02_의사결정·종합결과'!$C$11,"A",IF(IFERROR(RANK(S6,$S$6:$S$55,0)/COUNT($S$6:$S$55),0)<='02_의사결정·종합결과'!$B$11+'02_의사결정·종합결과'!$C$11+'02_의사결정·종합결과'!$D$11,"B",IF(IFERROR(RANK(S6,$S$6:$S$55,0)/COUNT($S$6:$S$55),0)<='02_의사결정·종합결과'!$B$11+'02_의사결정·종합결과'!$C$11+'02_의사결정·종합결과'!$D$11+'02_의사결정·종합결과'!$E$11,"C","D")))))))
A7: ='01_인적정보'!A7 | B7: ='01_인적정보'!B7 | C7: ='01_인적정보'!C7 | D7: ='01_인적정보'!D7 | E7: ='01_인적정보'!E7 | F7: ='01_인적정보'!H7 | G7: =IF('01_인적정보'!B7="","",'04_역할평가'!I7) | H7: =IF('01_인적정보'!B7="","",'04_역할평가'!I65) | I7: =IFERROR(IF(AND(G7<>"",H7<>""),IFERROR(CHOOSE(FIND(G7,"DCBAS"),1,2,3,4,5),0)*'02_의사결정·종합결과'!$B$7+IFERROR(CHOOSE(FIND(H7,"DCBAS"),1,2,3,4,5),0)*'02_의사결정·종합결과'!$B$8,""),"") | J7: =IF('01_인적정보'!B7="","",'05_공통역량평가'!I7) | K7: =IF('01_인적정보'!B7="","",'05_공통역량평가'!I65) | L7: =IFERROR(IF(AND(J7<>"",K7<>""),IFERROR(CHOOSE(FIND(J7,"DCBAS"),1,2,3,4,5),0)*'02_의사결정·종합결과'!$B$7+IFERROR(CHOOSE(FIND(K7,"DCBAS"),1,2,3,4,5),0)*'02_의사결정·종합결과'!$B$8,""),"") | M7: =IF('01_인적정보'!B7="","",'06_직무역량평가'!J7) | N7: =IF('01_인적정보'!B7="","",'06_직무역량평가'!J65) | O7: =IFERROR(IF(AND(M7<>"",N7<>""),IFERROR(CHOOSE(FIND(M7,"DCBAS"),1,2,3,4,5),0)*'02_의사결정·종합결과'!$B$7+IFERROR(CHOOSE(FIND(N7,"DCBAS"),1,2,3,4,5),0)*'02_의사결정·종합결과'!$B$8,""),"") | P7: =IFERROR(VLOOKUP(F7,'02_의사결정·종합결과'!$A$16:$D$22,2,FALSE),"") | Q7: =IFERROR(VLOOKUP(F7,'02_의사결정·종합결과'!$A$16:$D$22,3,FALSE),"") | R7: =IFERROR(VLOOKUP(F7,'02_의사결정·종합결과'!$A$16:$D$22,4,FALSE),"") | S7: =IF(OR(I7="",L7="",O7=""),"",I7*P7+L7*Q7+O7*R7) | T7: =IF(S7="","",IF(S7>=4.5,"S",IF(S7>=3.5,"A",IF(S7>=2.5,"B",IF(S7>=1.5,"C","D"))))) | U7: =IF(S7="","",IF('02_의사결정·종합결과'!$B$6="절대평가",T7,IF(S7="","",IF(IFERROR(RANK(S7,$S$6:$S$55,0)/COUNT($S$6:$S$55),0)<='02_의사결정·종합결과'!$B$11,"S",IF(IFERROR(RANK(S7,$S$6:$S$55,0)/COUNT($S$6:$S$55),0)<='02_의사결정·종합결과'!$B$11+'02_의사결정·종합결과'!$C$11,"A",IF(IFERROR(RANK(S7,$S$6:$S$55,0)/COUNT($S$6:$S$55),0)<='02_의사결정·종합결과'!$B$11+'02_의사결정·종합결과'!$C$11+'02_의사결정·종합결과'!$D$11,"B",IF(IFERROR(RANK(S7,$S$6:$S$55,0)/COUNT($S$6:$S$55),0)<='02_의사결정·종합결과'!$B$11+'02_의사결정·종합결과'!$C$11+'02_의사결정·종합결과'!$D$11+'02_의사결정·종합결과'!$E$11,"C","D")))))))
A8: ='01_인적정보'!A8 | B8: ='01_인적정보'!B8 | C8: ='01_인적정보'!C8 | D8: ='01_인적정보'!D8 | E8: ='01_인적정보'!E8 | F8: ='01_인적정보'!H8 | G8: =IF('01_인적정보'!B8="","",'04_역할평가'!I8) | H8: =IF('01_인적정보'!B8="","",'04_역할평가'!I66) | I8: =IFERROR(IF(AND(G8<>"",H8<>""),IFERROR(CHOOSE(FIND(G8,"DCBAS"),1,2,3,4,5),0)*'02_의사결정·종합결과'!$B$7+IFERROR(CHOOSE(FIND(H8,"DCBAS"),1,2,3,4,5),0)*'02_의사결정·종합결과'!$B$8,""),"") | J8: =IF('01_인적정보'!B8="","",'05_공통역량평가'!I8) | K8: =IF('01_인적정보'!B8="","",'05_공통역량평가'!I66) | L8: =IFERROR(IF(AND(J8<>"",K8<>""),IFERROR(CHOOSE(FIND(J8,"DCBAS"),1,2,3,4,5),0)*'02_의사결정·종합결과'!$B$7+IFERROR(CHOOSE(FIND(K8,"DCBAS"),1,2,3,4,5),0)*'02_의사결정·종합결과'!$B$8,""),"") | M8: =IF('01_인적정보'!B8="","",'06_직무역량평가'!J8) | N8: =IF('01_인적정보'!B8="","",'06_직무역량평가'!J66) | O8: =IFERROR(IF(AND(M8<>"",N8<>""),IFERROR(CHOOSE(FIND(M8,"DCBAS"),1,2,3,4,5),0)*'02_의사결정·종합결과'!$B$7+IFERROR(CHOOSE(FIND(N8,"DCBAS"),1,2,3,4,5),0)*'02_의사결정·종합결과'!$B$8,""),"") | P8: =IFERROR(VLOOKUP(F8,'02_의사결정·종합결과'!$A$16:$D$22,2,FALSE),"") | Q8: =IFERROR(VLOOKUP(F8,'02_의사결정·종합결과'!$A$16:$D$22,3,FALSE),"") | R8: =IFERROR(VLOOKUP(F8,'02_의사결정·종합결과'!$A$16:$D$22,4,FALSE),"") | S8: =IF(OR(I8="",L8="",O8=""),"",I8*P8+L8*Q8+O8*R8) | T8: =IF(S8="","",IF(S8>=4.5,"S",IF(S8>=3.5,"A",IF(S8>=2.5,"B",IF(S8>=1.5,"C","D"))))) | U8: =IF(S8="","",IF('02_의사결정·종합결과'!$B$6="절대평가",T8,IF(S8="","",IF(IFERROR(RANK(S8,$S$6:$S$55,0)/COUNT($S$6:$S$55),0)<='02_의사결정·종합결과'!$B$11,"S",IF(IFERROR(RANK(S8,$S$6:$S$55,0)/COUNT($S$6:$S$55),0)<='02_의사결정·종합결과'!$B$11+'02_의사결정·종합결과'!$C$11,"A",IF(IFERROR(RANK(S8,$S$6:$S$55,0)/COUNT($S$6:$S$55),0)<='02_의사결정·종합결과'!$B$11+'02_의사결정·종합결과'!$C$11+'02_의사결정·종합결과'!$D$11,"B",IF(IFERROR(RANK(S8,$S$6:$S$55,0)/COUNT($S$6:$S$55),0)<='02_의사결정·종합결과'!$B$11+'02_의사결정·종합결과'!$C$11+'02_의사결정·종합결과'!$D$11+'02_의사결정·종합결과'!$E$11,"C","D")))))))
A9: ='01_인적정보'!A9 | B9: ='01_인적정보'!B9 | C9: ='01_인적정보'!C9 | D9: ='01_인적정보'!D9 | E9: ='01_인적정보'!E9 | F9: ='01_인적정보'!H9 | G9: =IF('01_인적정보'!B9="","",'04_역할평가'!I9) | H9: =IF('01_인적정보'!B9="","",'04_역할평가'!I67) | I9: =IFERROR(IF(AND(G9<>"",H9<>""),IFERROR(CHOOSE(FIND(G9,"DCBAS"),1,2,3,4,5),0)*'02_의사결정·종합결과'!$B$7+IFERROR(CHOOSE(FIND(H9,"DCBAS"),1,2,3,4,5),0)*'02_의사결정·종합결과'!$B$8,""),"") | J9: =IF('01_인적정보'!B9="","",'05_공통역량평가'!I9) | K9: =IF('01_인적정보'!B9="","",'05_공통역량평가'!I67) | L9: =IFERROR(IF(AND(J9<>"",K9<>""),IFERROR(CHOOSE(FIND(J9,"DCBAS"),1,2,3,4,5),0)*'02_의사결정·종합결과'!$B$7+IFERROR(CHOOSE(FIND(K9,"DCBAS"),1,2,3,4,5),0)*'02_의사결정·종합결과'!$B$8,""),"") | M9: =IF('01_인적정보'!B9="","",'06_직무역량평가'!J9) | N9: =IF('01_인적정보'!B9="","",'06_직무역량평가'!J67) | O9: =IFERROR(IF(AND(M9<>"",N9<>""),IFERROR(CHOOSE(FIND(M9,"DCBAS"),1,2,3,4,5),0)*'02_의사결정·종합결과'!$B$7+IFERROR(CHOOSE(FIND(N9,"DCBAS"),1,2,3,4,5),0)*'02_의사결정·종합결과'!$B$8,""),"") | P9: =IFERROR(VLOOKUP(F9,'02_의사결정·종합결과'!$A$16:$D$22,2,FALSE),"") | Q9: =IFERROR(VLOOKUP(F9,'02_의사결정·종합결과'!$A$16:$D$22,3,FALSE),"") | R9: =IFERROR(VLOOKUP(F9,'02_의사결정·종합결과'!$A$16:$D$22,4,FALSE),"") | S9: =IF(OR(I9="",L9="",O9=""),"",I9*P9+L9*Q9+O9*R9) | T9: =IF(S9="","",IF(S9>=4.5,"S",IF(S9>=3.5,"A",IF(S9>=2.5,"B",IF(S9>=1.5,"C","D"))))) | U9: =IF(S9="","",IF('02_의사결정·종합결과'!$B$6="절대평가",T9,IF(S9="","",IF(IFERROR(RANK(S9,$S$6:$S$55,0)/COUNT($S$6:$S$55),0)<='02_의사결정·종합결과'!$B$11,"S",IF(IFERROR(RANK(S9,$S$6:$S$55,0)/COUNT($S$6:$S$55),0)<='02_의사결정·종합결과'!$B$11+'02_의사결정·종합결과'!$C$11,"A",IF(IFERROR(RANK(S9,$S$6:$S$55,0)/COUNT($S$6:$S$55),0)<='02_의사결정·종합결과'!$B$11+'02_의사결정·종합결과'!$C$11+'02_의사결정·종합결과'!$D$11,"B",IF(IFERROR(RANK(S9,$S$6:$S$55,0)/COUNT($S$6:$S$55),0)<='02_의사결정·종합결과'!$B$11+'02_의사결정·종합결과'!$C$11+'02_의사결정·종합결과'!$D$11+'02_의사결정·종합결과'!$E$11,"C","D")))))))
A10: ='01_인적정보'!A10 | B10: ='01_인적정보'!B10 | C10: ='01_인적정보'!C10 | D10: ='01_인적정보'!D10 | E10: ='01_인적정보'!E10 | F10: ='01_인적정보'!H10 | G10: =IF('01_인적정보'!B10="","",'04_역할평가'!I10) | H10: =IF('01_인적정보'!B10="","",'04_역할평가'!I68) | I10: =IFERROR(IF(AND(G10<>"",H10<>""),IFERROR(CHOOSE(FIND(G10,"DCBAS"),1,2,3,4,5),0)*'02_의사결정·종합결과'!$B$7+IFERROR(CHOOSE(FIND(H10,"DCBAS"),1,2,3,4,5),0)*'02_의사결정·종합결과'!$B$8,""),"") | J10: =IF('01_인적정보'!B10="","",'05_공통역량평가'!I10) | K10: =IF('01_인적정보'!B10="","",'05_공통역량평가'!I68) | L10: =IFERROR(IF(AND(J10<>"",K10<>""),IFERROR(CHOOSE(FIND(J10,"DCBAS"),1,2,3,4,5),0)*'02_의사결정·종합결과'!$B$7+IFERROR(CHOOSE(FIND(K10,"DCBAS"),1,2,3,4,5),0)*'02_의사결정·종합결과'!$B$8,""),"") | M10: =IF('01_인적정보'!B10="","",'06_직무역량평가'!J10) | N10: =IF('01_인적정보'!B10="","",'06_직무역량평가'!J68) | O10: =IFERROR(IF(AND(M10<>"",N10<>""),IFERROR(CHOOSE(FIND(M10,"DCBAS"),1,2,3,4,5),0)*'02_의사결정·종합결과'!$B$7+IFERROR(CHOOSE(FIND(N10,"DCBAS"),1,2,3,4,5),0)*'02_의사결정·종합결과'!$B$8,""),"") | P10: =IFERROR(VLOOKUP(F10,'02_의사결정·종합결과'!$A$16:$D$22,2,FALSE),"") | Q10: =IFERROR(VLOOKUP(F10,'02_의사결정·종합결과'!$A$16:$D$22,3,FALSE),"") | R10: =IFERROR(VLOOKUP(F10,'02_의사결정·종합결과'!$A$16:$D$22,4,FALSE),"") | S10: =IF(OR(I10="",L10="",O10=""),"",I10*P10+L10*Q10+O10*R10) | T10: =IF(S10="","",IF(S10>=4.5,"S",IF(S10>=3.5,"A",IF(S10>=2.5,"B",IF(S10>=1.5,"C","D"))))) | U10: =IF(S10="","",IF('02_의사결정·종합결과'!$B$6="절대평가",T10,IF(S10="","",IF(IFERROR(RANK(S10,$S$6:$S$55,0)/COUNT($S$6:$S$55),0)<='02_의사결정·종합결과'!$B$11,"S",IF(IFERROR(RANK(S10,$S$6:$S$55,0)/COUNT($S$6:$S$55),0)<='02_의사결정·종합결과'!$B$11+'02_의사결정·종합결과'!$C$11,"A",IF(IFERROR(RANK(S10,$S$6:$S$55,0)/COUNT($S$6:$S$55),0)<='02_의사결정·종합결과'!$B$11+'02_의사결정·종합결과'!$C$11+'02_의사결정·종합결과'!$D$11,"B",IF(IFERROR(RANK(S10,$S$6:$S$55,0)/COUNT($S$6:$S$55),0)<='02_의사결정·종합결과'!$B$11+'02_의사결정·종합결과'!$C$11+'02_의사결정·종합결과'!$D$11+'02_의사결정·종합결과'!$E$11,"C","D")))))))
A11: ='01_인적정보'!A11 | B11: ='01_인적정보'!B11 | C11: ='01_인적정보'!C11 | D11: ='01_인적정보'!D11 | E11: ='01_인적정보'!E11 | F11: ='01_인적정보'!H11 | G11: =IF('01_인적정보'!B11="","",'04_역할평가'!I11) | H11: =IF('01_인적정보'!B11="","",'04_역할평가'!I69) | I11: =IFERROR(IF(AND(G11<>"",H11<>""),IFERROR(CHOOSE(FIND(G11,"DCBAS"),1,2,3,4,5),0)*'02_의사결정·종합결과'!$B$7+IFERROR(CHOOSE(FIND(H11,"DCBAS"),1,2,3,4,5),0)*'02_의사결정·종합결과'!$B$8,""),"") | J11: =IF('01_인적정보'!B11="","",'05_공통역량평가'!I11) | K11: =IF('01_인적정보'!B11="","",'05_공통역량평가'!I69) | L11: =IFERROR(IF(AND(J11<>"",K11<>""),IFERROR(CHOOSE(FIND(J11,"DCBAS"),1,2,3,4,5),0)*'02_의사결정·종합결과'!$B$7+IFERROR(CHOOSE(FIND(K11,"DCBAS"),1,2,3,4,5),0)*'02_의사결정·종합결과'!$B$8,""),"") | M11: =IF('01_인적정보'!B11="","",'06_직무역량평가'!J11) | N11: =IF('01_인적정보'!B11="","",'06_직무역량평가'!J69) | O11: =IFERROR(IF(AND(M11<>"",N11<>""),IFERROR(CHOOSE(FIND(M11,"DCBAS"),1,2,3,4,5),0)*'02_의사결정·종합결과'!$B$7+IFERROR(CHOOSE(FIND(N11,"DCBAS"),1,2,3,4,5),0)*'02_의사결정·종합결과'!$B$8,""),"") | P11: =IFERROR(VLOOKUP(F11,'02_의사결정·종합결과'!$A$16:$D$22,2,FALSE),"") | Q11: =IFERROR(VLOOKUP(F11,'02_의사결정·종합결과'!$A$16:$D$22,3,FALSE),"") | R11: =IFERROR(VLOOKUP(F11,'02_의사결정·종합결과'!$A$16:$D$22,4,FALSE),"") | S11: =IF(OR(I11="",L11="",O11=""),"",I11*P11+L11*Q11+O11*R11) | T11: =IF(S11="","",IF(S11>=4.5,"S",IF(S11>=3.5,"A",IF(S11>=2.5,"B",IF(S11>=1.5,"C","D"))))) | U11: =IF(S11="","",IF('02_의사결정·종합결과'!$B$6="절대평가",T11,IF(S11="","",IF(IFERROR(RANK(S11,$S$6:$S$55,0)/COUNT($S$6:$S$55),0)<='02_의사결정·종합결과'!$B$11,"S",IF(IFERROR(RANK(S11,$S$6:$S$55,0)/COUNT($S$6:$S$55),0)<='02_의사결정·종합결과'!$B$11+'02_의사결정·종합결과'!$C$11,"A",IF(IFERROR(RANK(S11,$S$6:$S$55,0)/COUNT($S$6:$S$55),0)<='02_의사결정·종합결과'!$B$11+'02_의사결정·종합결과'!$C$11+'02_의사결정·종합결과'!$D$11,"B",IF(IFERROR(RANK(S11,$S$6:$S$55,0)/COUNT($S$6:$S$55),0)<='02_의사결정·종합결과'!$B$11+'02_의사결정·종합결과'!$C$11+'02_의사결정·종합결과'!$D$11+'02_의사결정·종합결과'!$E$11,"C","D")))))))
A12: ='01_인적정보'!A12 | B12: ='01_인적정보'!B12 | C12: ='01_인적정보'!C12 | D12: ='01_인적정보'!D12 | E12: ='01_인적정보'!E12 | F12: ='01_인적정보'!H12 | G12: =IF('01_인적정보'!B12="","",'04_역할평가'!I12) | H12: =IF('01_인적정보'!B12="","",'04_역할평가'!I70) | I12: =IFERROR(IF(AND(G12<>"",H12<>""),IFERROR(CHOOSE(FIND(G12,"DCBAS"),1,2,3,4,5),0)*'02_의사결정·종합결과'!$B$7+IFERROR(CHOOSE(FIND(H12,"DCBAS"),1,2,3,4,5),0)*'02_의사결정·종합결과'!$B$8,""),"") | J12: =IF('01_인적정보'!B12="","",'05_공통역량평가'!I12) | K12: =IF('01_인적정보'!B12="","",'05_공통역량평가'!I70) | L12: =IFERROR(IF(AND(J12<>"",K12<>""),IFERROR(CHOOSE(FIND(J12,"DCBAS"),1,2,3,4,5),0)*'02_의사결정·종합결과'!$B$7+IFERROR(CHOOSE(FIND(K12,"DCBAS"),1,2,3,4,5),0)*'02_의사결정·종합결과'!$B$8,""),"") | M12: =IF('01_인적정보'!B12="","",'06_직무역량평가'!J12) | N12: =IF('01_인적정보'!B12="","",'06_직무역량평가'!J70) | O12: =IFERROR(IF(AND(M12<>"",N12<>""),IFERROR(CHOOSE(FIND(M12,"DCBAS"),1,2,3,4,5),0)*'02_의사결정·종합결과'!$B$7+IFERROR(CHOOSE(FIND(N12,"DCBAS"),1,2,3,4,5),0)*'02_의사결정·종합결과'!$B$8,""),"") | P12: =IFERROR(VLOOKUP(F12,'02_의사결정·종합결과'!$A$16:$D$22,2,FALSE),"") | Q12: =IFERROR(VLOOKUP(F12,'02_의사결정·종합결과'!$A$16:$D$22,3,FALSE),"") | R12: =IFERROR(VLOOKUP(F12,'02_의사결정·종합결과'!$A$16:$D$22,4,FALSE),"") | S12: =IF(OR(I12="",L12="",O12=""),"",I12*P12+L12*Q12+O12*R12) | T12: =IF(S12="","",IF(S12>=4.5,"S",IF(S12>=3.5,"A",IF(S12>=2.5,"B",IF(S12>=1.5,"C","D"))))) | U12: =IF(S12="","",IF('02_의사결정·종합결과'!$B$6="절대평가",T12,IF(S12="","",IF(IFERROR(RANK(S12,$S$6:$S$55,0)/COUNT($S$6:$S$55),0)<='02_의사결정·종합결과'!$B$11,"S",IF(IFERROR(RANK(S12,$S$6:$S$55,0)/COUNT($S$6:$S$55),0)<='02_의사결정·종합결과'!$B$11+'02_의사결정·종합결과'!$C$11,"A",IF(IFERROR(RANK(S12,$S$6:$S$55,0)/COUNT($S$6:$S$55),0)<='02_의사결정·종합결과'!$B$11+'02_의사결정·종합결과'!$C$11+'02_의사결정·종합결과'!$D$11,"B",IF(IFERROR(RANK(S12,$S$6:$S$55,0)/COUNT($S$6:$S$55),0)<='02_의사결정·종합결과'!$B$11+'02_의사결정·종합결과'!$C$11+'02_의사결정·종합결과'!$D$11+'02_의사결정·종합결과'!$E$11,"C","D")))))))
A13: ='01_인적정보'!A13 | B13: ='01_인적정보'!B13 | C13: ='01_인적정보'!C13 | D13: ='01_인적정보'!D13 | E13: ='01_인적정보'!E13 | F13: ='01_인적정보'!H13 | G13: =IF('01_인적정보'!B13="","",'04_역할평가'!I13) | H13: =IF('01_인적정보'!B13="","",'04_역할평가'!I71) | I13: =IFERROR(IF(AND(G13<>"",H13<>""),IFERROR(CHOOSE(FIND(G13,"DCBAS"),1,2,3,4,5),0)*'02_의사결정·종합결과'!$B$7+IFERROR(CHOOSE(FIND(H13,"DCBAS"),1,2,3,4,5),0)*'02_의사결정·종합결과'!$B$8,""),"") | J13: =IF('01_인적정보'!B13="","",'05_공통역량평가'!I13) | K13: =IF('01_인적정보'!B13="","",'05_공통역량평가'!I71) | L13: =IFERROR(IF(AND(J13<>"",K13<>""),IFERROR(CHOOSE(FIND(J13,"DCBAS"),1,2,3,4,5),0)*'02_의사결정·종합결과'!$B$7+IFERROR(CHOOSE(FIND(K13,"DCBAS"),1,2,3,4,5),0)*'02_의사결정·종합결과'!$B$8,""),"") | M13: =IF('01_인적정보'!B13="","",'06_직무역량평가'!J13) | N13: =IF('01_인적정보'!B13="","",'06_직무역량평가'!J71) | O13: =IFERROR(IF(AND(M13<>"",N13<>""),IFERROR(CHOOSE(FIND(M13,"DCBAS"),1,2,3,4,5),0)*'02_의사결정·종합결과'!$B$7+IFERROR(CHOOSE(FIND(N13,"DCBAS"),1,2,3,4,5),0)*'02_의사결정·종합결과'!$B$8,""),"") | P13: =IFERROR(VLOOKUP(F13,'02_의사결정·종합결과'!$A$16:$D$22,2,FALSE),"") | Q13: =IFERROR(VLOOKUP(F13,'02_의사결정·종합결과'!$A$16:$D$22,3,FALSE),"") | R13: =IFERROR(VLOOKUP(F13,'02_의사결정·종합결과'!$A$16:$D$22,4,FALSE),"") | S13: =IF(OR(I13="",L13="",O13=""),"",I13*P13+L13*Q13+O13*R13) | T13: =IF(S13="","",IF(S13>=4.5,"S",IF(S13>=3.5,"A",IF(S13>=2.5,"B",IF(S13>=1.5,"C","D"))))) | U13: =IF(S13="","",IF('02_의사결정·종합결과'!$B$6="절대평가",T13,IF(S13="","",IF(IFERROR(RANK(S13,$S$6:$S$55,0)/COUNT($S$6:$S$55),0)<='02_의사결정·종합결과'!$B$11,"S",IF(IFERROR(RANK(S13,$S$6:$S$55,0)/COUNT($S$6:$S$55),0)<='02_의사결정·종합결과'!$B$11+'02_의사결정·종합결과'!$C$11,"A",IF(IFERROR(RANK(S13,$S$6:$S$55,0)/COUNT($S$6:$S$55),0)<='02_의사결정·종합결과'!$B$11+'02_의사결정·종합결과'!$C$11+'02_의사결정·종합결과'!$D$11,"B",IF(IFERROR(RANK(S13,$S$6:$S$55,0)/COUNT($S$6:$S$55),0)<='02_의사결정·종합결과'!$B$11+'02_의사결정·종합결과'!$C$11+'02_의사결정·종합결과'!$D$11+'02_의사결정·종합결과'!$E$11,"C","D")))))))
A14: ='01_인적정보'!A14 | B14: ='01_인적정보'!B14 | C14: ='01_인적정보'!C14 | D14: ='01_인적정보'!D14 | E14: ='01_인적정보'!E14 | F14: ='01_인적정보'!H14 | G14: =IF('01_인적정보'!B14="","",'04_역할평가'!I14) | H14: =IF('01_인적정보'!B14="","",'04_역할평가'!I72) | I14: =IFERROR(IF(AND(G14<>"",H14<>""),IFERROR(CHOOSE(FIND(G14,"DCBAS"),1,2,3,4,5),0)*'02_의사결정·종합결과'!$B$7+IFERROR(CHOOSE(FIND(H14,"DCBAS"),1,2,3,4,5),0)*'02_의사결정·종합결과'!$B$8,""),"") | J14: =IF('01_인적정보'!B14="","",'05_공통역량평가'!I14) | K14: =IF('01_인적정보'!B14="","",'05_공통역량평가'!I72) | L14: =IFERROR(IF(AND(J14<>"",K14<>""),IFERROR(CHOOSE(FIND(J14,"DCBAS"),1,2,3,4,5),0)*'02_의사결정·종합결과'!$B$7+IFERROR(CHOOSE(FIND(K14,"DCBAS"),1,2,3,4,5),0)*'02_의사결정·종합결과'!$B$8,""),"") | M14: =IF('01_인적정보'!B14="","",'06_직무역량평가'!J14) | N14: =IF('01_인적정보'!B14="","",'06_직무역량평가'!J72) | O14: =IFERROR(IF(AND(M14<>"",N14<>""),IFERROR(CHOOSE(FIND(M14,"DCBAS"),1,2,3,4,5),0)*'02_의사결정·종합결과'!$B$7+IFERROR(CHOOSE(FIND(N14,"DCBAS"),1,2,3,4,5),0)*'02_의사결정·종합결과'!$B$8,""),"") | P14: =IFERROR(VLOOKUP(F14,'02_의사결정·종합결과'!$A$16:$D$22,2,FALSE),"") | Q14: =IFERROR(VLOOKUP(F14,'02_의사결정·종합결과'!$A$16:$D$22,3,FALSE),"") | R14: =IFERROR(VLOOKUP(F14,'02_의사결정·종합결과'!$A$16:$D$22,4,FALSE),"") | S14: =IF(OR(I14="",L14="",O14=""),"",I14*P14+L14*Q14+O14*R14) | T14: =IF(S14="","",IF(S14>=4.5,"S",IF(S14>=3.5,"A",IF(S14>=2.5,"B",IF(S14>=1.5,"C","D"))))) | U14: =IF(S14="","",IF('02_의사결정·종합결과'!$B$6="절대평가",T14,IF(S14="","",IF(IFERROR(RANK(S14,$S$6:$S$55,0)/COUNT($S$6:$S$55),0)<='02_의사결정·종합결과'!$B$11,"S",IF(IFERROR(RANK(S14,$S$6:$S$55,0)/COUNT($S$6:$S$55),0)<='02_의사결정·종합결과'!$B$11+'02_의사결정·종합결과'!$C$11,"A",IF(IFERROR(RANK(S14,$S$6:$S$55,0)/COUNT($S$6:$S$55),0)<='02_의사결정·종합결과'!$B$11+'02_의사결정·종합결과'!$C$11+'02_의사결정·종합결과'!$D$11,"B",IF(IFERROR(RANK(S14,$S$6:$S$55,0)/COUNT($S$6:$S$55),0)<='02_의사결정·종합결과'!$B$11+'02_의사결정·종합결과'!$C$11+'02_의사결정·종합결과'!$D$11+'02_의사결정·종합결과'!$E$11,"C","D")))))))
A15: ='01_인적정보'!A15 | B15: ='01_인적정보'!B15 | C15: ='01_인적정보'!C15 | D15: ='01_인적정보'!D15 | E15: ='01_인적정보'!E15 | F15: ='01_인적정보'!H15 | G15: =IF('01_인적정보'!B15="","",'04_역할평가'!I15) | H15: =IF('01_인적정보'!B15="","",'04_역할평가'!I73) | I15: =IFERROR(IF(AND(G15<>"",H15<>""),IFERROR(CHOOSE(FIND(G15,"DCBAS"),1,2,3,4,5),0)*'02_의사결정·종합결과'!$B$7+IFERROR(CHOOSE(FIND(H15,"DCBAS"),1,2,3,4,5),0)*'02_의사결정·종합결과'!$B$8,""),"") | J15: =IF('01_인적정보'!B15="","",'05_공통역량평가'!I15) | K15: =IF('01_인적정보'!B15="","",'05_공통역량평가'!I73) | L15: =IFERROR(IF(AND(J15<>"",K15<>""),IFERROR(CHOOSE(FIND(J15,"DCBAS"),1,2,3,4,5),0)*'02_의사결정·종합결과'!$B$7+IFERROR(CHOOSE(FIND(K15,"DCBAS"),1,2,3,4,5),0)*'02_의사결정·종합결과'!$B$8,""),"") | M15: =IF('01_인적정보'!B15="","",'06_직무역량평가'!J15) | N15: =IF('01_인적정보'!B15="","",'06_직무역량평가'!J73) | O15: =IFERROR(IF(AND(M15<>"",N15<>""),IFERROR(CHOOSE(FIND(M15,"DCBAS"),1,2,3,4,5),0)*'02_의사결정·종합결과'!$B$7+IFERROR(CHOOSE(FIND(N15,"DCBAS"),1,2,3,4,5),0)*'02_의사결정·종합결과'!$B$8,""),"") | P15: =IFERROR(VLOOKUP(F15,'02_의사결정·종합결과'!$A$16:$D$22,2,FALSE),"") | Q15: =IFERROR(VLOOKUP(F15,'02_의사결정·종합결과'!$A$16:$D$22,3,FALSE),"") | R15: =IFERROR(VLOOKUP(F15,'02_의사결정·종합결과'!$A$16:$D$22,4,FALSE),"") | S15: =IF(OR(I15="",L15="",O15=""),"",I15*P15+L15*Q15+O15*R15) | T15: =IF(S15="","",IF(S15>=4.5,"S",IF(S15>=3.5,"A",IF(S15>=2.5,"B",IF(S15>=1.5,"C","D"))))) | U15: =IF(S15="","",IF('02_의사결정·종합결과'!$B$6="절대평가",T15,IF(S15="","",IF(IFERROR(RANK(S15,$S$6:$S$55,0)/COUNT($S$6:$S$55),0)<='02_의사결정·종합결과'!$B$11,"S",IF(IFERROR(RANK(S15,$S$6:$S$55,0)/COUNT($S$6:$S$55),0)<='02_의사결정·종합결과'!$B$11+'02_의사결정·종합결과'!$C$11,"A",IF(IFERROR(RANK(S15,$S$6:$S$55,0)/COUNT($S$6:$S$55),0)<='02_의사결정·종합결과'!$B$11+'02_의사결정·종합결과'!$C$11+'02_의사결정·종합결과'!$D$11,"B",IF(IFERROR(RANK(S15,$S$6:$S$55,0)/COUNT($S$6:$S$55),0)<='02_의사결정·종합결과'!$B$11+'02_의사결정·종합결과'!$C$11+'02_의사결정·종합결과'!$D$11+'02_의사결정·종합결과'!$E$11,"C","D")))))))
A16: ='01_인적정보'!A16 | B16: ='01_인적정보'!B16 | C16: ='01_인적정보'!C16 | D16: ='01_인적정보'!D16 | E16: ='01_인적정보'!E16 | F16: ='01_인적정보'!H16 | G16: =IF('01_인적정보'!B16="","",'04_역할평가'!I16) | H16: =IF('01_인적정보'!B16="","",'04_역할평가'!I74) | I16: =IFERROR(IF(AND(G16<>"",H16<>""),IFERROR(CHOOSE(FIND(G16,"DCBAS"),1,2,3,4,5),0)*'02_의사결정·종합결과'!$B$7+IFERROR(CHOOSE(FIND(H16,"DCBAS"),1,2,3,4,5),0)*'02_의사결정·종합결과'!$B$8,""),"") | J16: =IF('01_인적정보'!B16="","",'05_공통역량평가'!I16) | K16: =IF('01_인적정보'!B16="","",'05_공통역량평가'!I74) | L16: =IFERROR(IF(AND(J16<>"",K16<>""),IFERROR(CHOOSE(FIND(J16,"DCBAS"),1,2,3,4,5),0)*'02_의사결정·종합결과'!$B$7+IFERROR(CHOOSE(FIND(K16,"DCBAS"),1,2,3,4,5),0)*'02_의사결정·종합결과'!$B$8,""),"") | M16: =IF('01_인적정보'!B16="","",'06_직무역량평가'!J16) | N16: =IF('01_인적정보'!B16="","",'06_직무역량평가'!J74) | O16: =IFERROR(IF(AND(M16<>"",N16<>""),IFERROR(CHOOSE(FIND(M16,"DCBAS"),1,2,3,4,5),0)*'02_의사결정·종합결과'!$B$7+IFERROR(CHOOSE(FIND(N16,"DCBAS"),1,2,3,4,5),0)*'02_의사결정·종합결과'!$B$8,""),"") | P16: =IFERROR(VLOOKUP(F16,'02_의사결정·종합결과'!$A$16:$D$22,2,FALSE),"") | Q16: =IFERROR(VLOOKUP(F16,'02_의사결정·종합결과'!$A$16:$D$22,3,FALSE),"") | R16: =IFERROR(VLOOKUP(F16,'02_의사결정·종합결과'!$A$16:$D$22,4,FALSE),"") | S16: =IF(OR(I16="",L16="",O16=""),"",I16*P16+L16*Q16+O16*R16) | T16: =IF(S16="","",IF(S16>=4.5,"S",IF(S16>=3.5,"A",IF(S16>=2.5,"B",IF(S16>=1.5,"C","D"))))) | U16: =IF(S16="","",IF('02_의사결정·종합결과'!$B$6="절대평가",T16,IF(S16="","",IF(IFERROR(RANK(S16,$S$6:$S$55,0)/COUNT($S$6:$S$55),0)<='02_의사결정·종합결과'!$B$11,"S",IF(IFERROR(RANK(S16,$S$6:$S$55,0)/COUNT($S$6:$S$55),0)<='02_의사결정·종합결과'!$B$11+'02_의사결정·종합결과'!$C$11,"A",IF(IFERROR(RANK(S16,$S$6:$S$55,0)/COUNT($S$6:$S$55),0)<='02_의사결정·종합결과'!$B$11+'02_의사결정·종합결과'!$C$11+'02_의사결정·종합결과'!$D$11,"B",IF(IFERROR(RANK(S16,$S$6:$S$55,0)/COUNT($S$6:$S$55),0)<='02_의사결정·종합결과'!$B$11+'02_의사결정·종합결과'!$C$11+'02_의사결정·종합결과'!$D$11+'02_의사결정·종합결과'!$E$11,"C","D")))))))
A17: ='01_인적정보'!A17 | B17: ='01_인적정보'!B17 | C17: ='01_인적정보'!C17 | D17: ='01_인적정보'!D17 | E17: ='01_인적정보'!E17 | F17: ='01_인적정보'!H17 | G17: =IF('01_인적정보'!B17="","",'04_역할평가'!I17) | H17: =IF('01_인적정보'!B17="","",'04_역할평가'!I75) | I17: =IFERROR(IF(AND(G17<>"",H17<>""),IFERROR(CHOOSE(FIND(G17,"DCBAS"),1,2,3,4,5),0)*'02_의사결정·종합결과'!$B$7+IFERROR(CHOOSE(FIND(H17,"DCBAS"),1,2,3,4,5),0)*'02_의사결정·종합결과'!$B$8,""),"") | J17: =IF('01_인적정보'!B17="","",'05_공통역량평가'!I17) | K17: =IF('01_인적정보'!B17="","",'05_공통역량평가'!I75) | L17: =IFERROR(IF(AND(J17<>"",K17<>""),IFERROR(CHOOSE(FIND(J17,"DCBAS"),1,2,3,4,5),0)*'02_의사결정·종합결과'!$B$7+IFERROR(CHOOSE(FIND(K17,"DCBAS"),1,2,3,4,5),0)*'02_의사결정·종합결과'!$B$8,""),"") | M17: =IF('01_인적정보'!B17="","",'06_직무역량평가'!J17) | N17: =IF('01_인적정보'!B17="","",'06_직무역량평가'!J75) | O17: =IFERROR(IF(AND(M17<>"",N17<>""),IFERROR(CHOOSE(FIND(M17,"DCBAS"),1,2,3,4,5),0)*'02_의사결정·종합결과'!$B$7+IFERROR(CHOOSE(FIND(N17,"DCBAS"),1,2,3,4,5),0)*'02_의사결정·종합결과'!$B$8,""),"") | P17: =IFERROR(VLOOKUP(F17,'02_의사결정·종합결과'!$A$16:$D$22,2,FALSE),"") | Q17: =IFERROR(VLOOKUP(F17,'02_의사결정·종합결과'!$A$16:$D$22,3,FALSE),"") | R17: =IFERROR(VLOOKUP(F17,'02_의사결정·종합결과'!$A$16:$D$22,4,FALSE),"") | S17: =IF(OR(I17="",L17="",O17=""),"",I17*P17+L17*Q17+O17*R17) | T17: =IF(S17="","",IF(S17>=4.5,"S",IF(S17>=3.5,"A",IF(S17>=2.5,"B",IF(S17>=1.5,"C","D"))))) | U17: =IF(S17="","",IF('02_의사결정·종합결과'!$B$6="절대평가",T17,IF(S17="","",IF(IFERROR(RANK(S17,$S$6:$S$55,0)/COUNT($S$6:$S$55),0)<='02_의사결정·종합결과'!$B$11,"S",IF(IFERROR(RANK(S17,$S$6:$S$55,0)/COUNT($S$6:$S$55),0)<='02_의사결정·종합결과'!$B$11+'02_의사결정·종합결과'!$C$11,"A",IF(IFERROR(RANK(S17,$S$6:$S$55,0)/COUNT($S$6:$S$55),0)<='02_의사결정·종합결과'!$B$11+'02_의사결정·종합결과'!$C$11+'02_의사결정·종합결과'!$D$11,"B",IF(IFERROR(RANK(S17,$S$6:$S$55,0)/COUNT($S$6:$S$55),0)<='02_의사결정·종합결과'!$B$11+'02_의사결정·종합결과'!$C$11+'02_의사결정·종합결과'!$D$11+'02_의사결정·종합결과'!$E$11,"C","D")))))))
... A39: ='01_인적정보'!A39 | B39: ='01_인적정보'!B39 | C39: ='01_인적정보'!C39 | D39: ='01_인적정보'!D39 | E39: ='01_인적정보'!E39 | F39: ='01_인적정보'!H39 | G39: =IF('01_인적정보'!B39="","",'04_역할평가'!I39) | H39: =IF('01_인적정보'!B39="","",'04_역할평가'!I97) | I39: =IFERROR(IF(AND(G39<>"",H39<>""),IFERROR(CHOOSE(FIND(G39,"DCBAS"),1,2,3,4,5),0)*'02_의사결정·종합결과'!$B$7+IFERROR(CHOOSE(FIND(H39,"DCBAS"),1,2,3,4,5),0)*'02_의사결정·종합결과'!$B$8,""),"") | J39: =IF('01_인적정보'!B39="","",'05_공통역량평가'!I39) | K39: =IF('01_인적정보'!B39="","",'05_공통역량평가'!I97) | L39: =IFERROR(IF(AND(J39<>"",K39<>""),IFERROR(CHOOSE(FIND(J39,"DCBAS"),1,2,3,4,5),0)*'02_의사결정·종합결과'!$B$7+IFERROR(CHOOSE(FIND(K39,"DCBAS"),1,2,3,4,5),0)*'02_의사결정·종합결과'!$B$8,""),"") | M39: =IF('01_인적정보'!B39="","",'06_직무역량평가'!J39) | N39: =IF('01_인적정보'!B39="","",'06_직무역량평가'!J97) | O39: =IFERROR(IF(AND(M39<>"",N39<>""),IFERROR(CHOOSE(FIND(M39,"DCBAS"),1,2,3,4,5),0)*'02_의사결정·종합결과'!$B$7+IFERROR(CHOOSE(FIND(N39,"DCBAS"),1,2,3,4,5),0)*'02_의사결정·종합결과'!$B$8,""),"") | P39: =IFERROR(VLOOKUP(F39,'02_의사결정·종합결과'!$A$16:$D$22,2,FALSE),"") | Q39: =IFERROR(VLOOKUP(F39,'02_의사결정·종합결과'!$A$16:$D$22,3,FALSE),"") | R39: =IFERROR(VLOOKUP(F39,'02_의사결정·종합결과'!$A$16:$D$22,4,FALSE),"") | S39: =IF(OR(I39="",L39="",O39=""),"",I39*P39+L39*Q39+O39*R39) | T39: =IF(S39="","",IF(S39>=4.5,"S",IF(S39>=3.5,"A",IF(S39>=2.5,"B",IF(S39>=1.5,"C","D"))))) | U39: =IF(S39="","",IF('02_의사결정·종합결과'!$B$6="절대평가",T39,IF(S39="","",IF(IFERROR(RANK(S39,$S$6:$S$55,0)/COUNT($S$6:$S$55),0)<='02_의사결정·종합결과'!$B$11,"S",IF(IFERROR(RANK(S39,$S$6:$S$55,0)/COUNT($S$6:$S$55),0)<='02_의사결정·종합결과'!$B$11+'02_의사결정·종합결과'!$C$11,"A",IF(IFERROR(RANK(S39,$S$6:$S$55,0)/COUNT($S$6:$S$55),0)<='02_의사결정·종합결과'!$B$11+'02_의사결정·종합결과'!$C$11+'02_의사결정·종합결과'!$D$11,"B",IF(IFERROR(RANK(S39,$S$6:$S$55,0)/COUNT($S$6:$S$55),0)<='02_의사결정·종합결과'!$B$11+'02_의사결정·종합결과'!$C$11+'02_의사결정·종합결과'!$D$11+'02_의사결정·종합결과'!$E$11,"C","D")))))))
G40: =IF('01_인적정보'!B40="","",'04_역할평가'!I40) | H40: =IF('01_인적정보'!B40="","",'04_역할평가'!I98) | I40: =IFERROR(IF(AND(G40<>"",H40<>""),IFERROR(CHOOSE(FIND(G40,"DCBAS"),1,2,3,4,5),0)*'02_의사결정·종합결과'!$B$7+IFERROR(CHOOSE(FIND(H40,"DCBAS"),1,2,3,4,5),0)*'02_의사결정·종합결과'!$B$8,""),"") | J40: =IF('01_인적정보'!B40="","",'05_공통역량평가'!I40) | K40: =IF('01_인적정보'!B40="","",'05_공통역량평가'!I98) | L40: =IFERROR(IF(AND(J40<>"",K40<>""),IFERROR(CHOOSE(FIND(J40,"DCBAS"),1,2,3,4,5),0)*'02_의사결정·종합결과'!$B$7+IFERROR(CHOOSE(FIND(K40,"DCBAS"),1,2,3,4,5),0)*'02_의사결정·종합결과'!$B$8,""),"") | M40: =IF('01_인적정보'!B40="","",'06_직무역량평가'!J40) | N40: =IF('01_인적정보'!B40="","",'06_직무역량평가'!J98) | O40: =IFERROR(IF(AND(M40<>"",N40<>""),IFERROR(CHOOSE(FIND(M40,"DCBAS"),1,2,3,4,5),0)*'02_의사결정·종합결과'!$B$7+IFERROR(CHOOSE(FIND(N40,"DCBAS"),1,2,3,4,5),0)*'02_의사결정·종합결과'!$B$8,""),"") | S40: =IF(OR(I40="",L40="",O40=""),"",I40*P40+L40*Q40+O40*R40) | T40: =IF(S40="","",IF(S40>=4.5,"S",IF(S40>=3.5,"A",IF(S40>=2.5,"B",IF(S40>=1.5,"C","D"))))) | U40: =IF(S40="","",IF('02_의사결정·종합결과'!$B$6="절대평가",T40,IF(S40="","",IF(IFERROR(RANK(S40,$S$6:$S$55,0)/COUNT($S$6:$S$55),0)<='02_의사결정·종합결과'!$B$11,"S",IF(IFERROR(RANK(S40,$S$6:$S$55,0)/COUNT($S$6:$S$55),0)<='02_의사결정·종합결과'!$B$11+'02_의사결정·종합결과'!$C$11,"A",IF(IFERROR(RANK(S40,$S$6:$S$55,0)/COUNT($S$6:$S$55),0)<='02_의사결정·종합결과'!$B$11+'02_의사결정·종합결과'!$C$11+'02_의사결정·종합결과'!$D$11,"B",IF(IFERROR(RANK(S40,$S$6:$S$55,0)/COUNT($S$6:$S$55),0)<='02_의사결정·종합결과'!$B$11+'02_의사결정·종합결과'!$C$11+'02_의사결정·종합결과'!$D$11+'02_의사결정·종합결과'!$E$11,"C","D")))))))
G41: =IF('01_인적정보'!B41="","",'04_역할평가'!I41) | H41: =IF('01_인적정보'!B41="","",'04_역할평가'!I99) | I41: =IFERROR(IF(AND(G41<>"",H41<>""),IFERROR(CHOOSE(FIND(G41,"DCBAS"),1,2,3,4,5),0)*'02_의사결정·종합결과'!$B$7+IFERROR(CHOOSE(FIND(H41,"DCBAS"),1,2,3,4,5),0)*'02_의사결정·종합결과'!$B$8,""),"") | J41: =IF('01_인적정보'!B41="","",'05_공통역량평가'!I41) | K41: =IF('01_인적정보'!B41="","",'05_공통역량평가'!I99) | L41: =IFERROR(IF(AND(J41<>"",K41<>""),IFERROR(CHOOSE(FIND(J41,"DCBAS"),1,2,3,4,5),0)*'02_의사결정·종합결과'!$B$7+IFERROR(CHOOSE(FIND(K41,"DCBAS"),1,2,3,4,5),0)*'02_의사결정·종합결과'!$B$8,""),"") | M41: =IF('01_인적정보'!B41="","",'06_직무역량평가'!J41) | N41: =IF('01_인적정보'!B41="","",'06_직무역량평가'!J99) | O41: =IFERROR(IF(AND(M41<>"",N41<>""),IFERROR(CHOOSE(FIND(M41,"DCBAS"),1,2,3,4,5),0)*'02_의사결정·종합결과'!$B$7+IFERROR(CHOOSE(FIND(N41,"DCBAS"),1,2,3,4,5),0)*'02_의사결정·종합결과'!$B$8,""),"") | S41: =IF(OR(I41="",L41="",O41=""),"",I41*P41+L41*Q41+O41*R41) | T41: =IF(S41="","",IF(S41>=4.5,"S",IF(S41>=3.5,"A",IF(S41>=2.5,"B",IF(S41>=1.5,"C","D"))))) | U41: =IF(S41="","",IF('02_의사결정·종합결과'!$B$6="절대평가",T41,IF(S41="","",IF(IFERROR(RANK(S41,$S$6:$S$55,0)/COUNT($S$6:$S$55),0)<='02_의사결정·종합결과'!$B$11,"S",IF(IFERROR(RANK(S41,$S$6:$S$55,0)/COUNT($S$6:$S$55),0)<='02_의사결정·종합결과'!$B$11+'02_의사결정·종합결과'!$C$11,"A",IF(IFERROR(RANK(S41,$S$6:$S$55,0)/COUNT($S$6:$S$55),0)<='02_의사결정·종합결과'!$B$11+'02_의사결정·종합결과'!$C$11+'02_의사결정·종합결과'!$D$11,"B",IF(IFERROR(RANK(S41,$S$6:$S$55,0)/COUNT($S$6:$S$55),0)<='02_의사결정·종합결과'!$B$11+'02_의사결정·종합결과'!$C$11+'02_의사결정·종합결과'!$D$11+'02_의사결정·종합결과'!$E$11,"C","D")))))))
G42: =IF('01_인적정보'!B42="","",'04_역할평가'!I42) | H42: =IF('01_인적정보'!B42="","",'04_역할평가'!I100) | I42: =IFERROR(IF(AND(G42<>"",H42<>""),IFERROR(CHOOSE(FIND(G42,"DCBAS"),1,2,3,4,5),0)*'02_의사결정·종합결과'!$B$7+IFERROR(CHOOSE(FIND(H42,"DCBAS"),1,2,3,4,5),0)*'02_의사결정·종합결과'!$B$8,""),"") | J42: =IF('01_인적정보'!B42="","",'05_공통역량평가'!I42) | K42: =IF('01_인적정보'!B42="","",'05_공통역량평가'!I100) | L42: =IFERROR(IF(AND(J42<>"",K42<>""),IFERROR(CHOOSE(FIND(J42,"DCBAS"),1,2,3,4,5),0)*'02_의사결정·종합결과'!$B$7+IFERROR(CHOOSE(FIND(K42,"DCBAS"),1,2,3,4,5),0)*'02_의사결정·종합결과'!$B$8,""),"") | M42: =IF('01_인적정보'!B42="","",'06_직무역량평가'!J42) | N42: =IF('01_인적정보'!B42="","",'06_직무역량평가'!J100) | O42: =IFERROR(IF(AND(M42<>"",N42<>""),IFERROR(CHOOSE(FIND(M42,"DCBAS"),1,2,3,4,5),0)*'02_의사결정·종합결과'!$B$7+IFERROR(CHOOSE(FIND(N42,"DCBAS"),1,2,3,4,5),0)*'02_의사결정·종합결과'!$B$8,""),"") | S42: =IF(OR(I42="",L42="",O42=""),"",I42*P42+L42*Q42+O42*R42) | T42: =IF(S42="","",IF(S42>=4.5,"S",IF(S42>=3.5,"A",IF(S42>=2.5,"B",IF(S42>=1.5,"C","D"))))) | U42: =IF(S42="","",IF('02_의사결정·종합결과'!$B$6="절대평가",T42,IF(S42="","",IF(IFERROR(RANK(S42,$S$6:$S$55,0)/COUNT($S$6:$S$55),0)<='02_의사결정·종합결과'!$B$11,"S",IF(IFERROR(RANK(S42,$S$6:$S$55,0)/COUNT($S$6:$S$55),0)<='02_의사결정·종합결과'!$B$11+'02_의사결정·종합결과'!$C$11,"A",IF(IFERROR(RANK(S42,$S$6:$S$55,0)/COUNT($S$6:$S$55),0)<='02_의사결정·종합결과'!$B$11+'02_의사결정·종합결과'!$C$11+'02_의사결정·종합결과'!$D$11,"B",IF(IFERROR(RANK(S42,$S$6:$S$55,0)/COUNT($S$6:$S$55),0)<='02_의사결정·종합결과'!$B$11+'02_의사결정·종합결과'!$C$11+'02_의사결정·종합결과'!$D$11+'02_의사결정·종합결과'!$E$11,"C","D")))))))
G43: =IF('01_인적정보'!B43="","",'04_역할평가'!I43) | H43: =IF('01_인적정보'!B43="","",'04_역할평가'!I101) | I43: =IFERROR(IF(AND(G43<>"",H43<>""),IFERROR(CHOOSE(FIND(G43,"DCBAS"),1,2,3,4,5),0)*'02_의사결정·종합결과'!$B$7+IFERROR(CHOOSE(FIND(H43,"DCBAS"),1,2,3,4,5),0)*'02_의사결정·종합결과'!$B$8,""),"") | J43: =IF('01_인적정보'!B43="","",'05_공통역량평가'!I43) | K43: =IF('01_인적정보'!B43="","",'05_공통역량평가'!I101) | L43: =IFERROR(IF(AND(J43<>"",K43<>""),IFERROR(CHOOSE(FIND(J43,"DCBAS"),1,2,3,4,5),0)*'02_의사결정·종합결과'!$B$7+IFERROR(CHOOSE(FIND(K43,"DCBAS"),1,2,3,4,5),0)*'02_의사결정·종합결과'!$B$8,""),"") | M43: =IF('01_인적정보'!B43="","",'06_직무역량평가'!J43) | N43: =IF('01_인적정보'!B43="","",'06_직무역량평가'!J101) | O43: =IFERROR(IF(AND(M43<>"",N43<>""),IFERROR(CHOOSE(FIND(M43,"DCBAS"),1,2,3,4,5),0)*'02_의사결정·종합결과'!$B$7+IFERROR(CHOOSE(FIND(N43,"DCBAS"),1,2,3,4,5),0)*'02_의사결정·종합결과'!$B$8,""),"") | S43: =IF(OR(I43="",L43="",O43=""),"",I43*P43+L43*Q43+O43*R43) | T43: =IF(S43="","",IF(S43>=4.5,"S",IF(S43>=3.5,"A",IF(S43>=2.5,"B",IF(S43>=1.5,"C","D"))))) | U43: =IF(S43="","",IF('02_의사결정·종합결과'!$B$6="절대평가",T43,IF(S43="","",IF(IFERROR(RANK(S43,$S$6:$S$55,0)/COUNT($S$6:$S$55),0)<='02_의사결정·종합결과'!$B$11,"S",IF(IFERROR(RANK(S43,$S$6:$S$55,0)/COUNT($S$6:$S$55),0)<='02_의사결정·종합결과'!$B$11+'02_의사결정·종합결과'!$C$11,"A",IF(IFERROR(RANK(S43,$S$6:$S$55,0)/COUNT($S$6:$S$55),0)<='02_의사결정·종합결과'!$B$11+'02_의사결정·종합결과'!$C$11+'02_의사결정·종합결과'!$D$11,"B",IF(IFERROR(RANK(S43,$S$6:$S$55,0)/COUNT($S$6:$S$55),0)<='02_의사결정·종합결과'!$B$11+'02_의사결정·종합결과'!$C$11+'02_의사결정·종합결과'!$D$11+'02_의사결정·종합결과'!$E$11,"C","D")))))))
G44: =IF('01_인적정보'!B44="","",'04_역할평가'!I44) | H44: =IF('01_인적정보'!B44="","",'04_역할평가'!I102) | I44: =IFERROR(IF(AND(G44<>"",H44<>""),IFERROR(CHOOSE(FIND(G44,"DCBAS"),1,2,3,4,5),0)*'02_의사결정·종합결과'!$B$7+IFERROR(CHOOSE(FIND(H44,"DCBAS"),1,2,3,4,5),0)*'02_의사결정·종합결과'!$B$8,""),"") | J44: =IF('01_인적정보'!B44="","",'05_공통역량평가'!I44) | K44: =IF('01_인적정보'!B44="","",'05_공통역량평가'!I102) | L44: =IFERROR(IF(AND(J44<>"",K44<>""),IFERROR(CHOOSE(FIND(J44,"DCBAS"),1,2,3,4,5),0)*'02_의사결정·종합결과'!$B$7+IFERROR(CHOOSE(FIND(K44,"DCBAS"),1,2,3,4,5),0)*'02_의사결정·종합결과'!$B$8,""),"") | M44: =IF('01_인적정보'!B44="","",'06_직무역량평가'!J44) | N44: =IF('01_인적정보'!B44="","",'06_직무역량평가'!J102) | O44: =IFERROR(IF(AND(M44<>"",N44<>""),IFERROR(CHOOSE(FIND(M44,"DCBAS"),1,2,3,4,5),0)*'02_의사결정·종합결과'!$B$7+IFERROR(CHOOSE(FIND(N44,"DCBAS"),1,2,3,4,5),0)*'02_의사결정·종합결과'!$B$8,""),"") | S44: =IF(OR(I44="",L44="",O44=""),"",I44*P44+L44*Q44+O44*R44) | T44: =IF(S44="","",IF(S44>=4.5,"S",IF(S44>=3.5,"A",IF(S44>=2.5,"B",IF(S44>=1.5,"C","D"))))) | U44: =IF(S44="","",IF('02_의사결정·종합결과'!$B$6="절대평가",T44,IF(S44="","",IF(IFERROR(RANK(S44,$S$6:$S$55,0)/COUNT($S$6:$S$55),0)<='02_의사결정·종합결과'!$B$11,"S",IF(IFERROR(RANK(S44,$S$6:$S$55,0)/COUNT($S$6:$S$55),0)<='02_의사결정·종합결과'!$B$11+'02_의사결정·종합결과'!$C$11,"A",IF(IFERROR(RANK(S44,$S$6:$S$55,0)/COUNT($S$6:$S$55),0)<='02_의사결정·종합결과'!$B$11+'02_의사결정·종합결과'!$C$11+'02_의사결정·종합결과'!$D$11,"B",IF(IFERROR(RANK(S44,$S$6:$S$55,0)/COUNT($S$6:$S$55),0)<='02_의사결정·종합결과'!$B$11+'02_의사결정·종합결과'!$C$11+'02_의사결정·종합결과'!$D$11+'02_의사결정·종합결과'!$E$11,"C","D")))))))
G45: =IF('01_인적정보'!B45="","",'04_역할평가'!I45) | H45: =IF('01_인적정보'!B45="","",'04_역할평가'!I103) | I45: =IFERROR(IF(AND(G45<>"",H45<>""),IFERROR(CHOOSE(FIND(G45,"DCBAS"),1,2,3,4,5),0)*'02_의사결정·종합결과'!$B$7+IFERROR(CHOOSE(FIND(H45,"DCBAS"),1,2,3,4,5),0)*'02_의사결정·종합결과'!$B$8,""),"") | J45: =IF('01_인적정보'!B45="","",'05_공통역량평가'!I45) | K45: =IF('01_인적정보'!B45="","",'05_공통역량평가'!I103) | L45: =IFERROR(IF(AND(J45<>"",K45<>""),IFERROR(CHOOSE(FIND(J45,"DCBAS"),1,2,3,4,5),0)*'02_의사결정·종합결과'!$B$7+IFERROR(CHOOSE(FIND(K45,"DCBAS"),1,2,3,4,5),0)*'02_의사결정·종합결과'!$B$8,""),"") | M45: =IF('01_인적정보'!B45="","",'06_직무역량평가'!J45) | N45: =IF('01_인적정보'!B45="","",'06_직무역량평가'!J103) | O45: =IFERROR(IF(AND(M45<>"",N45<>""),IFERROR(CHOOSE(FIND(M45,"DCBAS"),1,2,3,4,5),0)*'02_의사결정·종합결과'!$B$7+IFERROR(CHOOSE(FIND(N45,"DCBAS"),1,2,3,4,5),0)*'02_의사결정·종합결과'!$B$8,""),"") | S45: =IF(OR(I45="",L45="",O45=""),"",I45*P45+L45*Q45+O45*R45) | T45: =IF(S45="","",IF(S45>=4.5,"S",IF(S45>=3.5,"A",IF(S45>=2.5,"B",IF(S45>=1.5,"C","D"))))) | U45: =IF(S45="","",IF('02_의사결정·종합결과'!$B$6="절대평가",T45,IF(S45="","",IF(IFERROR(RANK(S45,$S$6:$S$55,0)/COUNT($S$6:$S$55),0)<='02_의사결정·종합결과'!$B$11,"S",IF(IFERROR(RANK(S45,$S$6:$S$55,0)/COUNT($S$6:$S$55),0)<='02_의사결정·종합결과'!$B$11+'02_의사결정·종합결과'!$C$11,"A",IF(IFERROR(RANK(S45,$S$6:$S$55,0)/COUNT($S$6:$S$55),0)<='02_의사결정·종합결과'!$B$11+'02_의사결정·종합결과'!$C$11+'02_의사결정·종합결과'!$D$11,"B",IF(IFERROR(RANK(S45,$S$6:$S$55,0)/COUNT($S$6:$S$55),0)<='02_의사결정·종합결과'!$B$11+'02_의사결정·종합결과'!$C$11+'02_의사결정·종합결과'!$D$11+'02_의사결정·종합결과'!$E$11,"C","D")))))))
G46: =IF('01_인적정보'!B46="","",'04_역할평가'!I46) | H46: =IF('01_인적정보'!B46="","",'04_역할평가'!I104) | I46: =IFERROR(IF(AND(G46<>"",H46<>""),IFERROR(CHOOSE(FIND(G46,"DCBAS"),1,2,3,4,5),0)*'02_의사결정·종합결과'!$B$7+IFERROR(CHOOSE(FIND(H46,"DCBAS"),1,2,3,4,5),0)*'02_의사결정·종합결과'!$B$8,""),"") | J46: =IF('01_인적정보'!B46="","",'05_공통역량평가'!I46) | K46: =IF('01_인적정보'!B46="","",'05_공통역량평가'!I104) | L46: =IFERROR(IF(AND(J46<>"",K46<>""),IFERROR(CHOOSE(FIND(J46,"DCBAS"),1,2,3,4,5),0)*'02_의사결정·종합결과'!$B$7+IFERROR(CHOOSE(FIND(K46,"DCBAS"),1,2,3,4,5),0)*'02_의사결정·종합결과'!$B$8,""),"") | M46: =IF('01_인적정보'!B46="","",'06_직무역량평가'!J46) | N46: =IF('01_인적정보'!B46="","",'06_직무역량평가'!J104) | O46: =IFERROR(IF(AND(M46<>"",N46<>""),IFERROR(CHOOSE(FIND(M46,"DCBAS"),1,2,3,4,5),0)*'02_의사결정·종합결과'!$B$7+IFERROR(CHOOSE(FIND(N46,"DCBAS"),1,2,3,4,5),0)*'02_의사결정·종합결과'!$B$8,""),"") | S46: =IF(OR(I46="",L46="",O46=""),"",I46*P46+L46*Q46+O46*R46) | T46: =IF(S46="","",IF(S46>=4.5,"S",IF(S46>=3.5,"A",IF(S46>=2.5,"B",IF(S46>=1.5,"C","D"))))) | U46: =IF(S46="","",IF('02_의사결정·종합결과'!$B$6="절대평가",T46,IF(S46="","",IF(IFERROR(RANK(S46,$S$6:$S$55,0)/COUNT($S$6:$S$55),0)<='02_의사결정·종합결과'!$B$11,"S",IF(IFERROR(RANK(S46,$S$6:$S$55,0)/COUNT($S$6:$S$55),0)<='02_의사결정·종합결과'!$B$11+'02_의사결정·종합결과'!$C$11,"A",IF(IFERROR(RANK(S46,$S$6:$S$55,0)/COUNT($S$6:$S$55),0)<='02_의사결정·종합결과'!$B$11+'02_의사결정·종합결과'!$C$11+'02_의사결정·종합결과'!$D$11,"B",IF(IFERROR(RANK(S46,$S$6:$S$55,0)/COUNT($S$6:$S$55),0)<='02_의사결정·종합결과'!$B$11+'02_의사결정·종합결과'!$C$11+'02_의사결정·종합결과'!$D$11+'02_의사결정·종합결과'!$E$11,"C","D")))))))
G47: =IF('01_인적정보'!B47="","",'04_역할평가'!I47) | H47: =IF('01_인적정보'!B47="","",'04_역할평가'!I105) | I47: =IFERROR(IF(AND(G47<>"",H47<>""),IFERROR(CHOOSE(FIND(G47,"DCBAS"),1,2,3,4,5),0)*'02_의사결정·종합결과'!$B$7+IFERROR(CHOOSE(FIND(H47,"DCBAS"),1,2,3,4,5),0)*'02_의사결정·종합결과'!$B$8,""),"") | J47: =IF('01_인적정보'!B47="","",'05_공통역량평가'!I47) | K47: =IF('01_인적정보'!B47="","",'05_공통역량평가'!I105) | L47: =IFERROR(IF(AND(J47<>"",K47<>""),IFERROR(CHOOSE(FIND(J47,"DCBAS"),1,2,3,4,5),0)*'02_의사결정·종합결과'!$B$7+IFERROR(CHOOSE(FIND(K47,"DCBAS"),1,2,3,4,5),0)*'02_의사결정·종합결과'!$B$8,""),"") | M47: =IF('01_인적정보'!B47="","",'06_직무역량평가'!J47) | N47: =IF('01_인적정보'!B47="","",'06_직무역량평가'!J105) | O47: =IFERROR(IF(AND(M47<>"",N47<>""),IFERROR(CHOOSE(FIND(M47,"DCBAS"),1,2,3,4,5),0)*'02_의사결정·종합결과'!$B$7+IFERROR(CHOOSE(FIND(N47,"DCBAS"),1,2,3,4,5),0)*'02_의사결정·종합결과'!$B$8,""),"") | S47: =IF(OR(I47="",L47="",O47=""),"",I47*P47+L47*Q47+O47*R47) | T47: =IF(S47="","",IF(S47>=4.5,"S",IF(S47>=3.5,"A",IF(S47>=2.5,"B",IF(S47>=1.5,"C","D"))))) | U47: =IF(S47="","",IF('02_의사결정·종합결과'!$B$6="절대평가",T47,IF(S47="","",IF(IFERROR(RANK(S47,$S$6:$S$55,0)/COUNT($S$6:$S$55),0)<='02_의사결정·종합결과'!$B$11,"S",IF(IFERROR(RANK(S47,$S$6:$S$55,0)/COUNT($S$6:$S$55),0)<='02_의사결정·종합결과'!$B$11+'02_의사결정·종합결과'!$C$11,"A",IF(IFERROR(RANK(S47,$S$6:$S$55,0)/COUNT($S$6:$S$55),0)<='02_의사결정·종합결과'!$B$11+'02_의사결정·종합결과'!$C$11+'02_의사결정·종합결과'!$D$11,"B",IF(IFERROR(RANK(S47,$S$6:$S$55,0)/COUNT($S$6:$S$55),0)<='02_의사결정·종합결과'!$B$11+'02_의사결정·종합결과'!$C$11+'02_의사결정·종합결과'!$D$11+'02_의사결정·종합결과'!$E$11,"C","D")))))))
G48: =IF('01_인적정보'!B48="","",'04_역할평가'!I48) | H48: =IF('01_인적정보'!B48="","",'04_역할평가'!I106) | I48: =IFERROR(IF(AND(G48<>"",H48<>""),IFERROR(CHOOSE(FIND(G48,"DCBAS"),1,2,3,4,5),0)*'02_의사결정·종합결과'!$B$7+IFERROR(CHOOSE(FIND(H48,"DCBAS"),1,2,3,4,5),0)*'02_의사결정·종합결과'!$B$8,""),"") | J48: =IF('01_인적정보'!B48="","",'05_공통역량평가'!I48) | K48: =IF('01_인적정보'!B48="","",'05_공통역량평가'!I106) | L48: =IFERROR(IF(AND(J48<>"",K48<>""),IFERROR(CHOOSE(FIND(J48,"DCBAS"),1,2,3,4,5),0)*'02_의사결정·종합결과'!$B$7+IFERROR(CHOOSE(FIND(K48,"DCBAS"),1,2,3,4,5),0)*'02_의사결정·종합결과'!$B$8,""),"") | M48: =IF('01_인적정보'!B48="","",'06_직무역량평가'!J48) | N48: =IF('01_인적정보'!B48="","",'06_직무역량평가'!J106) | O48: =IFERROR(IF(AND(M48<>"",N48<>""),IFERROR(CHOOSE(FIND(M48,"DCBAS"),1,2,3,4,5),0)*'02_의사결정·종합결과'!$B$7+IFERROR(CHOOSE(FIND(N48,"DCBAS"),1,2,3,4,5),0)*'02_의사결정·종합결과'!$B$8,""),"") | S48: =IF(OR(I48="",L48="",O48=""),"",I48*P48+L48*Q48+O48*R48) | T48: =IF(S48="","",IF(S48>=4.5,"S",IF(S48>=3.5,"A",IF(S48>=2.5,"B",IF(S48>=1.5,"C","D"))))) | U48: =IF(S48="","",IF('02_의사결정·종합결과'!$B$6="절대평가",T48,IF(S48="","",IF(IFERROR(RANK(S48,$S$6:$S$55,0)/COUNT($S$6:$S$55),0)<='02_의사결정·종합결과'!$B$11,"S",IF(IFERROR(RANK(S48,$S$6:$S$55,0)/COUNT($S$6:$S$55),0)<='02_의사결정·종합결과'!$B$11+'02_의사결정·종합결과'!$C$11,"A",IF(IFERROR(RANK(S48,$S$6:$S$55,0)/COUNT($S$6:$S$55),0)<='02_의사결정·종합결과'!$B$11+'02_의사결정·종합결과'!$C$11+'02_의사결정·종합결과'!$D$11,"B",IF(IFERROR(RANK(S48,$S$6:$S$55,0)/COUNT($S$6:$S$55),0)<='02_의사결정·종합결과'!$B$11+'02_의사결정·종합결과'!$C$11+'02_의사결정·종합결과'!$D$11+'02_의사결정·종합결과'!$E$11,"C","D")))))))
G49: =IF('01_인적정보'!B49="","",'04_역할평가'!I49) | H49: =IF('01_인적정보'!B49="","",'04_역할평가'!I107) | I49: =IFERROR(IF(AND(G49<>"",H49<>""),IFERROR(CHOOSE(FIND(G49,"DCBAS"),1,2,3,4,5),0)*'02_의사결정·종합결과'!$B$7+IFERROR(CHOOSE(FIND(H49,"DCBAS"),1,2,3,4,5),0)*'02_의사결정·종합결과'!$B$8,""),"") | J49: =IF('01_인적정보'!B49="","",'05_공통역량평가'!I49) | K49: =IF('01_인적정보'!B49="","",'05_공통역량평가'!I107) | L49: =IFERROR(IF(AND(J49<>"",K49<>""),IFERROR(CHOOSE(FIND(J49,"DCBAS"),1,2,3,4,5),0)*'02_의사결정·종합결과'!$B$7+IFERROR(CHOOSE(FIND(K49,"DCBAS"),1,2,3,4,5),0)*'02_의사결정·종합결과'!$B$8,""),"") | M49: =IF('01_인적정보'!B49="","",'06_직무역량평가'!J49) | N49: =IF('01_인적정보'!B49="","",'06_직무역량평가'!J107) | O49: =IFERROR(IF(AND(M49<>"",N49<>""),IFERROR(CHOOSE(FIND(M49,"DCBAS"),1,2,3,4,5),0)*'02_의사결정·종합결과'!$B$7+IFERROR(CHOOSE(FIND(N49,"DCBAS"),1,2,3,4,5),0)*'02_의사결정·종합결과'!$B$8,""),"") | S49: =IF(OR(I49="",L49="",O49=""),"",I49*P49+L49*Q49+O49*R49) | T49: =IF(S49="","",IF(S49>=4.5,"S",IF(S49>=3.5,"A",IF(S49>=2.5,"B",IF(S49>=1.5,"C","D"))))) | U49: =IF(S49="","",IF('02_의사결정·종합결과'!$B$6="절대평가",T49,IF(S49="","",IF(IFERROR(RANK(S49,$S$6:$S$55,0)/COUNT($S$6:$S$55),0)<='02_의사결정·종합결과'!$B$11,"S",IF(IFERROR(RANK(S49,$S$6:$S$55,0)/COUNT($S$6:$S$55),0)<='02_의사결정·종합결과'!$B$11+'02_의사결정·종합결과'!$C$11,"A",IF(IFERROR(RANK(S49,$S$6:$S$55,0)/COUNT($S$6:$S$55),0)<='02_의사결정·종합결과'!$B$11+'02_의사결정·종합결과'!$C$11+'02_의사결정·종합결과'!$D$11,"B",IF(IFERROR(RANK(S49,$S$6:$S$55,0)/COUNT($S$6:$S$55),0)<='02_의사결정·종합결과'!$B$11+'02_의사결정·종합결과'!$C$11+'02_의사결정·종합결과'!$D$11+'02_의사결정·종합결과'!$E$11,"C","D")))))))
G50: =IF('01_인적정보'!B50="","",'04_역할평가'!I50) | H50: =IF('01_인적정보'!B50="","",'04_역할평가'!I108) | I50: =IFERROR(IF(AND(G50<>"",H50<>""),IFERROR(CHOOSE(FIND(G50,"DCBAS"),1,2,3,4,5),0)*'02_의사결정·종합결과'!$B$7+IFERROR(CHOOSE(FIND(H50,"DCBAS"),1,2,3,4,5),0)*'02_의사결정·종합결과'!$B$8,""),"") | J50: =IF('01_인적정보'!B50="","",'05_공통역량평가'!I50) | K50: =IF('01_인적정보'!B50="","",'05_공통역량평가'!I108) | L50: =IFERROR(IF(AND(J50<>"",K50<>""),IFERROR(CHOOSE(FIND(J50,"DCBAS"),1,2,3,4,5),0)*'02_의사결정·종합결과'!$B$7+IFERROR(CHOOSE(FIND(K50,"DCBAS"),1,2,3,4,5),0)*'02_의사결정·종합결과'!$B$8,""),"") | M50: =IF('01_인적정보'!B50="","",'06_직무역량평가'!J50) | N50: =IF('01_인적정보'!B50="","",'06_직무역량평가'!J108) | O50: =IFERROR(IF(AND(M50<>"",N50<>""),IFERROR(CHOOSE(FIND(M50,"DCBAS"),1,2,3,4,5),0)*'02_의사결정·종합결과'!$B$7+IFERROR(CHOOSE(FIND(N50,"DCBAS"),1,2,3,4,5),0)*'02_의사결정·종합결과'!$B$8,""),"") | S50: =IF(OR(I50="",L50="",O50=""),"",I50*P50+L50*Q50+O50*R50) | T50: =IF(S50="","",IF(S50>=4.5,"S",IF(S50>=3.5,"A",IF(S50>=2.5,"B",IF(S50>=1.5,"C","D"))))) | U50: =IF(S50="","",IF('02_의사결정·종합결과'!$B$6="절대평가",T50,IF(S50="","",IF(IFERROR(RANK(S50,$S$6:$S$55,0)/COUNT($S$6:$S$55),0)<='02_의사결정·종합결과'!$B$11,"S",IF(IFERROR(RANK(S50,$S$6:$S$55,0)/COUNT($S$6:$S$55),0)<='02_의사결정·종합결과'!$B$11+'02_의사결정·종합결과'!$C$11,"A",IF(IFERROR(RANK(S50,$S$6:$S$55,0)/COUNT($S$6:$S$55),0)<='02_의사결정·종합결과'!$B$11+'02_의사결정·종합결과'!$C$11+'02_의사결정·종합결과'!$D$11,"B",IF(IFERROR(RANK(S50,$S$6:$S$55,0)/COUNT($S$6:$S$55),0)<='02_의사결정·종합결과'!$B$11+'02_의사결정·종합결과'!$C$11+'02_의사결정·종합결과'!$D$11+'02_의사결정·종합결과'!$E$11,"C","D")))))))
G51: =IF('01_인적정보'!B51="","",'04_역할평가'!I51) | H51: =IF('01_인적정보'!B51="","",'04_역할평가'!I109) | I51: =IFERROR(IF(AND(G51<>"",H51<>""),IFERROR(CHOOSE(FIND(G51,"DCBAS"),1,2,3,4,5),0)*'02_의사결정·종합결과'!$B$7+IFERROR(CHOOSE(FIND(H51,"DCBAS"),1,2,3,4,5),0)*'02_의사결정·종합결과'!$B$8,""),"") | J51: =IF('01_인적정보'!B51="","",'05_공통역량평가'!I51) | K51: =IF('01_인적정보'!B51="","",'05_공통역량평가'!I109) | L51: =IFERROR(IF(AND(J51<>"",K51<>""),IFERROR(CHOOSE(FIND(J51,"DCBAS"),1,2,3,4,5),0)*'02_의사결정·종합결과'!$B$7+IFERROR(CHOOSE(FIND(K51,"DCBAS"),1,2,3,4,5),0)*'02_의사결정·종합결과'!$B$8,""),"") | M51: =IF('01_인적정보'!B51="","",'06_직무역량평가'!J51) | N51: =IF('01_인적정보'!B51="","",'06_직무역량평가'!J109) | O51: =IFERROR(IF(AND(M51<>"",N51<>""),IFERROR(CHOOSE(FIND(M51,"DCBAS"),1,2,3,4,5),0)*'02_의사결정·종합결과'!$B$7+IFERROR(CHOOSE(FIND(N51,"DCBAS"),1,2,3,4,5),0)*'02_의사결정·종합결과'!$B$8,""),"") | S51: =IF(OR(I51="",L51="",O51=""),"",I51*P51+L51*Q51+O51*R51) | T51: =IF(S51="","",IF(S51>=4.5,"S",IF(S51>=3.5,"A",IF(S51>=2.5,"B",IF(S51>=1.5,"C","D"))))) | U51: =IF(S51="","",IF('02_의사결정·종합결과'!$B$6="절대평가",T51,IF(S51="","",IF(IFERROR(RANK(S51,$S$6:$S$55,0)/COUNT($S$6:$S$55),0)<='02_의사결정·종합결과'!$B$11,"S",IF(IFERROR(RANK(S51,$S$6:$S$55,0)/COUNT($S$6:$S$55),0)<='02_의사결정·종합결과'!$B$11+'02_의사결정·종합결과'!$C$11,"A",IF(IFERROR(RANK(S51,$S$6:$S$55,0)/COUNT($S$6:$S$55),0)<='02_의사결정·종합결과'!$B$11+'02_의사결정·종합결과'!$C$11+'02_의사결정·종합결과'!$D$11,"B",IF(IFERROR(RANK(S51,$S$6:$S$55,0)/COUNT($S$6:$S$55),0)<='02_의사결정·종합결과'!$B$11+'02_의사결정·종합결과'!$C$11+'02_의사결정·종합결과'!$D$11+'02_의사결정·종합결과'!$E$11,"C","D")))))))
... G55: =IF('01_인적정보'!B55="","",'04_역할평가'!I55) | H55: =IF('01_인적정보'!B55="","",'04_역할평가'!I113) | I55: =IFERROR(IF(AND(G55<>"",H55<>""),IFERROR(CHOOSE(FIND(G55,"DCBAS"),1,2,3,4,5),0)*'02_의사결정·종합결과'!$B$7+IFERROR(CHOOSE(FIND(H55,"DCBAS"),1,2,3,4,5),0)*'02_의사결정·종합결과'!$B$8,""),"") | J55: =IF('01_인적정보'!B55="","",'05_공통역량평가'!I55) | K55: =IF('01_인적정보'!B55="","",'05_공통역량평가'!I113) | L55: =IFERROR(IF(AND(J55<>"",K55<>""),IFERROR(CHOOSE(FIND(J55,"DCBAS"),1,2,3,4,5),0)*'02_의사결정·종합결과'!$B$7+IFERROR(CHOOSE(FIND(K55,"DCBAS"),1,2,3,4,5),0)*'02_의사결정·종합결과'!$B$8,""),"") | M55: =IF('01_인적정보'!B55="","",'06_직무역량평가'!J55) | N55: =IF('01_인적정보'!B55="","",'06_직무역량평가'!J113) | O55: =IFERROR(IF(AND(M55<>"",N55<>""),IFERROR(CHOOSE(FIND(M55,"DCBAS"),1,2,3,4,5),0)*'02_의사결정·종합결과'!$B$7+IFERROR(CHOOSE(FIND(N55,"DCBAS"),1,2,3,4,5),0)*'02_의사결정·종합결과'!$B$8,""),"") | S55: =IF(OR(I55="",L55="",O55=""),"",I55*P55+L55*Q55+O55*R55) | T55: =IF(S55="","",IF(S55>=4.5,"S",IF(S55>=3.5,"A",IF(S55>=2.5,"B",IF(S55>=1.5,"C","D"))))) | U55: =IF(S55="","",IF('02_의사결정·종합결과'!$B$6="절대평가",T55,IF(S55="","",IF(IFERROR(RANK(S55,$S$6:$S$55,0)/COUNT($S$6:$S$55),0)<='02_의사결정·종합결과'!$B$11,"S",IF(IFERROR(RANK(S55,$S$6:$S$55,0)/COUNT($S$6:$S$55),0)<='02_의사결정·종합결과'!$B$11+'02_의사결정·종합결과'!$C$11,"A",IF(IFERROR(RANK(S55,$S$6:$S$55,0)/COUNT($S$6:$S$55),0)<='02_의사결정·종합결과'!$B$11+'02_의사결정·종합결과'!$C$11+'02_의사결정·종합결과'!$D$11,"B",IF(IFERROR(RANK(S55,$S$6:$S$55,0)/COUNT($S$6:$S$55),0)<='02_의사결정·종합결과'!$B$11+'02_의사결정·종합결과'!$C$11+'02_의사결정·종합결과'!$D$11+'02_의사결정·종합결과'!$E$11,"C","D")))))))

Sheet 09_보상연계
A1: 성과평가 → 보상 연계 (기본연봉 인상)
A2: 08 종합평가의 최종등급 → 인상률 → 차년도 기본연봉 자동 산출. 페이밴드 검증 포함.
A5: No. | B5: 사번 | C5: 성명 | D5: 직군 | E5: 부서 | F5: 역할등급 | G5: 현재 연봉 | H5: 최종등급 | I5: 평가인상률 | J5: 승진여부 | K5: 승진인상률 | L5: 총인상률 | M5: 페이밴드 Min | N5: 페이밴드 Max | O5: 신규연봉(안) | P5: 연봉확정 | Q5: 인상액
A6: ='01_인적정보'!A6 | B6: ='01_인적정보'!B6 | C6: ='01_인적정보'!C6 | D6: ='01_인적정보'!D6 | E6: ='01_인적정보'!F6 | F6: ='01_인적정보'!H6 | G6: ='01_인적정보'!K6 | H6: ='08_종합평가'!U6 | I6: =IF(H6="","",IF(H6="S",'02_의사결정·종합결과'!$B$26,IF(H6="A",'02_의사결정·종합결과'!$C$26,IF(H6="B",'02_의사결정·종합결과'!$D$26,IF(H6="C",'02_의사결정·종합결과'!$E$26,'02_의사결정·종합결과'!$F$26))))) | J6: N | K6: =IF(J6="Y",'02_의사결정·종합결과'!$B$28,0) | L6: =IF(I6="","",I6+K6) | M6: =IFERROR(VLOOKUP(F6,'02_의사결정·종합결과'!$A$32:$D$38,2,FALSE),"") | N6: =IFERROR(VLOOKUP(F6,'02_의사결정·종합결과'!$A$32:$D$38,4,FALSE),"") | O6: =IF(L6="","",ROUND(G6*(1+L6),-4)) | P6: =O6 | Q6: =IF(P6="","",P6-G6)
A7: ='01_인적정보'!A7 | B7: ='01_인적정보'!B7 | C7: ='01_인적정보'!C7 | D7: ='01_인적정보'!D7 | E7: ='01_인적정보'!F7 | F7: ='01_인적정보'!H7 | G7: ='01_인적정보'!K7 | H7: ='08_종합평가'!U7 | I7: =IF(H7="","",IF(H7="S",'02_의사결정·종합결과'!$B$26,IF(H7="A",'02_의사결정·종합결과'!$C$26,IF(H7="B",'02_의사결정·종합결과'!$D$26,IF(H7="C",'02_의사결정·종합결과'!$E$26,'02_의사결정·종합결과'!$F$26))))) | J7: N | K7: =IF(J7="Y",'02_의사결정·종합결과'!$B$28,0) | L7: =IF(I7="","",I7+K7) | M7: =IFERROR(VLOOKUP(F7,'02_의사결정·종합결과'!$A$32:$D$38,2,FALSE),"") | N7: =IFERROR(VLOOKUP(F7,'02_의사결정·종합결과'!$A$32:$D$38,4,FALSE),"") | O7: =IF(L7="","",ROUND(G7*(1+L7),-4)) | P7: =O7 | Q7: =IF(P7="","",P7-G7)
A8: ='01_인적정보'!A8 | B8: ='01_인적정보'!B8 | C8: ='01_인적정보'!C8 | D8: ='01_인적정보'!D8 | E8: ='01_인적정보'!F8 | F8: ='01_인적정보'!H8 | G8: ='01_인적정보'!K8 | H8: ='08_종합평가'!U8 | I8: =IF(H8="","",IF(H8="S",'02_의사결정·종합결과'!$B$26,IF(H8="A",'02_의사결정·종합결과'!$C$26,IF(H8="B",'02_의사결정·종합결과'!$D$26,IF(H8="C",'02_의사결정·종합결과'!$E$26,'02_의사결정·종합결과'!$F$26))))) | J8: N | K8: =IF(J8="Y",'02_의사결정·종합결과'!$B$28,0) | L8: =IF(I8="","",I8+K8) | M8: =IFERROR(VLOOKUP(F8,'02_의사결정·종합결과'!$A$32:$D$38,2,FALSE),"") | N8: =IFERROR(VLOOKUP(F8,'02_의사결정·종합결과'!$A$32:$D$38,4,FALSE),"") | O8: =IF(L8="","",ROUND(G8*(1+L8),-4)) | P8: =O8 | Q8: =IF(P8="","",P8-G8)
A9: ='01_인적정보'!A9 | B9: ='01_인적정보'!B9 | C9: ='01_인적정보'!C9 | D9: ='01_인적정보'!D9 | E9: ='01_인적정보'!F9 | F9: ='01_인적정보'!H9 | G9: ='01_인적정보'!K9 | H9: ='08_종합평가'!U9 | I9: =IF(H9="","",IF(H9="S",'02_의사결정·종합결과'!$B$26,IF(H9="A",'02_의사결정·종합결과'!$C$26,IF(H9="B",'02_의사결정·종합결과'!$D$26,IF(H9="C",'02_의사결정·종합결과'!$E$26,'02_의사결정·종합결과'!$F$26))))) | J9: N | K9: =IF(J9="Y",'02_의사결정·종합결과'!$B$28,0) | L9: =IF(I9="","",I9+K9) | M9: =IFERROR(VLOOKUP(F9,'02_의사결정·종합결과'!$A$32:$D$38,2,FALSE),"") | N9: =IFERROR(VLOOKUP(F9,'02_의사결정·종합결과'!$A$32:$D$38,4,FALSE),"") | O9: =IF(L9="","",ROUND(G9*(1+L9),-4)) | P9: =O9 | Q9: =IF(P9="","",P9-G9)
A10: ='01_인적정보'!A10 | B10: ='01_인적정보'!B10 | C10: ='01_인적정보'!C10 | D10: ='01_인적정보'!D10 | E10: ='01_인적정보'!F10 | F10: ='01_인적정보'!H10 | G10: ='01_인적정보'!K10 | H10: ='08_종합평가'!U10 | I10: =IF(H10="","",IF(H10="S",'02_의사결정·종합결과'!$B$26,IF(H10="A",'02_의사결정·종합결과'!$C$26,IF(H10="B",'02_의사결정·종합결과'!$D$26,IF(H10="C",'02_의사결정·종합결과'!$E$26,'02_의사결정·종합결과'!$F$26))))) | J10: N | K10: =IF(J10="Y",'02_의사결정·종합결과'!$B$28,0) | L10: =IF(I10="","",I10+K10) | M10: =IFERROR(VLOOKUP(F10,'02_의사결정·종합결과'!$A$32:$D$38,2,FALSE),"") | N10: =IFERROR(VLOOKUP(F10,'02_의사결정·종합결과'!$A$32:$D$38,4,FALSE),"") | O10: =IF(L10="","",ROUND(G10*(1+L10),-4)) | P10: =O10 | Q10: =IF(P10="","",P10-G10)
A11: ='01_인적정보'!A11 | B11: ='01_인적정보'!B11 | C11: ='01_인적정보'!C11 | D11: ='01_인적정보'!D11 | E11: ='01_인적정보'!F11 | F11: ='01_인적정보'!H11 | G11: ='01_인적정보'!K11 | H11: ='08_종합평가'!U11 | I11: =IF(H11="","",IF(H11="S",'02_의사결정·종합결과'!$B$26,IF(H11="A",'02_의사결정·종합결과'!$C$26,IF(H11="B",'02_의사결정·종합결과'!$D$26,IF(H11="C",'02_의사결정·종합결과'!$E$26,'02_의사결정·종합결과'!$F$26))))) | J11: N | K11: =IF(J11="Y",'02_의사결정·종합결과'!$B$28,0) | L11: =IF(I11="","",I11+K11) | M11: =IFERROR(VLOOKUP(F11,'02_의사결정·종합결과'!$A$32:$D$38,2,FALSE),"") | N11: =IFERROR(VLOOKUP(F11,'02_의사결정·종합결과'!$A$32:$D$38,4,FALSE),"") | O11: =IF(L11="","",ROUND(G11*(1+L11),-4)) | P11: =O11 | Q11: =IF(P11="","",P11-G11)
A12: ='01_인적정보'!A12 | B12: ='01_인적정보'!B12 | C12: ='01_인적정보'!C12 | D12: ='01_인적정보'!D12 | E12: ='01_인적정보'!F12 | F12: ='01_인적정보'!H12 | G12: ='01_인적정보'!K12 | H12: ='08_종합평가'!U12 | I12: =IF(H12="","",IF(H12="S",'02_의사결정·종합결과'!$B$26,IF(H12="A",'02_의사결정·종합결과'!$C$26,IF(H12="B",'02_의사결정·종합결과'!$D$26,IF(H12="C",'02_의사결정·종합결과'!$E$26,'02_의사결정·종합결과'!$F$26))))) | J12: N | K12: =IF(J12="Y",'02_의사결정·종합결과'!$B$28,0) | L12: =IF(I12="","",I12+K12) | M12: =IFERROR(VLOOKUP(F12,'02_의사결정·종합결과'!$A$32:$D$38,2,FALSE),"") | N12: =IFERROR(VLOOKUP(F12,'02_의사결정·종합결과'!$A$32:$D$38,4,FALSE),"") | O12: =IF(L12="","",ROUND(G12*(1+L12),-4)) | P12: =O12 | Q12: =IF(P12="","",P12-G12)
A13: ='01_인적정보'!A13 | B13: ='01_인적정보'!B13 | C13: ='01_인적정보'!C13 | D13: ='01_인적정보'!D13 | E13: ='01_인적정보'!F13 | F13: ='01_인적정보'!H13 | G13: ='01_인적정보'!K13 | H13: ='08_종합평가'!U13 | I13: =IF(H13="","",IF(H13="S",'02_의사결정·종합결과'!$B$26,IF(H13="A",'02_의사결정·종합결과'!$C$26,IF(H13="B",'02_의사결정·종합결과'!$D$26,IF(H13="C",'02_의사결정·종합결과'!$E$26,'02_의사결정·종합결과'!$F$26))))) | J13: N | K13: =IF(J13="Y",'02_의사결정·종합결과'!$B$28,0) | L13: =IF(I13="","",I13+K13) | M13: =IFERROR(VLOOKUP(F13,'02_의사결정·종합결과'!$A$32:$D$38,2,FALSE),"") | N13: =IFERROR(VLOOKUP(F13,'02_의사결정·종합결과'!$A$32:$D$38,4,FALSE),"") | O13: =IF(L13="","",ROUND(G13*(1+L13),-4)) | P13: =O13 | Q13: =IF(P13="","",P13-G13)
A14: ='01_인적정보'!A14 | B14: ='01_인적정보'!B14 | C14: ='01_인적정보'!C14 | D14: ='01_인적정보'!D14 | E14: ='01_인적정보'!F14 | F14: ='01_인적정보'!H14 | G14: ='01_인적정보'!K14 | H14: ='08_종합평가'!U14 | I14: =IF(H14="","",IF(H14="S",'02_의사결정·종합결과'!$B$26,IF(H14="A",'02_의사결정·종합결과'!$C$26,IF(H14="B",'02_의사결정·종합결과'!$D$26,IF(H14="C",'02_의사결정·종합결과'!$E$26,'02_의사결정·종합결과'!$F$26))))) | J14: N | K14: =IF(J14="Y",'02_의사결정·종합결과'!$B$28,0) | L14: =IF(I14="","",I14+K14) | M14: =IFERROR(VLOOKUP(F14,'02_의사결정·종합결과'!$A$32:$D$38,2,FALSE),"") | N14: =IFERROR(VLOOKUP(F14,'02_의사결정·종합결과'!$A$32:$D$38,4,FALSE),"") | O14: =IF(L14="","",ROUND(G14*(1+L14),-4)) | P14: =O14 | Q14: =IF(P14="","",P14-G14)
A15: ='01_인적정보'!A15 | B15: ='01_인적정보'!B15 | C15: ='01_인적정보'!C15 | D15: ='01_인적정보'!D15 | E15: ='01_인적정보'!F15 | F15: ='01_인적정보'!H15 | G15: ='01_인적정보'!K15 | H15: ='08_종합평가'!U15 | I15: =IF(H15="","",IF(H15="S",'02_의사결정·종합결과'!$B$26,IF(H15="A",'02_의사결정·종합결과'!$C$26,IF(H15="B",'02_의사결정·종합결과'!$D$26,IF(H15="C",'02_의사결정·종합결과'!$E$26,'02_의사결정·종합결과'!$F$26))))) | J15: N | K15: =IF(J15="Y",'02_의사결정·종합결과'!$B$28,0) | L15: =IF(I15="","",I15+K15) | M15: =IFERROR(VLOOKUP(F15,'02_의사결정·종합결과'!$A$32:$D$38,2,FALSE),"") | N15: =IFERROR(VLOOKUP(F15,'02_의사결정·종합결과'!$A$32:$D$38,4,FALSE),"") | O15: =IF(L15="","",ROUND(G15*(1+L15),-4)) | P15: =O15 | Q15: =IF(P15="","",P15-G15)
A16: ='01_인적정보'!A16 | B16: ='01_인적정보'!B16 | C16: ='01_인적정보'!C16 | D16: ='01_인적정보'!D16 | E16: ='01_인적정보'!F16 | F16: ='01_인적정보'!H16 | G16: ='01_인적정보'!K16 | H16: ='08_종합평가'!U16 | I16: =IF(H16="","",IF(H16="S",'02_의사결정·종합결과'!$B$26,IF(H16="A",'02_의사결정·종합결과'!$C$26,IF(H16="B",'02_의사결정·종합결과'!$D$26,IF(H16="C",'02_의사결정·종합결과'!$E$26,'02_의사결정·종합결과'!$F$26))))) | J16: N | K16: =IF(J16="Y",'02_의사결정·종합결과'!$B$28,0) | L16: =IF(I16="","",I16+K16) | M16: =IFERROR(VLOOKUP(F16,'02_의사결정·종합결과'!$A$32:$D$38,2,FALSE),"") | N16: =IFERROR(VLOOKUP(F16,'02_의사결정·종합결과'!$A$32:$D$38,4,FALSE),"") | O16: =IF(L16="","",ROUND(G16*(1+L16),-4)) | P16: =O16 | Q16: =IF(P16="","",P16-G16)
A17: ='01_인적정보'!A17 | B17: ='01_인적정보'!B17 | C17: ='01_인적정보'!C17 | D17: ='01_인적정보'!D17 | E17: ='01_인적정보'!F17 | F17: ='01_인적정보'!H17 | G17: ='01_인적정보'!K17 | H17: ='08_종합평가'!U17 | I17: =IF(H17="","",IF(H17="S",'02_의사결정·종합결과'!$B$26,IF(H17="A",'02_의사결정·종합결과'!$C$26,IF(H17="B",'02_의사결정·종합결과'!$D$26,IF(H17="C",'02_의사결정·종합결과'!$E$26,'02_의사결정·종합결과'!$F$26))))) | J17: N | K17: =IF(J17="Y",'02_의사결정·종합결과'!$B$28,0) | L17: =IF(I17="","",I17+K17) | M17: =IFERROR(VLOOKUP(F17,'02_의사결정·종합결과'!$A$32:$D$38,2,FALSE),"") | N17: =IFERROR(VLOOKUP(F17,'02_의사결정·종합결과'!$A$32:$D$38,4,FALSE),"") | O17: =IF(L17="","",ROUND(G17*(1+L17),-4)) | P17: =O17 | Q17: =IF(P17="","",P17-G17)
... A39: ='01_인적정보'!A39 | B39: ='01_인적정보'!B39 | C39: ='01_인적정보'!C39 | D39: ='01_인적정보'!D39 | E39: ='01_인적정보'!F39 | F39: ='01_인적정보'!H39 | G39: ='01_인적정보'!K39 | H39: ='08_종합평가'!U39 | I39: =IF(H39="","",IF(H39="S",'02_의사결정·종합결과'!$B$26,IF(H39="A",'02_의사결정·종합결과'!$C$26,IF(H39="B",'02_의사결정·종합결과'!$D$26,IF(H39="C",'02_의사결정·종합결과'!$E$26,'02_의사결정·종합결과'!$F$26))))) | J39: N | K39: =IF(J39="Y",'02_의사결정·종합결과'!$B$28,0) | L39: =IF(I39="","",I39+K39) | M39: =IFERROR(VLOOKUP(F39,'02_의사결정·종합결과'!$A$32:$D$38,2,FALSE),"") | N39: =IFERROR(VLOOKUP(F39,'02_의사결정·종합결과'!$A$32:$D$38,4,FALSE),"") | O39: =IF(L39="","",ROUND(G39*(1+L39),-4)) | P39: =O39 | Q39: =IF(P39="","",P39-G39)
F41: 합계 | G41: =SUM(G6:G39) | O41: =SUM(O6:O39) | P41: =SUM(P6:P39) | Q41: =SUM(Q6:Q39)

Sheet 10_성과급관리
A1: 성과급(인센티브) 관리 — 등급별 자동 산출
A2: 08 종합평가의 최종등급에 따라 자동 산정. 전사 KPI 달성률로 재원 가산.
A4: ■ 전사 KPI 달성률 → 성과급 재원 가산 계수
A5: 전사 KPI 종합등급 | B5: ='03_전사업적평가'!B11 | C5: KPI 가산 계수 | D5: =IFERROR(IF(B5="","",IF(B5="S",1.2,IF(B5="A",1.1,IF(B5="B",1,IF(B5="C",0.9,IF(B5="D",0.8,1)))))),1) | E5: 수동 조정 | F5: 1 | G5: S/A 등급 시 가산, C/D 등급 시 감산. 수동 조정란에 직접 입력해 덮어쓰기 가능.
A7: ■ 개인별 성과급 산출
A8: No. | B8: 사번 | C8: 성명 | D8: 부서 | E8: 역할등급 | F8: 연봉(현재) | G8: 최종등급 | H8: 월급여 | I8: 기본 성과급률 | J8: 기본 성과급(원) | K8: 가산계수 | L8: 최종 성과급 | M8: 비고
A9: ='01_인적정보'!A6 | B9: ='01_인적정보'!B6 | C9: ='01_인적정보'!C6 | D9: ='01_인적정보'!F6 | E9: ='01_인적정보'!H6 | F9: ='01_인적정보'!K6 | G9: ='08_종합평가'!U6 | H9: =ROUND(F9/12,-3) | I9: =IF(G9="","",IF(G9="S",'02_의사결정·종합결과'!$B$27,IF(G9="A",'02_의사결정·종합결과'!$C$27,IF(G9="B",'02_의사결정·종합결과'!$D$27,IF(G9="C",'02_의사결정·종합결과'!$E$27,'02_의사결정·종합결과'!$F$27))))) | J9: =IF(I9="","",ROUND(H9*I9*12,-3)) | K9: =IF($F$5<>1,$F$5,IF($D$5="",1,$D$5)) | L9: =IF(J9="","",ROUND(J9*K9,-3))
A10: ='01_인적정보'!A7 | B10: ='01_인적정보'!B7 | C10: ='01_인적정보'!C7 | D10: ='01_인적정보'!F7 | E10: ='01_인적정보'!H7 | F10: ='01_인적정보'!K7 | G10: ='08_종합평가'!U7 | H10: =ROUND(F10/12,-3) | I10: =IF(G10="","",IF(G10="S",'02_의사결정·종합결과'!$B$27,IF(G10="A",'02_의사결정·종합결과'!$C$27,IF(G10="B",'02_의사결정·종합결과'!$D$27,IF(G10="C",'02_의사결정·종합결과'!$E$27,'02_의사결정·종합결과'!$F$27))))) | J10: =IF(I10="","",ROUND(H10*I10*12,-3)) | K10: =IF($F$5<>1,$F$5,IF($D$5="",1,$D$5)) | L10: =IF(J10="","",ROUND(J10*K10,-3))
A11: ='01_인적정보'!A8 | B11: ='01_인적정보'!B8 | C11: ='01_인적정보'!C8 | D11: ='01_인적정보'!F8 | E11: ='01_인적정보'!H8 | F11: ='01_인적정보'!K8 | G11: ='08_종합평가'!U8 | H11: =ROUND(F11/12,-3) | I11: =IF(G11="","",IF(G11="S",'02_의사결정·종합결과'!$B$27,IF(G11="A",'02_의사결정·종합결과'!$C$27,IF(G11="B",'02_의사결정·종합결과'!$D$27,IF(G11="C",'02_의사결정·종합결과'!$E$27,'02_의사결정·종합결과'!$F$27))))) | J11: =IF(I11="","",ROUND(H11*I11*12,-3)) | K11: =IF($F$5<>1,$F$5,IF($D$5="",1,$D$5)) | L11: =IF(J11="","",ROUND(J11*K11,-3))
A12: ='01_인적정보'!A9 | B12: ='01_인적정보'!B9 | C12: ='01_인적정보'!C9 | D12: ='01_인적정보'!F9 | E12: ='01_인적정보'!H9 | F12: ='01_인적정보'!K9 | G12: ='08_종합평가'!U9 | H12: =ROUND(F12/12,-3) | I12: =IF(G12="","",IF(G12="S",'02_의사결정·종합결과'!$B$27,IF(G12="A",'02_의사결정·종합결과'!$C$27,IF(G12="B",'02_의사결정·종합결과'!$D$27,IF(G12="C",'02_의사결정·종합결과'!$E$27,'02_의사결정·종합결과'!$F$27))))) | J12: =IF(I12="","",ROUND(H12*I12*12,-3)) | K12: =IF($F$5<>1,$F$5,IF($D$5="",1,$D$5)) | L12: =IF(J12="","",ROUND(J12*K12,-3))
A13: ='01_인적정보'!A10 | B13: ='01_인적정보'!B10 | C13: ='01_인적정보'!C10 | D13: ='01_인적정보'!F10 | E13: ='01_인적정보'!H10 | F13: ='01_인적정보'!K10 | G13: ='08_종합평가'!U10 | H13: =ROUND(F13/12,-3) | I13: =IF(G13="","",IF(G13="S",'02_의사결정·종합결과'!$B$27,IF(G13="A",'02_의사결정·종합결과'!$C$27,IF(G13="B",'02_의사결정·종합결과'!$D$27,IF(G13="C",'02_의사결정·종합결과'!$E$27,'02_의사결정·종합결과'!$F$27))))) | J13: =IF(I13="","",ROUND(H13*I13*12,-3)) | K13: =IF($F$5<>1,$F$5,IF($D$5="",1,$D$5)) | L13: =IF(J13="","",ROUND(J13*K13,-3))
A14: ='01_인적정보'!A11 | B14: ='01_인적정보'!B11 | C14: ='01_인적정보'!C11 | D14: ='01_인적정보'!F11 | E14: ='01_인적정보'!H11 | F14: ='01_인적정보'!K11 | G14: ='08_종합평가'!U11 | H14: =ROUND(F14/12,-3) | I14: =IF(G14="","",IF(G14="S",'02_의사결정·종합결과'!$B$27,IF(G14="A",'02_의사결정·종합결과'!$C$27,IF(G14="B",'02_의사결정·종합결과'!$D$27,IF(G14="C",'02_의사결정·종합결과'!$E$27,'02_의사결정·종합결과'!$F$27))))) | J14: =IF(I14="","",ROUND(H14*I14*12,-3)) | K14: =IF($F$5<>1,$F$5,IF($D$5="",1,$D$5)) | L14: =IF(J14="","",ROUND(J14*K14,-3))
A15: ='01_인적정보'!A12 | B15: ='01_인적정보'!B12 | C15: ='01_인적정보'!C12 | D15: ='01_인적정보'!F12 | E15: ='01_인적정보'!H12 | F15: ='01_인적정보'!K12 | G15: ='08_종합평가'!U12 | H15: =ROUND(F15/12,-3) | I15: =IF(G15="","",IF(G15="S",'02_의사결정·종합결과'!$B$27,IF(G15="A",'02_의사결정·종합결과'!$C$27,IF(G15="B",'02_의사결정·종합결과'!$D$27,IF(G15="C",'02_의사결정·종합결과'!$E$27,'02_의사결정·종합결과'!$F$27))))) | J15: =IF(I15="","",ROUND(H15*I15*12,-3)) | K15: =IF($F$5<>1,$F$5,IF($D$5="",1,$D$5)) | L15: =IF(J15="","",ROUND(J15*K15,-3))
A16: ='01_인적정보'!A13 | B16: ='01_인적정보'!B13 | C16: ='01_인적정보'!C13 | D16: ='01_인적정보'!F13 | E16: ='01_인적정보'!H13 | F16: ='01_인적정보'!K13 | G16: ='08_종합평가'!U13 | H16: =ROUND(F16/12,-3) | I16: =IF(G16="","",IF(G16="S",'02_의사결정·종합결과'!$B$27,IF(G16="A",'02_의사결정·종합결과'!$C$27,IF(G16="B",'02_의사결정·종합결과'!$D$27,IF(G16="C",'02_의사결정·종합결과'!$E$27,'02_의사결정·종합결과'!$F$27))))) | J16: =IF(I16="","",ROUND(H16*I16*12,-3)) | K16: =IF($F$5<>1,$F$5,IF($D$5="",1,$D$5)) | L16: =IF(J16="","",ROUND(J16*K16,-3))
A17: ='01_인적정보'!A14 | B17: ='01_인적정보'!B14 | C17: ='01_인적정보'!C14 | D17: ='01_인적정보'!F14 | E17: ='01_인적정보'!H14 | F17: ='01_인적정보'!K14 | G17: ='08_종합평가'!U14 | H17: =ROUND(F17/12,-3) | I17: =IF(G17="","",IF(G17="S",'02_의사결정·종합결과'!$B$27,IF(G17="A",'02_의사결정·종합결과'!$C$27,IF(G17="B",'02_의사결정·종합결과'!$D$27,IF(G17="C",'02_의사결정·종합결과'!$E$27,'02_의사결정·종합결과'!$F$27))))) | J17: =IF(I17="","",ROUND(H17*I17*12,-3)) | K17: =IF($F$5<>1,$F$5,IF($D$5="",1,$D$5)) | L17: =IF(J17="","",ROUND(J17*K17,-3))
A18: ='01_인적정보'!A15 | B18: ='01_인적정보'!B15 | C18: ='01_인적정보'!C15 | D18: ='01_인적정보'!F15 | E18: ='01_인적정보'!H15 | F18: ='01_인적정보'!K15 | G18: ='08_종합평가'!U15 | H18: =ROUND(F18/12,-3) | I18: =IF(G18="","",IF(G18="S",'02_의사결정·종합결과'!$B$27,IF(G18="A",'02_의사결정·종합결과'!$C$27,IF(G18="B",'02_의사결정·종합결과'!$D$27,IF(G18="C",'02_의사결정·종합결과'!$E$27,'02_의사결정·종합결과'!$F$27))))) | J18: =IF(I18="","",ROUND(H18*I18*12,-3)) | K18: =IF($F$5<>1,$F$5,IF($D$5="",1,$D$5)) | L18: =IF(J18="","",ROUND(J18*K18,-3))
A19: ='01_인적정보'!A16 | B19: ='01_인적정보'!B16 | C19: ='01_인적정보'!C16 | D19: ='01_인적정보'!F16 | E19: ='01_인적정보'!H16 | F19: ='01_인적정보'!K16 | G19: ='08_종합평가'!U16 | H19: =ROUND(F19/12,-3) | I19: =IF(G19="","",IF(G19="S",'02_의사결정·종합결과'!$B$27,IF(G19="A",'02_의사결정·종합결과'!$C$27,IF(G19="B",'02_의사결정·종합결과'!$D$27,IF(G19="C",'02_의사결정·종합결과'!$E$27,'02_의사결정·종합결과'!$F$27))))) | J19: =IF(I19="","",ROUND(H19*I19*12,-3)) | K19: =IF($F$5<>1,$F$5,IF($D$5="",1,$D$5)) | L19: =IF(J19="","",ROUND(J19*K19,-3))
A20: ='01_인적정보'!A17 | B20: ='01_인적정보'!B17 | C20: ='01_인적정보'!C17 | D20: ='01_인적정보'!F17 | E20: ='01_인적정보'!H17 | F20: ='01_인적정보'!K17 | G20: ='08_종합평가'!U17 | H20: =ROUND(F20/12,-3) | I20: =IF(G20="","",IF(G20="S",'02_의사결정·종합결과'!$B$27,IF(G20="A",'02_의사결정·종합결과'!$C$27,IF(G20="B",'02_의사결정·종합결과'!$D$27,IF(G20="C",'02_의사결정·종합결과'!$E$27,'02_의사결정·종합결과'!$F$27))))) | J20: =IF(I20="","",ROUND(H20*I20*12,-3)) | K20: =IF($F$5<>1,$F$5,IF($D$5="",1,$D$5)) | L20: =IF(J20="","",ROUND(J20*K20,-3))
... A42: ='01_인적정보'!A39 | B42: ='01_인적정보'!B39 | C42: ='01_인적정보'!C39 | D42: ='01_인적정보'!F39 | E42: ='01_인적정보'!H39 | F42: ='01_인적정보'!K39 | G42: ='08_종합평가'!U39 | H42: =ROUND(F42/12,-3) | I42: =IF(G42="","",IF(G42="S",'02_의사결정·종합결과'!$B$27,IF(G42="A",'02_의사결정·종합결과'!$C$27,IF(G42="B",'02_의사결정·종합결과'!$D$27,IF(G42="C",'02_의사결정·종합결과'!$E$27,'02_의사결정·종합결과'!$F$27))))) | J42: =IF(I42="","",ROUND(H42*I42*12,-3)) | K42: =IF($F$5<>1,$F$5,IF($D$5="",1,$D$5)) | L42: =IF(J42="","",ROUND(J42*K42,-3))
K44: 총 성과급 재원 | L44: =SUM(L9:L42)

Sheet 11_페이밴드검증
A1: 페이밴드 적합성 검증
A2: 현재·인상 후 연봉의 페이밴드 위치를 자동 검증. 이탈자는 자동 식별.
A4: ■ 등급별 페이밴드 (02 자동 참조)
A5: 역할등급 | B5: 최소 | C5: 중위 | D5: 최대 | E5: Range Spread | F5: 해당 인원 | G5: 범위 내 | H5: 이탈
A6: G6 | B6: ='02_의사결정·종합결과'!B32 | C6: ='02_의사결정·종합결과'!C32 | D6: ='02_의사결정·종합결과'!D32 | E6: =(D6-B6)/B6 | F6: =COUNTIF('09_보상연계'!$F$6:$F$39,A6) | G6: =SUMPRODUCT(('09_보상연계'!$F$6:$F$39=A6)*('09_보상연계'!$P$6:$P$39>=B6)*('09_보상연계'!$P$6:$P$39<=D6)) | H6: =F6-G6
A7: G5-M | B7: ='02_의사결정·종합결과'!B33 | C7: ='02_의사결정·종합결과'!C33 | D7: ='02_의사결정·종합결과'!D33 | E7: =(D7-B7)/B7 | F7: =COUNTIF('09_보상연계'!$F$6:$F$39,A7) | G7: =SUMPRODUCT(('09_보상연계'!$F$6:$F$39=A7)*('09_보상연계'!$P$6:$P$39>=B7)*('09_보상연계'!$P$6:$P$39<=D7)) | H7: =F7-G7
A8: G5-S | B8: ='02_의사결정·종합결과'!B34 | C8: ='02_의사결정·종합결과'!C34 | D8: ='02_의사결정·종합결과'!D34 | E8: =(D8-B8)/B8 | F8: =COUNTIF('09_보상연계'!$F$6:$F$39,A8) | G8: =SUMPRODUCT(('09_보상연계'!$F$6:$F$39=A8)*('09_보상연계'!$P$6:$P$39>=B8)*('09_보상연계'!$P$6:$P$39<=D8)) | H8: =F8-G8
A9: G4 | B9: ='02_의사결정·종합결과'!B35 | C9: ='02_의사결정·종합결과'!C35 | D9: ='02_의사결정·종합결과'!D35 | E9: =(D9-B9)/B9 | F9: =COUNTIF('09_보상연계'!$F$6:$F$39,A9) | G9: =SUMPRODUCT(('09_보상연계'!$F$6:$F$39=A9)*('09_보상연계'!$P$6:$P$39>=B9)*('09_보상연계'!$P$6:$P$39<=D9)) | H9: =F9-G9
A10: G3 | B10: ='02_의사결정·종합결과'!B36 | C10: ='02_의사결정·종합결과'!C36 | D10: ='02_의사결정·종합결과'!D36 | E10: =(D10-B10)/B10 | F10: =COUNTIF('09_보상연계'!$F$6:$F$39,A10) | G10: =SUMPRODUCT(('09_보상연계'!$F$6:$F$39=A10)*('09_보상연계'!$P$6:$P$39>=B10)*('09_보상연계'!$P$6:$P$39<=D10)) | H10: =F10-G10
A11: G2 | B11: ='02_의사결정·종합결과'!B37 | C11: ='02_의사결정·종합결과'!C37 | D11: ='02_의사결정·종합결과'!D37 | E11: =(D11-B11)/B11 | F11: =COUNTIF('09_보상연계'!$F$6:$F$39,A11) | G11: =SUMPRODUCT(('09_보상연계'!$F$6:$F$39=A11)*('09_보상연계'!$P$6:$P$39>=B11)*('09_보상연계'!$P$6:$P$39<=D11)) | H11: =F11-G11
A12: G1 | B12: ='02_의사결정·종합결과'!B38 | C12: ='02_의사결정·종합결과'!C38 | D12: ='02_의사결정·종합결과'!D38 | E12: =(D12-B12)/B12 | F12: =COUNTIF('09_보상연계'!$F$6:$F$39,A12) | G12: =SUMPRODUCT(('09_보상연계'!$F$6:$F$39=A12)*('09_보상연계'!$P$6:$P$39>=B12)*('09_보상연계'!$P$6:$P$39<=D12)) | H12: =F12-G12
A14: ■ 페이밴드 이탈자 명단 (자동 식별)
A15: No. | B15: 사번 | C15: 성명 | D15: 역할등급 | E15: 확정 연봉 | F15: Min | G15: Max | H15: 이탈 방향 | I15: 조정 권고
A16: ='09_보상연계'!A6 | B16: ='09_보상연계'!B6 | C16: ='09_보상연계'!C6 | D16: ='09_보상연계'!F6 | E16: ='09_보상연계'!P6 | F16: ='09_보상연계'!M6 | G16: ='09_보상연계'!N6 | H16: =IF(E16="","",IF(E16<F16,"⬇ Min 미달",IF(E16>G16,"⬆ Max 초과","✓ 범위 내"))) | I16: =IF(E16="","",IF(E16<F16,F16-E16,IF(E16>G16,E16-G16,0)))
A17: ='09_보상연계'!A7 | B17: ='09_보상연계'!B7 | C17: ='09_보상연계'!C7 | D17: ='09_보상연계'!F7 | E17: ='09_보상연계'!P7 | F17: ='09_보상연계'!M7 | G17: ='09_보상연계'!N7 | H17: =IF(E17="","",IF(E17<F17,"⬇ Min 미달",IF(E17>G17,"⬆ Max 초과","✓ 범위 내"))) | I17: =IF(E17="","",IF(E17<F17,F17-E17,IF(E17>G17,E17-G17,0)))
A18: ='09_보상연계'!A8 | B18: ='09_보상연계'!B8 | C18: ='09_보상연계'!C8 | D18: ='09_보상연계'!F8 | E18: ='09_보상연계'!P8 | F18: ='09_보상연계'!M8 | G18: ='09_보상연계'!N8 | H18: =IF(E18="","",IF(E18<F18,"⬇ Min 미달",IF(E18>G18,"⬆ Max 초과","✓ 범위 내"))) | I18: =IF(E18="","",IF(E18<F18,F18-E18,IF(E18>G18,E18-G18,0)))
A19: ='09_보상연계'!A9 | B19: ='09_보상연계'!B9 | C19: ='09_보상연계'!C9 | D19: ='09_보상연계'!F9 | E19: ='09_보상연계'!P9 | F19: ='09_보상연계'!M9 | G19: ='09_보상연계'!N9 | H19: =IF(E19="","",IF(E19<F19,"⬇ Min 미달",IF(E19>G19,"⬆ Max 초과","✓ 범위 내"))) | I19: =IF(E19="","",IF(E19<F19,F19-E19,IF(E19>G19,E19-G19,0)))
A20: ='09_보상연계'!A10 | B20: ='09_보상연계'!B10 | C20: ='09_보상연계'!C10 | D20: ='09_보상연계'!F10 | E20: ='09_보상연계'!P10 | F20: ='09_보상연계'!M10 | G20: ='09_보상연계'!N10 | H20: =IF(E20="","",IF(E20<F20,"⬇ Min 미달",IF(E20>G20,"⬆ Max 초과","✓ 범위 내"))) | I20: =IF(E20="","",IF(E20<F20,F20-E20,IF(E20>G20,E20-G20,0)))
A21: ='09_보상연계'!A11 | B21: ='09_보상연계'!B11 | C21: ='09_보상연계'!C11 | D21: ='09_보상연계'!F11 | E21: ='09_보상연계'!P11 | F21: ='09_보상연계'!M11 | G21: ='09_보상연계'!N11 | H21: =IF(E21="","",IF(E21<F21,"⬇ Min 미달",IF(E21>G21,"⬆ Max 초과","✓ 범위 내"))) | I21: =IF(E21="","",IF(E21<F21,F21-E21,IF(E21>G21,E21-G21,0)))
A22: ='09_보상연계'!A12 | B22: ='09_보상연계'!B12 | C22: ='09_보상연계'!C12 | D22: ='09_보상연계'!F12 | E22: ='09_보상연계'!P12 | F22: ='09_보상연계'!M12 | G22: ='09_보상연계'!N12 | H22: =IF(E22="","",IF(E22<F22,"⬇ Min 미달",IF(E22>G22,"⬆ Max 초과","✓ 범위 내"))) | I22: =IF(E22="","",IF(E22<F22,F22-E22,IF(E22>G22,E22-G22,0)))
A23: ='09_보상연계'!A13 | B23: ='09_보상연계'!B13 | C23: ='09_보상연계'!C13 | D23: ='09_보상연계'!F13 | E23: ='09_보상연계'!P13 | F23: ='09_보상연계'!M13 | G23: ='09_보상연계'!N13 | H23: =IF(E23="","",IF(E23<F23,"⬇ Min 미달",IF(E23>G23,"⬆ Max 초과","✓ 범위 내"))) | I23: =IF(E23="","",IF(E23<F23,F23-E23,IF(E23>G23,E23-G23,0)))
A24: ='09_보상연계'!A14 | B24: ='09_보상연계'!B14 | C24: ='09_보상연계'!C14 | D24: ='09_보상연계'!F14 | E24: ='09_보상연계'!P14 | F24: ='09_보상연계'!M14 | G24: ='09_보상연계'!N14 | H24: =IF(E24="","",IF(E24<F24,"⬇ Min 미달",IF(E24>G24,"⬆ Max 초과","✓ 범위 내"))) | I24: =IF(E24="","",IF(E24<F24,F24-E24,IF(E24>G24,E24-G24,0)))
A25: ='09_보상연계'!A15 | B25: ='09_보상연계'!B15 | C25: ='09_보상연계'!C15 | D25: ='09_보상연계'!F15 | E25: ='09_보상연계'!P15 | F25: ='09_보상연계'!M15 | G25: ='09_보상연계'!N15 | H25: =IF(E25="","",IF(E25<F25,"⬇ Min 미달",IF(E25>G25,"⬆ Max 초과","✓ 범위 내"))) | I25: =IF(E25="","",IF(E25<F25,F25-E25,IF(E25>G25,E25-G25,0)))
A26: ='09_보상연계'!A16 | B26: ='09_보상연계'!B16 | C26: ='09_보상연계'!C16 | D26: ='09_보상연계'!F16 | E26: ='09_보상연계'!P16 | F26: ='09_보상연계'!M16 | G26: ='09_보상연계'!N16 | H26: =IF(E26="","",IF(E26<F26,"⬇ Min 미달",IF(E26>G26,"⬆ Max 초과","✓ 범위 내"))) | I26: =IF(E26="","",IF(E26<F26,F26-E26,IF(E26>G26,E26-G26,0)))
A27: ='09_보상연계'!A17 | B27: ='09_보상연계'!B17 | C27: ='09_보상연계'!C17 | D27: ='09_보상연계'!F17 | E27: ='09_보상연계'!P17 | F27: ='09_보상연계'!M17 | G27: ='09_보상연계'!N17 | H27: =IF(E27="","",IF(E27<F27,"⬇ Min 미달",IF(E27>G27,"⬆ Max 초과","✓ 범위 내"))) | I27: =IF(E27="","",IF(E27<F27,F27-E27,IF(E27>G27,E27-G27,0)))
... A49: ='09_보상연계'!A39 | B49: ='09_보상연계'!B39 | C49: ='09_보상연계'!C39 | D49: ='09_보상연계'!F39 | E49: ='09_보상연계'!P39 | F49: ='09_보상연계'!M39 | G49: ='09_보상연계'!N39 | H49: =IF(E49="","",IF(E49<F49,"⬇ Min 미달",IF(E49>G49,"⬆ Max 초과","✓ 범위 내"))) | I49: =IF(E49="","",IF(E49<F49,F49-E49,IF(E49>G49,E49-G49,0)))

Sheet 12_시뮬레이션
A1: End-to-End 시뮬레이션 대시보드
A2: 07a/07b에 등급 입력 시 모든 시트가 갱신되어 여기에 종합 요약. 변경 시뮬레이션 확인용.
A4: ▶ 종합 요약
A5: 총 인원 | B5: =COUNTA('01_인적정보'!C6:C65)
A6: 연봉 총액(현재) | B6: =SUM('09_보상연계'!G6:G39)
A7: 연봉 총액(인상후) | B7: ='09_보상연계'!P41
A8: 총 인상액 | B8: ='09_보상연계'!Q41
A9: 인상률 (평균) | B9: =IFERROR('09_보상연계'!Q41/'09_보상연계'!G41,0)
A10: 성과급 재원 | B10: ='10_성과급관리'!L44
A11: 페이밴드 이탈자 | B11: =SUM('11_페이밴드검증'!H6:H12)
A14: ▶ 평가 등급 분포 (전사)
A15: 등급 | B15: 인원수 | C15: 비율
A16: S | B16: =COUNTIF('08_종합평가'!U6:U39,"S") | C16: =IFERROR(B16/SUM($B$16:$B$20),0)
A17: A | B17: =COUNTIF('08_종합평가'!U6:U39,"A") | C17: =IFERROR(B17/SUM($B$16:$B$20),0)
A18: B | B18: =COUNTIF('08_종합평가'!U6:U39,"B") | C18: =IFERROR(B18/SUM($B$16:$B$20),0)
A19: C | B19: =COUNTIF('08_종합평가'!U6:U39,"C") | C19: =IFERROR(B19/SUM($B$16:$B$20),0)
A20: D | B20: =COUNTIF('08_종합평가'!U6:U39,"D") | C20: =IFERROR(B20/SUM($B$16:$B$20),0)
A23: ▶ 부서별 평균 인상률
A24: 부서 | B24: 인원 | C24: 평균 인상률 | D24: 총 인상액
A25: R&D본부 | B25: =COUNTIF('09_보상연계'!E6:E39,"R&D본부") | C25: =IFERROR(AVERAGEIFS('09_보상연계'!L6:L39,'09_보상연계'!E6:E39,"R&D본부"),"") | D25: =SUMIFS('09_보상연계'!Q6:Q39,'09_보상연계'!E6:E39,"R&D본부")
A26: 경영전략실 | B26: =COUNTIF('09_보상연계'!E6:E39,"경영전략실") | C26: =IFERROR(AVERAGEIFS('09_보상연계'!L6:L39,'09_보상연계'!E6:E39,"경영전략실"),"") | D26: =SUMIFS('09_보상연계'!Q6:Q39,'09_보상연계'!E6:E39,"경영전략실")
A27: 마케팅팀 | B27: =COUNTIF('09_보상연계'!E6:E39,"마케팅팀") | C27: =IFERROR(AVERAGEIFS('09_보상연계'!L6:L39,'09_보상연계'!E6:E39,"마케팅팀"),"") | D27: =SUMIFS('09_보상연계'!Q6:Q39,'09_보상연계'!E6:E39,"마케팅팀")
A28: 솔루션본부 | B28: =COUNTIF('09_보상연계'!E6:E39,"솔루션본부") | C28: =IFERROR(AVERAGEIFS('09_보상연계'!L6:L39,'09_보상연계'!E6:E39,"솔루션본부"),"") | D28: =SUMIFS('09_보상연계'!Q6:Q39,'09_보상연계'!E6:E39,"솔루션본부")
A29: 스마트사업부 | B29: =COUNTIF('09_보상연계'!E6:E39,"스마트사업부") | C29: =IFERROR(AVERAGEIFS('09_보상연계'!L6:L39,'09_보상연계'!E6:E39,"스마트사업부"),"") | D29: =SUMIFS('09_보상연계'!Q6:Q39,'09_보상연계'!E6:E39,"스마트사업부")
A30: 컨설팅본부 | B30: =COUNTIF('09_보상연계'!E6:E39,"컨설팅본부") | C30: =IFERROR(AVERAGEIFS('09_보상연계'!L6:L39,'09_보상연계'!E6:E39,"컨설팅본부"),"") | D30: =SUMIFS('09_보상연계'!Q6:Q39,'09_보상연계'!E6:E39,"컨설팅본부")

Sheet 13_직무역할DB
A1: 직무·역할등급 정의 데이터베이스
A2: 직무 × 역할등급(G1~G6) 마스터. 모든 시트가 조회키(직무_등급)로 VLOOKUP 참조
A5: 조회키 | B5: 직무 | C5: 역할등급 | D5: 역할명 | E5: 역할 정의 | F5: 책임범위 | G5: 권한 수준 | H5: 표준연한
A6: 경영전략기획_G6 | B6: 경영전략기획 | C6: G6 | D6: 사업·조직 관리 | E6: 회사의 비전과 중장기 전략을 총괄하며, 경영·인사·재무·마케팅 등 핵심 기능을 통합 관리하고, 전사 의사결정·대외 협력·리스크 관리를 주도 | F6: 전사 KPI 달성, 손익 책임 | G6: 전사 의사결정, 예산 편성, 인력 승인 | H6: 5년 이상
A7: 경영전략기획_G5-M | B7: 경영전략기획 | C7: G5-M | D7: 직무 관리(부서장) | E7: 부서 전략 및 목표를 수립하고, 자원 배분·예산 관리·성과 관리를 통해 조직 성과 달성을 책임지고, 부서 내 의사결정을 주도 | F7: 부서 KPI 달성 책임 | G7: 부서 의사결정, 예산 배분, 채용/승진 제안 | H7: 4년 이상
A8: 경영전략기획_G5-S | B8: 경영전략기획 | C8: G5-S | D8: 실무 스페셜리스트 | E8: 직무 최고 수준의 전문성과 현장 경험을 기반으로, 복잡하고 고난이도의 프로젝트를 성공적으로 수행하며 내부 기술 자산화·전파를 주도 | F8: 핵심 기술/과제 성과 책임 | G8: 전문 영역 의사결정 | H8: 4년 이상
A9: 경영전략기획_G4 | B9: 경영전략기획 | C9: G4 | D9: 실무 책임(PM) | E9: 단위 프로젝트의 전략 수립·추진을 주도하며, 예산·일정·품질 등 목표 달성을 책임지고 성과를 보고 | F9: 프로젝트 성과 책임 | G9: 프로젝트 의사결정, 예산 집행 | H9: 3년 이상
A10: 경영전략기획_G3 | B10: 경영전략기획 | C10: G3 | D10: 핵심 실무 | E10: 전문 지식과 기술을 활용해 프로젝트 핵심 과업을 기획·수행하며, 산출물 품질과 일정 준수를 책임지는 중추적 역할 | F10: 모듈/과업 성과 | G10: 모듈 범위 자율 | H10: 3년 이상
A11: 경영전략기획_G2 | B11: 경영전략기획 | C11: G2 | D11: 실무 | E11: 프로젝트 계획에 따라 독립적·자율적으로 세부 과업을 계획·수행하며, 완성도 있는 산출물을 도출 | F11: 개별 과업 성과 | G11: 과업 범위 자율 | H11: 2년 이상
A12: 경영전략기획_G1 | B12: 경영전략기획 | C12: G1 | D12: 실무 보조 | E12: 실무에 대한 이해와 과업 수행에 필요한 기술·지식을 습득하며, 프로젝트 진행 과정에서 기본적인 과업을 보조 | F12: 학습/보조 수행도 | G12: 제한적 권한 | H12: 1년 이상
A13: 프로젝트영업_G6 | B13: 프로젝트영업 | C13: G6 | D13: 사업·조직 관리 | E13: 회사의 비전과 중장기 전략을 총괄하며, 경영·인사·재무·마케팅 등 핵심 기능을 통합 관리하고, 전사 의사결정·대외 협력·리스크 관리를 주도 | F13: 전사 KPI 달성, 손익 책임 | G13: 전사 의사결정, 예산 편성, 인력 승인 | H13: 5년 이상
A14: 프로젝트영업_G5-M | B14: 프로젝트영업 | C14: G5-M | D14: 직무 관리(부서장) | E14: 부서 전략 및 목표를 수립하고, 자원 배분·예산 관리·성과 관리를 통해 조직 성과 달성을 책임지고, 부서 내 의사결정을 주도 | F14: 부서 KPI 달성 책임 | G14: 부서 의사결정, 예산 배분, 채용/승진 제안 | H14: 4년 이상
A15: 프로젝트영업_G5-S | B15: 프로젝트영업 | C15: G5-S | D15: 실무 스페셜리스트 | E15: 직무 최고 수준의 전문성과 현장 경험을 기반으로, 복잡하고 고난이도의 프로젝트를 성공적으로 수행하며 내부 기술 자산화·전파를 주도 | F15: 핵심 기술/과제 성과 책임 | G15: 전문 영역 의사결정 | H15: 4년 이상
A16: 프로젝트영업_G4 | B16: 프로젝트영업 | C16: G4 | D16: 실무 책임(PM) | E16: 단위 프로젝트의 전략 수립·추진을 주도하며, 예산·일정·품질 등 목표 달성을 책임지고 성과를 보고 | F16: 프로젝트 성과 책임 | G16: 프로젝트 의사결정, 예산 집행 | H16: 3년 이상
... A54: 연구개발(R&D)_G1 | B54: 연구개발(R&D) | C54: G1 | D54: 실무 보조 | E54: 실무에 대한 이해와 과업 수행에 필요한 기술·지식을 습득하며, 프로젝트 진행 과정에서 기본적인 과업을 보조 | F54: 학습/보조 수행도 | G54: 제한적 권한 | H54: 1년 이상

Sheet 14_직무책무DB
A1: 직무별 책무·과업 상세 DB (직무 프로파일)
A2: 각 직무의 전체 책무 카탈로그. 15_직원별책무매핑에서 개인별로 메인 책무를 선택해 평가.
A5: No. | B5: 직무 | C5: 전문영역 | D5: 핵심 책무 | E5: 핵심 과업 (평가기준) | F5: 필요 스킬 | G5: 조회키(직무_책무)
A6: 1 | B6: 경영전략기획 | C6: 경영기획 | D6: 중장기 경영전략 수립 | E6: 내외부 경영환경 분석·중장기 전략방향 설정, PEST·SWOT 분석 | F6: 전략적 사고력, 데이터 분석력, 기획력 | G6: 경영전략기획_중장기 경영전략 수립
A7: 2 | B7: 경영전략기획 | C7: 경영기획 | D7: 조직 목표 및 KPI 관리 | E7: 연간 사업계획·KPI 체계 수립, 성과지표 정의서 작성·관리 | F7: 성과관리, 문제해결, 데이터 시각화 | G7: 경영전략기획_조직 목표 및 KPI 관리
A8: 3 | B8: 경영전략기획 | C8: 경영기획 | D8: 경영계획 및 예산수립 | E8: 연간사업계획·예산 조정관리, 예산편성·전사 예산안 | F8: 재무·회계 지식, 엑셀 활용 | G8: 경영전략기획_경영계획 및 예산수립
A9: 4 | B9: 경영전략기획 | C9: 경영기획 | D9: 경영평가 및 모니터링 | E9: 경영실적 점검·성과지표 운영, 부서별 실적측정·편차분석 | F9: 분석력, 통계해석, 리포팅 | G9: 경영전략기획_경영평가 및 모니터링
A10: 5 | B10: 경영전략기획 | C10: 경영기획 | D10: 신규 사업 기획 및 타당성 검토 | E10: 신사업 발굴·시장조사, 사업성·타당성 검토 | F10: 시장조사, 재무분석, PM | G10: 경영전략기획_신규 사업 기획 및 타당성 검토
A11: 6 | B11: 경영전략기획 | C11: 경영기획 | D11: 리스크 성과분석 | E11: 경영리스크 파악·대응계획 수립, KRI 관리 | F11: 리스크관리, 협상력, 문서작성 | G11: 경영전략기획_리스크 성과분석
A12: 7 | B12: 경영전략기획 | C12: 인사총무 | D12: 인사관리 및 인력운영 | E12: 입·퇴사 인사프로세스, 근태·휴가·인사기록 | F12: HRM 시스템, 문서작성, 개인정보 관리 | G12: 경영전략기획_인사관리 및 인력운영
A13: 8 | B13: 경영전략기획 | C13: 인사총무 | D13: 급여 및 복리후생 | E13: 급여·상여·성과급 정산, 4대보험·연말정산, 복리후생 운영 | F13: 급여정산, 세무·보험 이해 | G13: 경영전략기획_급여 및 복리후생
A14: 9 | B14: 경영전략기획 | C14: 인사총무 | D14: 총무 및 자산관리 | E14: 사무실 운영·비품·시설·차량, 보안·출입통제 | F14: 행정처리, 회계 이해, 문서관리 | G14: 경영전략기획_총무 및 자산관리
A15: 10 | B15: 경영전략기획 | C15: 인사총무 | D15: 노무 및 법규 | E15: 근로계약서·취업규칙·인사제도, 노동법 준수 모니터링 | F15: 근로기준법, 노무 실무 | G15: 경영전략기획_노무 및 법규
A16: 11 | B16: 경영전략기획 | C16: 인사총무 | D16: 조직문화 및 사내행사 | E16: 사내 행사 기획·진행, 내부 커뮤니케이션, 온보딩 | F16: 행사기획·운영, 대인 커뮤니케이션 | G16: 경영전략기획_조직문화 및 사내행사
A17: 12 | B17: 경영전략기획 | C17: 재무회계 | D17: 재무 전략 및 자금 관리 | E17: 자금 조달·운영, 재무 리스크 관리, 투자 검토 | F17: 재무지식, 분석력 | G17: 경영전략기획_재무 전략 및 자금 관리
... A68: 63 | B68: 연구개발(R&D) | C68: 품질관리 | D68: 코드 리뷰·품질 표준 | E68: 코드 리뷰·정적 분석·품질 표준 | F68: 코드 품질 | G68: 연구개발(R&D)_코드 리뷰·품질 표준

Sheet 15_직원별책무매핑
A1: ★ 직원별 메인 책무 매핑
A2: 각 직무 책무 헤더(파란 셀)는 고정. 직원 행의 책무 칸에 O(메인 책무) 또는 X(아님)만 입력. 메인 책무 수는 자동 카운트.
A3: ▶ 사용법: 직원별로 자신의 직무 섹션을 찾아 → 메인 책무 셀에 O, 비메인 셀에 X 입력 → E열(메인 책무 수)이 자동 갱신
A5: ■ 직무: 경영전략기획 (책무 19개) | 해당 직원 5명
A6: No. | B6: 사번 | C6: 성명 | D6: 부서 | E6: 메인 책무 수 | F6: 경영기획 | L6: 인사총무 | Q6: 재무회계 | V6: 마케팅
F7: 중장기 경영전략 수립 | G7: 조직 목표 및 KPI 관리 | H7: 경영계획 및 예산수립 | I7: 경영평가 및 모니터링 | J7: 신규 사업 기획 및 타당성 검토 | K7: 리스크 성과분석 | L7: 인사관리 및 인력운영 | M7: 급여 및 복리후생 | N7: 총무 및 자산관리 | O7: 노무 및 법규 | P7: 조직문화 및 사내행사 | Q7: 재무 전략 및 자금 관리 | R7: 회계 관리 및 결산 | S7: 결산 및 세무 | T7: 프로젝트 손익 및 원가관리 | U7: 자금 및 경영지원 | V7: 마케팅 전략 수립 | W7: 브랜드 마케팅 | X7: 컨텐츠 마케팅
A8: 1 | B8: BSS-004 | C8: 이일곤 (G6) | D8: 경영전략실 | E8: =COUNTIF(F8:X8,"O") | F8: X | G8: X | H8: X | I8: X | J8: X | K8: X | L8: X | M8: X | N8: X | O8: X | P8: X | Q8: X | R8: X | S8: X | T8: X | U8: X | V8: X | W8: X | X8: X
A9: 2 | B9: BSS-005 | C9: 송헌영 (G6) | D9: 경영전략실 | E9: =COUNTIF(F9:X9,"O") | F9: X | G9: X | H9: X | I9: X | J9: X | K9: X | L9: X | M9: X | N9: X | O9: X | P9: X | Q9: X | R9: X | S9: X | T9: X | U9: X | V9: X | W9: X | X9: X
A10: 3 | B10: BSS-006 | C10: 이재용 (G6) | D10: 경영전략실 | E10: =COUNTIF(F10:X10,"O") | F10: X | G10: X | H10: X | I10: X | J10: X | K10: X | L10: X | M10: X | N10: X | O10: X | P10: X | Q10: X | R10: X | S10: X | T10: X | U10: X | V10: X | W10: X | X10: X
A11: 4 | B11: BSS-012 | C11: 하은주 (G5-M) | D11: 마케팅팀 | E11: =COUNTIF(F11:X11,"O") | F11: X | G11: X | H11: X | I11: X | J11: X | K11: X | L11: X | M11: X | N11: X | O11: X | P11: X | Q11: X | R11: X | S11: X | T11: X | U11: X | V11: X | W11: X | X11: X
A12: 5 | B12: BSS-026 | C12: 박진희 (G1) | D12: 마케팅팀 | E12: =COUNTIF(F12:X12,"O") | F12: X | G12: X | H12: X | I12: X | J12: X | K12: X | L12: X | M12: X | N12: X | O12: X | P12: X | Q12: X | R12: X | S12: X | T12: X | U12: X | V12: X | W12: X | X12: X
A15: ■ 직무: 프로젝트영업 (책무 7개) | 해당 직원 1명
A16: No. | B16: 사번 | C16: 성명 | D16: 부서 | E16: 메인 책무 수 | F16: 영업기획 | I16: 고객관리 | K16: 프로젝트 영업
F17: 시장조사 및 고객 발굴 | G17: 제안 및 입찰 준비 | H17: 계약 협상 | I17: 기존 고객 관리 | J17: 신규 고객 개발 | K17: 프로젝트 발굴 및 수주 | L17: 계약 후 사후관리
A18: 1 | B18: BSS-001 | C18: 이화형 (G6) | D18: 스마트사업부 | E18: =COUNTIF(F18:L18,"O") | F18: X | G18: X | H18: X | I18: X | J18: X | K18: X | L18: X
A21: ■ 직무: SW판매영업 (책무 4개) | 해당 직원 0명
A22: No. | B22: 사번 | C22: 성명 | D22: 부서 | E22: 메인 책무 수 | F22: SW 영업 | H22: 파트너십 | I22: 고객지원
F23: SW 패키지 영업 | G23: 라이선스 관리·갱신 | H23: 파트너사 관리 | I23: 고객 기술 지원
A26: ■ 직무: BIM컨설팅 (책무 15개) | 해당 직원 21명
A27: No. | B27: 사번 | C27: 성명 | D27: 부서 | E27: 메인 책무 수 | F27: 계획모델링 | I27: 드론응용모델링 | K27: 구조모델링 | L27: 상하수도모델링 | M27: 컨설팅 | P27: 프로젝트관리 | S27: 기술개발
F28: BIM 기반 설계 계획수립 | G28: 설계 모델링 수행 | H28: 품질 검토 및 협업 | I28: 드론 측량 및 데이터 수집 | J28: 3D 메쉬·포인트클라우드 생성 | K28: 구조 BIM 모델링 | L28: 상하수도 BIM 모델링 | M28: 클라이언트 요구분석 | N28: BIM 도입 컨설팅 | O28: 보고서 작성 및 발표 | P28: 일정 및 자원 관리 | Q28: 품질 관리 | R28: 리스크 관리 | S28: BIM 라이브러리 구축 | T28: 내부 가이드라인 작성
A29: 1 | B29: BSS-003 | C29: 김현민 (G6) | D29: 컨설팅본부 | E29: =COUNTIF(F29:T29,"O") | F29: X | G29: X | H29: X | I29: X | J29: X | K29: X | L29: X | M29: X | N29: X | O29: X | P29: X | Q29: X | R29: X | S29: X | T29: X
A30: 2 | B30: BSS-009 | C30: 박남식 (G5-M) | D30: 컨설팅본부 | E30: =COUNTIF(F30:T30,"O") | F30: X | G30: X | H30: X | I30: X | J30: X | K30: X | L30: X | M30: X | N30: X | O30: X | P30: X | Q30: X | R30: X | S30: X | T30: X
A31: 3 | B31: BSS-010 | C31: 신재민 (G5-S) | D31: 컨설팅본부 | E31: =COUNTIF(F31:T31,"O") | F31: X | G31: X | H31: X | I31: X | J31: X | K31: X | L31: X | M31: X | N31: X | O31: X | P31: X | Q31: X | R31: X | S31: X | T31: X
A32: 4 | B32: BSS-011 | C32: 마장엽 (G5-S) | D32: 컨설팅본부 | E32: =COUNTIF(F32:T32,"O") | F32: X | G32: X | H32: X | I32: X | J32: X | K32: X | L32: X | M32: X | N32: X | O32: X | P32: X | Q32: X | R32: X | S32: X | T32: X
A33: 5 | B33: BSS-013 | C33: 홍사훈 (G5-S) | D33: 컨설팅본부 | E33: =COUNTIF(F33:T33,"O") | F33: X | G33: X | H33: X | I33: X | J33: X | K33: X | L33: X | M33: X | N33: X | O33: X | P33: X | Q33: X | R33: X | S33: X | T33: X
A34: 6 | B34: BSS-014 | C34: 유자영 (G5-S) | D34: 컨설팅본부 | E34: =COUNTIF(F34:T34,"O") | F34: X | G34: X | H34: X | I34: X | J34: X | K34: X | L34: X | M34: X | N34: X | O34: X | P34: X | Q34: X | R34: X | S34: X | T34: X
A35: 7 | B35: BSS-015 | C35: 민지선 (G5-S) | D35: 컨설팅본부 | E35: =COUNTIF(F35:T35,"O") | F35: X | G35: X | H35: X | I35: X | J35: X | K35: X | L35: X | M35: X | N35: X | O35: X | P35: X | Q35: X | R35: X | S35: X | T35: X
A36: 8 | B36: BSS-016 | C36: 장훈 (G5-S) | D36: 컨설팅본부 | E36: =COUNTIF(F36:T36,"O") | F36: X | G36: X | H36: X | I36: X | J36: X | K36: X | L36: X | M36: X | N36: X | O36: X | P36: X | Q36: X | R36: X | S36: X | T36: X
A37: 9 | B37: BSS-018 | C37: 조성준 (G4) | D37: 컨설팅본부 | E37: =COUNTIF(F37:T37,"O") | F37: X | G37: X | H37: X | I37: X | J37: X | K37: X | L37: X | M37: X | N37: X | O37: X | P37: X | Q37: X | R37: X | S37: X | T37: X
A38: 10 | B38: BSS-019 | C38: 구서현 (G3) | D38: 컨설팅본부 | E38: =COUNTIF(F38:T38,"O") | F38: X | G38: X | H38: X | I38: X | J38: X | K38: X | L38: X | M38: X | N38: X | O38: X | P38: X | Q38: X | R38: X | S38: X | T38: X
A39: 11 | B39: BSS-021 | C39: 김가연 (G2) | D39: 컨설팅본부 | E39: =COUNTIF(F39:T39,"O") | F39: X | G39: X | H39: X | I39: X | J39: X | K39: X | L39: X | M39: X | N39: X | O39: X | P39: X | Q39: X | R39: X | S39: X | T39: X
A40: 12 | B40: BSS-022 | C40: 한근수 (G2) | D40: 컨설팅본부 | E40: =COUNTIF(F40:T40,"O") | F40: X | G40: X | H40: X | I40: X | J40: X | K40: X | L40: X | M40: X | N40: X | O40: X | P40: X | Q40: X | R40: X | S40: X | T40: X
... A49: 21 | B49: BSS-034 | C49: 엄보근 (G1) | D49: 컨설팅본부 | E49: =COUNTIF(F49:T49,"O") | F49: X | G49: X | H49: X | I49: X | J49: X | K49: X | L49: X | M49: X | N49: X | O49: X | P49: X | Q49: X | R49: X | S49: X | T49: X
A52: ■ 직무: 교육 (책무 6개) | 해당 직원 3명
A53: No. | B53: 사번 | C53: 성명 | D53: 부서 | E53: 메인 책무 수 | F53: 교육 기획 | H53: 교육 운영 | K53: 수료/인증
F54: 교육과정 기획 | G54: 교재 개발 | H54: 교육 진행 및 강의 | I54: 실습 지원 | J54: 평가 및 피드백 | K54: 수료 관리·인증 발급
A55: 1 | B55: BSS-007 | C55: 이진행 (G5-M) | D55: 솔루션본부 | E55: =COUNTIF(F55:K55,"O") | F55: X | G55: X | H55: X | I55: X | J55: X | K55: X
A56: 2 | B56: BSS-017 | C56: 김우람 (G4) | D56: 솔루션본부 | E56: =COUNTIF(F56:K56,"O") | F56: X | G56: X | H56: X | I56: X | J56: X | K56: X
A57: 3 | B57: BSS-027 | C57: 장은한 (G2) | D57: 솔루션본부 | E57: =COUNTIF(F57:K57,"O") | F57: X | G57: X | H57: X | I57: X | J57: X | K57: X
A60: ■ 직무: 기술지원 (책무 5개) | 해당 직원 2명
A61: No. | B61: 사번 | C61: 성명 | D61: 부서 | E61: 메인 책무 수 | F61: 기술지원 | I61: 품질개선
F62: 고객 문의 대응 | G62: 원격·현장 지원 | H62: 기술 문서 작성 | I62: 버그 리포트 및 피드백 | J62: 품질 모니터링
A63: 1 | B63: BSS-008 | C63: 김민수 (G5-M) | D63: 솔루션본부 | E63: =COUNTIF(F63:J63,"O") | F63: X | G63: X | H63: X | I63: X | J63: X
A64: 2 | B64: BSS-020 | C64: 박진용 (G3) | D64: 솔루션본부 | E64: =COUNTIF(F64:J64,"O") | F64: X | G64: X | H64: X | I64: X | J64: X
A67: ■ 직무: 연구개발(R&D) (책무 7개) | 해당 직원 2명
A68: No. | B68: 사번 | C68: 성명 | D68: 부서 | E68: 메인 책무 수 | F68: 건설SW개발 | I68: 국책연구과제 | L68: 품질관리
F69: 요구사항 분석·설계 | G69: 코딩 및 단위 테스트 | H69: 통합 및 배포 | I69: 과제 기획·제안 | J69: 연구 수행 및 보고 | K69: 특허·논문 | L69: 코드 리뷰·품질 표준
A70: 1 | B70: BSS-002 | C70: 강전용 (G6) | D70: R&D본부 | E70: =COUNTIF(F70:L70,"O") | F70: X | G70: X | H70: X | I70: X | J70: X | K70: X | L70: X
A71: 2 | B71: BSS-025 | C71: 김성수 (G2) | D71: 컨설팅본부 | E71: =COUNTIF(F71:L71,"O") | F71: X | G71: X | H71: X | I71: X | J71: X | K71: X | L71: X
