Workbook

Sheet 00_표지
A1: 🌙 월인가 술빚는날 — 운영 기록부 마스터 v4.0
A2: 법적 안전 + 효율 자동화 + 데이터 자산화 통합 · 15 시트
A3: Version: v4.0 (2026-05-09) · v2 → v4 비판적 검토 반영
A5: 사업장 정보
A6: 상호 | B6: 월인가 술빚는날 (대표 김지은)
A7: 사업자번호 | B7: 358-34-01806
A8: 소재지 | B8: 충남 천안시 동남구 다가말2길 81-1
A9: 연락처 | B9: 010-4837-3479
A10: 면허 | B10: 전통주(지역특산주) — 탁주·약주·증류식소주 + 식품(식초)
A12: ⚙️ v2 → v4 핵심 변화 (9가지 약점 해결)
A13: [P0 법적] ① 거래처 마스터 시트 신규 → 인적사항 5컬럼 분리 (법령 §25 요구)
A14: [P0 법적] ② 세금계산서·인보이스 번호 컬럼 추가 → 매출 역추적 가능
A15: [P0 법적] ③ 밑술/술덧 별도 추적 (구분 드롭다운 확장)
A16: [P1 효율] ④ SKU 마스터·직원 마스터 시트 신규 → 정보 일관성
A17: [P1 효율] ⑤ VLOOKUP 자동 채움 → 거래처ID만 입력하면 인적사항 자동
A18: [P1 효율] ⑥ 조건부 서식 → 마이너스 재고 빨강, 누락 노랑
A19: [P2 자산화] ⑦ 정량 시음 척도 (향·맛·바디·균형·여운 9점) + 종합 자동
A20: [P2 자산화] ⑧ 고객 해시 ID 컬럼 → 반복 구매 추적 + 개인정보 보호
A21: [P2 자산화] ⑨ 11_대시보드 시트 신규 → 매출 추세·SKU 비중·채널별 시각화
A23: 📑 15 시트 구성
A24: 탭 | B24: 이름 | C24: 역할 | D24: 관점 | E24: 1차 입력자 | F24: 주기 | G24: 신규?
A25: M1 | B25: SKU 마스터 | C25: 제품 정보 (가격·마진·라벨) | D25: 효율·자산화 | E25: 사령탑 | F25: 출시 시 | G25: 🆕
A26: M2 | B26: 거래처 마스터 | C26: 인도인·수취인 인적사항 5컬럼 | D26: 법적·효율 | E26: 사령탑 | F26: 신규 거래 시 | G26: 🆕
A27: M3 | B27: 직원·역할 마스터 | C27: 가족 4인 + 외부 협력자 | D27: 효율 | E27: 사령탑 | F27: 변경 시 | G27: 🆕
A28: 01 | B28: 원료 수불부 | C28: 원료·밑술 입고·사용 (인도인 ID 참조) | D28: 법적 | E28: 사령탑 | F28: 수시 | G28: 확장
A29: 02 | B29: 양조 일지 | C29: 양조 단계·발효 데이터 | D29: 법적·자산화 | E29: 사령탑 | F29: 배치 | G29: 확장
A30: 03 | B30: 출고·판매 기록 | C30: 반출·판매 (수취인 ID + 세금계산서) | D30: 법적 | E30: 사령탑 | F30: 수시 | G30: 확장
A31: 04 | B31: 재고 관리 | C31: 월말 마감·재고 | D31: 효율 | E31: 사령탑 | F31: 월말 | G31: 유지
A32: 05 | B32: 부산물·폐기 | C32: 주박·폐기물 | D32: 법적 | E32: 사령탑 | F32: 수시 | G32: 유지
A33: 06 | B33: 시음·자가품질 | C33: 5축 9점 정량 평가 | D33: 자산화 | E33: 사령탑 | F33: 분기 | G33: 확장
A34: 07 | B34: 고객·체험 | C34: 해시 ID + 반복 거래 추적 | D34: 자산화 | E34: 사령탑 | F34: 행사 시 | G34: 확장
A35: 08 | B35: 월별 요약 | C35: 월간 매출·SKU·채널 자동 | D35: 효율 | E35: 자동 | F35: 자동 | G35: 유지
... A38: 11 | B38: 📊 시각화 대시보드 | C38: 차트·추세선·비중 | D38: 자산화 | E38: 자동 | F38: 자동 | G38: 🆕

Sheet M1_SKU마스터
A1: M1. SKU 마스터
A2: 제품 정보의 진실 출처(SoT). 다른 시트는 SKU ID로 참조 (VLOOKUP)
A5: SKU ID | B5: 제품명 | C5: 분류 | D5: 규격 | E5: 도수(%) | F5: 신고출고가 | G5: 실제판매가 | H5: 원가 | I5: 마진율 | J5: 상태 | K5: 비고
A6: WG-TJ-500 | B6: 월인가 국화주 탁주 | C6: 탁주 | D6: 500ml | E6: 10 | F6: 8011 | G6: 12000 | H6: 3454 | I6: =(G6-H6)/G6 | J6: 운영중 | K6: 입문 SKU
A7: WG-TJ-750 | B7: 월인가 국화주 탁주 | C7: 탁주 | D7: 750ml | E7: 10 | F7: 12017 | H7: 3971 | J7: 신고만완료 | K7: 현재 미운영
A8: WG-YJ-375 | B8: 월인가 국화주 약주 | C8: 약주 | D8: 375ml | E8: 15 | F8: 13980 | G8: 25000 | H8: 3525 | I8: =(G8-H8)/G8 | J8: 운영중 | K8: D2C 메인
A9: WG-YJ-500 | B9: 월인가 국화주 약주 | C9: 약주 | D9: 500ml | E9: 15 | F9: 17475 | H9: 3894 | J9: 신고만완료 | K9: 현재 미운영
A10: WG-SJ-375 | B10: 월인가 사계주 소주 | C10: 소주 | D10: 375ml | E10: 43 | F10: 36700 | G10: 70000 | H10: 4184 | I10: =(G10-H10)/G10 | J10: 운영중·시그니처 | K10: 기프트·예식
A11: WG-SJ-500 | B11: 월인가 사계주 소주 | C11: 소주 | D11: 500ml | E11: 43 | F11: 51380 | H11: 4773 | J11: 신고만완료 | K11: 현재 미운영
A12: WG-VG-250 | B12: 월인가 현미식초 | C12: 발효식초 | D12: 250ml | E12: 0 | G12: 19000 | J12: 운영중·식품 | K12: 자유 판매
I13: =IFERROR((G13-H13)/G13,"")
I14: =IFERROR((G14-H14)/G14,"")
I15: =IFERROR((G15-H15)/G15,"")
I16: =IFERROR((G16-H16)/G16,"")
I17: =IFERROR((G17-H17)/G17,"")
I18: =IFERROR((G18-H18)/G18,"")
I19: =IFERROR((G19-H19)/G19,"")
I20: =IFERROR((G20-H20)/G20,"")
I21: =IFERROR((G21-H21)/G21,"")
I22: =IFERROR((G22-H22)/G22,"")
I23: =IFERROR((G23-H23)/G23,"")
I24: =IFERROR((G24-H24)/G24,"")
... I30: =IFERROR((G30-H30)/G30,"")
A32: 💡 SKU 마스터는 다른 시트의 진실 출처. 가격·정보 변경 시 여기에서만 수정 → 다른 시트는 자동 갱신.

Sheet M2_거래처마스터
A1: M2. 거래처 마스터 [법령 §25 인적사항]
A2: 인도인·수취인의 인적사항을 분리 저장. 다른 시트는 거래처 ID로 참조 (VLOOKUP)
A3: ⚠️ 법령 §25에 따라 인도인·수취인의 인적사항 기록 의무. 본 시트가 진실 출처.
A5: 거래처ID | B5: 구분 | C5: 상호 | D5: 대표자 | E5: 사업자번호 | F5: 주소 | G5: 전화번호 | H5: 이메일 | I5: 첫 거래일 | J5: 상태 | K5: 비고
A6: V-001 | B6: 원료공급 | C6: 대농 김씨네 | D6: 김○○ | E6: 123-45-67890 | F6: 충남 천안시 동남구 ○○로 ○○ | G6: 010-0000-0000 | I6: 2026-05-01 | J6: 거래중 | K6: 찹쌀·멥쌀 공급
A7: V-002 | B7: 원료공급 | C7: ○○ 누룩공방 | D7: 박○○ | F7: 충남 ○○시 ○○동 | G7: 041-000-0000 | I7: 2026-04-01 | J7: 거래중 | K7: 전통누룩
A8: V-003 | B8: 원료공급 | C8: 월인가 자가채취 | D8: 이제동 | E8: 358-34-01806 | F8: 충남 천안시 동남구 다가말2길 81-1 | G8: 010-0000-0000 | I8: 2026-03-01 | J8: 거래중 | K8: 국화꽃 자가채취
A9: C-001 | B9: 단골소비자 | C9: (이름 마스킹) | D9: 김선생님 | F9: (주소 미수집) | G9: 010-XXXX-XXXX | I9: 2026-04-15 | J9: 거래중 | K9: 월 1회 약주
A10: B-001 | B10: B2B(레스토랑) | C10: ○○ 한식당 | D10: 정○○ | E10: 111-22-33333 | F10: 서울 ○○구 ○○동 | G10: 02-000-0000 | H10: info@example.com | I10: 2026-05-10 | J10: 거래중 | K10: 약주·사계주 정기
A112: 💡 외부 공유 시: 본 시트는 절대 공유 X. 마스킹이 필요하면 '거래처마스터_마스킹뷰' 시트 별도 생성 (수동).

Sheet M3_직원역할마스터
A1: M3. 직원·역할 마스터
A2: 가족 4인 + 외부 협력자 (세무사·디자이너 등)
A5: 인원ID | B5: 이름 | C5: 역할(호칭) | D5: 연락처 | E5: 주 업무 영역
A6: P-001 | B6: 김지은 | C6: 대표 / 술 온기지기 | D6: (개인 폰) | E6: 양조·시음·손님 응대·운영 책임
A7: P-002 | B7: 이제동 | C7: 이사 / 술 빚는장인 | D7: (개인 폰) | E7: 양조 마스터·품질 책임
A8: P-003 | B8: 이석주 | C8: 술 길잡이 (사령탑) | D8: 010-4837-3479 | E8: 브랜딩·기획·전략·외부 일·시스템 운영
A9: P-004 | B9: 이태균 | C9: 술 빚는이 | D9: (개인 폰) | E9: 현장 실무·시제품·창의적 시도
A32: 💡 세무사·회계사·디자이너·외주 인쇄소 등 외부 협력자도 P-XXX ID 부여해 추가.

Sheet 01_원료수불부
A1: 01. 원료 수불부 (v4)
A2: 법령 §25 ①②③ · 거래처ID 참조 + 세금계산서 + 밑술 추적
A3: 💡 거래처ID 입력 시 상호·사업자번호 자동 채움. 인도인 인적사항은 M2 마스터에 한 번만 등록.
A5: 일자 | B5: 연도 | C5: 월 | D5: 분기 | E5: 구분 | F5: 품목 | G5: 수량(kg/L) | H5: 단가(원) | I5: 금액(원) | J5: 거래처ID | K5: 상호(자동) | L5: 사업자번호(자동) | M5: 세금계산서번호 | N5: 사용일·비고
A6: 2026-05-01 | B6: =IF(A6="","",YEAR(A6)) | C6: =IF(A6="","",MONTH(A6)) | D6: =IF(A6="","","Q"&ROUNDUP(MONTH(A6)/3,0)) | E6: 입고(원료) | F6: 찹쌀 | G6: 50 | H6: 4375 | I6: =IF(AND(G6<>"",H6<>""),G6*H6,"") | J6: V-001 | K6: =IFERROR(VLOOKUP(J6,M2_거래처마스터!A:E,3,FALSE),"") | L6: =IFERROR(VLOOKUP(J6,M2_거래처마스터!A:E,5,FALSE),"") | M6: 세금계산서 2026-0001
B7: =IF(A7="","",YEAR(A7)) | C7: =IF(A7="","",MONTH(A7)) | D7: =IF(A7="","","Q"&ROUNDUP(MONTH(A7)/3,0)) | I7: =IF(AND(G7<>"",H7<>""),G7*H7,"") | K7: =IFERROR(VLOOKUP(J7,M2_거래처마스터!A:E,3,FALSE),"") | L7: =IFERROR(VLOOKUP(J7,M2_거래처마스터!A:E,5,FALSE),"")
B8: =IF(A8="","",YEAR(A8)) | C8: =IF(A8="","",MONTH(A8)) | D8: =IF(A8="","","Q"&ROUNDUP(MONTH(A8)/3,0)) | I8: =IF(AND(G8<>"",H8<>""),G8*H8,"") | K8: =IFERROR(VLOOKUP(J8,M2_거래처마스터!A:E,3,FALSE),"") | L8: =IFERROR(VLOOKUP(J8,M2_거래처마스터!A:E,5,FALSE),"")
B9: =IF(A9="","",YEAR(A9)) | C9: =IF(A9="","",MONTH(A9)) | D9: =IF(A9="","","Q"&ROUNDUP(MONTH(A9)/3,0)) | I9: =IF(AND(G9<>"",H9<>""),G9*H9,"") | K9: =IFERROR(VLOOKUP(J9,M2_거래처마스터!A:E,3,FALSE),"") | L9: =IFERROR(VLOOKUP(J9,M2_거래처마스터!A:E,5,FALSE),"")
B10: =IF(A10="","",YEAR(A10)) | C10: =IF(A10="","",MONTH(A10)) | D10: =IF(A10="","","Q"&ROUNDUP(MONTH(A10)/3,0)) | I10: =IF(AND(G10<>"",H10<>""),G10*H10,"") | K10: =IFERROR(VLOOKUP(J10,M2_거래처마스터!A:E,3,FALSE),"") | L10: =IFERROR(VLOOKUP(J10,M2_거래처마스터!A:E,5,FALSE),"")
B11: =IF(A11="","",YEAR(A11)) | C11: =IF(A11="","",MONTH(A11)) | D11: =IF(A11="","","Q"&ROUNDUP(MONTH(A11)/3,0)) | I11: =IF(AND(G11<>"",H11<>""),G11*H11,"") | K11: =IFERROR(VLOOKUP(J11,M2_거래처마스터!A:E,3,FALSE),"") | L11: =IFERROR(VLOOKUP(J11,M2_거래처마스터!A:E,5,FALSE),"")
B12: =IF(A12="","",YEAR(A12)) | C12: =IF(A12="","",MONTH(A12)) | D12: =IF(A12="","","Q"&ROUNDUP(MONTH(A12)/3,0)) | I12: =IF(AND(G12<>"",H12<>""),G12*H12,"") | K12: =IFERROR(VLOOKUP(J12,M2_거래처마스터!A:E,3,FALSE),"") | L12: =IFERROR(VLOOKUP(J12,M2_거래처마스터!A:E,5,FALSE),"")
B13: =IF(A13="","",YEAR(A13)) | C13: =IF(A13="","",MONTH(A13)) | D13: =IF(A13="","","Q"&ROUNDUP(MONTH(A13)/3,0)) | I13: =IF(AND(G13<>"",H13<>""),G13*H13,"") | K13: =IFERROR(VLOOKUP(J13,M2_거래처마스터!A:E,3,FALSE),"") | L13: =IFERROR(VLOOKUP(J13,M2_거래처마스터!A:E,5,FALSE),"")
B14: =IF(A14="","",YEAR(A14)) | C14: =IF(A14="","",MONTH(A14)) | D14: =IF(A14="","","Q"&ROUNDUP(MONTH(A14)/3,0)) | I14: =IF(AND(G14<>"",H14<>""),G14*H14,"") | K14: =IFERROR(VLOOKUP(J14,M2_거래처마스터!A:E,3,FALSE),"") | L14: =IFERROR(VLOOKUP(J14,M2_거래처마스터!A:E,5,FALSE),"")
B15: =IF(A15="","",YEAR(A15)) | C15: =IF(A15="","",MONTH(A15)) | D15: =IF(A15="","","Q"&ROUNDUP(MONTH(A15)/3,0)) | I15: =IF(AND(G15<>"",H15<>""),G15*H15,"") | K15: =IFERROR(VLOOKUP(J15,M2_거래처마스터!A:E,3,FALSE),"") | L15: =IFERROR(VLOOKUP(J15,M2_거래처마스터!A:E,5,FALSE),"")
B16: =IF(A16="","",YEAR(A16)) | C16: =IF(A16="","",MONTH(A16)) | D16: =IF(A16="","","Q"&ROUNDUP(MONTH(A16)/3,0)) | I16: =IF(AND(G16<>"",H16<>""),G16*H16,"") | K16: =IFERROR(VLOOKUP(J16,M2_거래처마스터!A:E,3,FALSE),"") | L16: =IFERROR(VLOOKUP(J16,M2_거래처마스터!A:E,5,FALSE),"")
B17: =IF(A17="","",YEAR(A17)) | C17: =IF(A17="","",MONTH(A17)) | D17: =IF(A17="","","Q"&ROUNDUP(MONTH(A17)/3,0)) | I17: =IF(AND(G17<>"",H17<>""),G17*H17,"") | K17: =IFERROR(VLOOKUP(J17,M2_거래처마스터!A:E,3,FALSE),"") | L17: =IFERROR(VLOOKUP(J17,M2_거래처마스터!A:E,5,FALSE),"")
B18: =IF(A18="","",YEAR(A18)) | C18: =IF(A18="","",MONTH(A18)) | D18: =IF(A18="","","Q"&ROUNDUP(MONTH(A18)/3,0)) | I18: =IF(AND(G18<>"",H18<>""),G18*H18,"") | K18: =IFERROR(VLOOKUP(J18,M2_거래처마스터!A:E,3,FALSE),"") | L18: =IFERROR(VLOOKUP(J18,M2_거래처마스터!A:E,5,FALSE),"")
... B505: =IF(A505="","",YEAR(A505)) | C505: =IF(A505="","",MONTH(A505)) | D505: =IF(A505="","","Q"&ROUNDUP(MONTH(A505)/3,0)) | I505: =IF(AND(G505<>"",H505<>""),G505*H505,"") | K505: =IFERROR(VLOOKUP(J505,M2_거래처마스터!A:E,3,FALSE),"") | L505: =IFERROR(VLOOKUP(J505,M2_거래처마스터!A:E,5,FALSE),"")

Sheet 02_양조일지
A1: 02. 양조 일지 (v4)
A2: 법령 §25 ③④⑤ · 발효 정량 데이터(온도·습도) 추가 → 5년 후 패턴 분석
A3: 💡 온도·습도·시간 데이터가 5년 누적되면 발효 품질 예측 가능.
A5: 담금일 | B5: 연도 | C5: 월 | D5: 분기 | E5: 배치ID | F5: 주종 | G5: 제성일 | H5: 1차술덧(L) | I5: 최종생산량(L) | J5: 도수(%) | K5: 발효온도(℃) | L5: 발효습도(%) | M5: 발효일수 | N5: 사용 원료 + 메모
A6: 2026-05-01 | B6: =IF(A6="","",YEAR(A6)) | C6: =IF(A6="","",MONTH(A6)) | D6: =IF(A6="","","Q"&ROUNDUP(MONTH(A6)/3,0)) | E6: 2026Q2-001 | F6: 탁주 | H6: 200 | I6: 187.5 | J6: 10 | K6: 22 | L6: 65 | M6: =IF(AND(A6<>"",G6<>""),G6-A6,"") | N6: 찹쌀 52.5kg, 멥쌀 22.5kg, 전통누룩 5.2kg, 국화꽃 자가채취
B7: =IF(A7="","",YEAR(A7)) | C7: =IF(A7="","",MONTH(A7)) | D7: =IF(A7="","","Q"&ROUNDUP(MONTH(A7)/3,0)) | M7: =IF(AND(A7<>"",G7<>""),G7-A7,"")
B8: =IF(A8="","",YEAR(A8)) | C8: =IF(A8="","",MONTH(A8)) | D8: =IF(A8="","","Q"&ROUNDUP(MONTH(A8)/3,0)) | M8: =IF(AND(A8<>"",G8<>""),G8-A8,"")
B9: =IF(A9="","",YEAR(A9)) | C9: =IF(A9="","",MONTH(A9)) | D9: =IF(A9="","","Q"&ROUNDUP(MONTH(A9)/3,0)) | M9: =IF(AND(A9<>"",G9<>""),G9-A9,"")
B10: =IF(A10="","",YEAR(A10)) | C10: =IF(A10="","",MONTH(A10)) | D10: =IF(A10="","","Q"&ROUNDUP(MONTH(A10)/3,0)) | M10: =IF(AND(A10<>"",G10<>""),G10-A10,"")
B11: =IF(A11="","",YEAR(A11)) | C11: =IF(A11="","",MONTH(A11)) | D11: =IF(A11="","","Q"&ROUNDUP(MONTH(A11)/3,0)) | M11: =IF(AND(A11<>"",G11<>""),G11-A11,"")
B12: =IF(A12="","",YEAR(A12)) | C12: =IF(A12="","",MONTH(A12)) | D12: =IF(A12="","","Q"&ROUNDUP(MONTH(A12)/3,0)) | M12: =IF(AND(A12<>"",G12<>""),G12-A12,"")
B13: =IF(A13="","",YEAR(A13)) | C13: =IF(A13="","",MONTH(A13)) | D13: =IF(A13="","","Q"&ROUNDUP(MONTH(A13)/3,0)) | M13: =IF(AND(A13<>"",G13<>""),G13-A13,"")
B14: =IF(A14="","",YEAR(A14)) | C14: =IF(A14="","",MONTH(A14)) | D14: =IF(A14="","","Q"&ROUNDUP(MONTH(A14)/3,0)) | M14: =IF(AND(A14<>"",G14<>""),G14-A14,"")
B15: =IF(A15="","",YEAR(A15)) | C15: =IF(A15="","",MONTH(A15)) | D15: =IF(A15="","","Q"&ROUNDUP(MONTH(A15)/3,0)) | M15: =IF(AND(A15<>"",G15<>""),G15-A15,"")
B16: =IF(A16="","",YEAR(A16)) | C16: =IF(A16="","",MONTH(A16)) | D16: =IF(A16="","","Q"&ROUNDUP(MONTH(A16)/3,0)) | M16: =IF(AND(A16<>"",G16<>""),G16-A16,"")
B17: =IF(A17="","",YEAR(A17)) | C17: =IF(A17="","",MONTH(A17)) | D17: =IF(A17="","","Q"&ROUNDUP(MONTH(A17)/3,0)) | M17: =IF(AND(A17<>"",G17<>""),G17-A17,"")
B18: =IF(A18="","",YEAR(A18)) | C18: =IF(A18="","",MONTH(A18)) | D18: =IF(A18="","","Q"&ROUNDUP(MONTH(A18)/3,0)) | M18: =IF(AND(A18<>"",G18<>""),G18-A18,"")
... B305: =IF(A305="","",YEAR(A305)) | C305: =IF(A305="","",MONTH(A305)) | D305: =IF(A305="","","Q"&ROUNDUP(MONTH(A305)/3,0)) | M305: =IF(AND(A305<>"",G305<>""),G305-A305,"")

Sheet 03_출고판매기록
A1: 03. 출고·판매 기록부 (v4)
A2: 법령 §25 ⑦ · 거래처ID + 세금계산서 + 고객 해시ID + 분기 신고 baseline
A3: 💡 거래처ID 입력 시 상호 자동. 고객ID는 단골일 때만 (반복 구매 추적용).
A5: 반출일 | B5: 연도 | C5: 월 | D5: 분기 | E5: 채널 | F5: 거래처ID | G5: 상호(자동) | H5: SKU ID | I5: 수량(병) | J5: 단가(원) | K5: 금액(원) | L5: 고객ID | M5: 세금계산서번호 | N5: 주세(원) | O5: 교육세(원)
A6: 2026-05-09 | B6: =IF(A6="","",YEAR(A6)) | C6: =IF(A6="","",MONTH(A6)) | D6: =IF(A6="","","Q"&ROUNDUP(MONTH(A6)/3,0)) | E6: 양조장직판 | F6: C-001 | G6: =IFERROR(VLOOKUP(F6,M2_거래처마스터!A:E,3,FALSE),"") | H6: WG-TJ-500 | I6: 2 | J6: 12000 | K6: =IF(AND(I6<>"",J6<>""),I6*J6,"") | L6: H-김선생-01 | M6: 현금영수증 2026-001
B7: =IF(A7="","",YEAR(A7)) | C7: =IF(A7="","",MONTH(A7)) | D7: =IF(A7="","","Q"&ROUNDUP(MONTH(A7)/3,0)) | G7: =IFERROR(VLOOKUP(F7,M2_거래처마스터!A:E,3,FALSE),"") | K7: =IF(AND(I7<>"",J7<>""),I7*J7,"")
B8: =IF(A8="","",YEAR(A8)) | C8: =IF(A8="","",MONTH(A8)) | D8: =IF(A8="","","Q"&ROUNDUP(MONTH(A8)/3,0)) | G8: =IFERROR(VLOOKUP(F8,M2_거래처마스터!A:E,3,FALSE),"") | K8: =IF(AND(I8<>"",J8<>""),I8*J8,"")
B9: =IF(A9="","",YEAR(A9)) | C9: =IF(A9="","",MONTH(A9)) | D9: =IF(A9="","","Q"&ROUNDUP(MONTH(A9)/3,0)) | G9: =IFERROR(VLOOKUP(F9,M2_거래처마스터!A:E,3,FALSE),"") | K9: =IF(AND(I9<>"",J9<>""),I9*J9,"")
B10: =IF(A10="","",YEAR(A10)) | C10: =IF(A10="","",MONTH(A10)) | D10: =IF(A10="","","Q"&ROUNDUP(MONTH(A10)/3,0)) | G10: =IFERROR(VLOOKUP(F10,M2_거래처마스터!A:E,3,FALSE),"") | K10: =IF(AND(I10<>"",J10<>""),I10*J10,"")
B11: =IF(A11="","",YEAR(A11)) | C11: =IF(A11="","",MONTH(A11)) | D11: =IF(A11="","","Q"&ROUNDUP(MONTH(A11)/3,0)) | G11: =IFERROR(VLOOKUP(F11,M2_거래처마스터!A:E,3,FALSE),"") | K11: =IF(AND(I11<>"",J11<>""),I11*J11,"")
B12: =IF(A12="","",YEAR(A12)) | C12: =IF(A12="","",MONTH(A12)) | D12: =IF(A12="","","Q"&ROUNDUP(MONTH(A12)/3,0)) | G12: =IFERROR(VLOOKUP(F12,M2_거래처마스터!A:E,3,FALSE),"") | K12: =IF(AND(I12<>"",J12<>""),I12*J12,"")
B13: =IF(A13="","",YEAR(A13)) | C13: =IF(A13="","",MONTH(A13)) | D13: =IF(A13="","","Q"&ROUNDUP(MONTH(A13)/3,0)) | G13: =IFERROR(VLOOKUP(F13,M2_거래처마스터!A:E,3,FALSE),"") | K13: =IF(AND(I13<>"",J13<>""),I13*J13,"")
B14: =IF(A14="","",YEAR(A14)) | C14: =IF(A14="","",MONTH(A14)) | D14: =IF(A14="","","Q"&ROUNDUP(MONTH(A14)/3,0)) | G14: =IFERROR(VLOOKUP(F14,M2_거래처마스터!A:E,3,FALSE),"") | K14: =IF(AND(I14<>"",J14<>""),I14*J14,"")
B15: =IF(A15="","",YEAR(A15)) | C15: =IF(A15="","",MONTH(A15)) | D15: =IF(A15="","","Q"&ROUNDUP(MONTH(A15)/3,0)) | G15: =IFERROR(VLOOKUP(F15,M2_거래처마스터!A:E,3,FALSE),"") | K15: =IF(AND(I15<>"",J15<>""),I15*J15,"")
B16: =IF(A16="","",YEAR(A16)) | C16: =IF(A16="","",MONTH(A16)) | D16: =IF(A16="","","Q"&ROUNDUP(MONTH(A16)/3,0)) | G16: =IFERROR(VLOOKUP(F16,M2_거래처마스터!A:E,3,FALSE),"") | K16: =IF(AND(I16<>"",J16<>""),I16*J16,"")
B17: =IF(A17="","",YEAR(A17)) | C17: =IF(A17="","",MONTH(A17)) | D17: =IF(A17="","","Q"&ROUNDUP(MONTH(A17)/3,0)) | G17: =IFERROR(VLOOKUP(F17,M2_거래처마스터!A:E,3,FALSE),"") | K17: =IF(AND(I17<>"",J17<>""),I17*J17,"")
B18: =IF(A18="","",YEAR(A18)) | C18: =IF(A18="","",MONTH(A18)) | D18: =IF(A18="","","Q"&ROUNDUP(MONTH(A18)/3,0)) | G18: =IFERROR(VLOOKUP(F18,M2_거래처마스터!A:E,3,FALSE),"") | K18: =IF(AND(I18<>"",J18<>""),I18*J18,"")
... B1505: =IF(A1505="","",YEAR(A1505)) | C1505: =IF(A1505="","",MONTH(A1505)) | D1505: =IF(A1505="","","Q"&ROUNDUP(MONTH(A1505)/3,0)) | G1505: =IFERROR(VLOOKUP(F1505,M2_거래처마스터!A:E,3,FALSE),"") | K1505: =IF(AND(I1505<>"",J1505<>""),I1505*J1505,"")

Sheet 04_재고관리
A1: 04. 재고 관리 (v4)
A2: 월말 마감 · 마이너스 재고 자동 빨강 표시 (조건부 서식)
A5: 기준월(YYYY-MM) | B5: 연도 | C5: 월 | D5: 구분 | E5: SKU/원료 | F5: 전월 이월 | G5: 당월 입고/생산 | H5: 당월 사용/출고 | I5: 이월(자동) | J5: 단위 | K5: 비고
A6: 2026-05 | B6: =IF(A6="","",VALUE(LEFT(A6,4))) | C6: =IF(A6="","",VALUE(RIGHT(A6,2))) | D6: 제품 재고(주류) | E6: WG-TJ-500 | F6: 30 | G6: 50 | H6: 25 | I6: =IF(AND(F6<>"",G6<>"",H6<>""),F6+G6-H6,"") | J6: 병
B7: =IF(A7="","",VALUE(LEFT(A7,4))) | C7: =IF(A7="","",VALUE(RIGHT(A7,2))) | I7: =IF(AND(F7<>"",G7<>"",H7<>""),F7+G7-H7,"")
B8: =IF(A8="","",VALUE(LEFT(A8,4))) | C8: =IF(A8="","",VALUE(RIGHT(A8,2))) | I8: =IF(AND(F8<>"",G8<>"",H8<>""),F8+G8-H8,"")
B9: =IF(A9="","",VALUE(LEFT(A9,4))) | C9: =IF(A9="","",VALUE(RIGHT(A9,2))) | I9: =IF(AND(F9<>"",G9<>"",H9<>""),F9+G9-H9,"")
B10: =IF(A10="","",VALUE(LEFT(A10,4))) | C10: =IF(A10="","",VALUE(RIGHT(A10,2))) | I10: =IF(AND(F10<>"",G10<>"",H10<>""),F10+G10-H10,"")
B11: =IF(A11="","",VALUE(LEFT(A11,4))) | C11: =IF(A11="","",VALUE(RIGHT(A11,2))) | I11: =IF(AND(F11<>"",G11<>"",H11<>""),F11+G11-H11,"")
B12: =IF(A12="","",VALUE(LEFT(A12,4))) | C12: =IF(A12="","",VALUE(RIGHT(A12,2))) | I12: =IF(AND(F12<>"",G12<>"",H12<>""),F12+G12-H12,"")
B13: =IF(A13="","",VALUE(LEFT(A13,4))) | C13: =IF(A13="","",VALUE(RIGHT(A13,2))) | I13: =IF(AND(F13<>"",G13<>"",H13<>""),F13+G13-H13,"")
B14: =IF(A14="","",VALUE(LEFT(A14,4))) | C14: =IF(A14="","",VALUE(RIGHT(A14,2))) | I14: =IF(AND(F14<>"",G14<>"",H14<>""),F14+G14-H14,"")
B15: =IF(A15="","",VALUE(LEFT(A15,4))) | C15: =IF(A15="","",VALUE(RIGHT(A15,2))) | I15: =IF(AND(F15<>"",G15<>"",H15<>""),F15+G15-H15,"")
B16: =IF(A16="","",VALUE(LEFT(A16,4))) | C16: =IF(A16="","",VALUE(RIGHT(A16,2))) | I16: =IF(AND(F16<>"",G16<>"",H16<>""),F16+G16-H16,"")
B17: =IF(A17="","",VALUE(LEFT(A17,4))) | C17: =IF(A17="","",VALUE(RIGHT(A17,2))) | I17: =IF(AND(F17<>"",G17<>"",H17<>""),F17+G17-H17,"")
B18: =IF(A18="","",VALUE(LEFT(A18,4))) | C18: =IF(A18="","",VALUE(RIGHT(A18,2))) | I18: =IF(AND(F18<>"",G18<>"",H18<>""),F18+G18-H18,"")
... B605: =IF(A605="","",VALUE(LEFT(A605,4))) | C605: =IF(A605="","",VALUE(RIGHT(A605,2))) | I605: =IF(AND(F605<>"",G605<>"",H605<>""),F605+G605-H605,"")

Sheet 05_부산물폐기
A1: 05. 부산물·폐기 (v4)
A2: 법령 §25 ⑥ · 환경 보고용 자료 가능
A5: 일자 | B5: 연도 | C5: 월 | D5: 분기 | E5: 부산물 종류 | F5: 수량 | G5: 단위 | H5: 처리방식 | I5: 기록 메모 | J5: 관련 배치ID
B6: =IF(A6="","",YEAR(A6)) | C6: =IF(A6="","",MONTH(A6)) | D6: =IF(A6="","","Q"&ROUNDUP(MONTH(A6)/3,0))
B7: =IF(A7="","",YEAR(A7)) | C7: =IF(A7="","",MONTH(A7)) | D7: =IF(A7="","","Q"&ROUNDUP(MONTH(A7)/3,0))
B8: =IF(A8="","",YEAR(A8)) | C8: =IF(A8="","",MONTH(A8)) | D8: =IF(A8="","","Q"&ROUNDUP(MONTH(A8)/3,0))
B9: =IF(A9="","",YEAR(A9)) | C9: =IF(A9="","",MONTH(A9)) | D9: =IF(A9="","","Q"&ROUNDUP(MONTH(A9)/3,0))
B10: =IF(A10="","",YEAR(A10)) | C10: =IF(A10="","",MONTH(A10)) | D10: =IF(A10="","","Q"&ROUNDUP(MONTH(A10)/3,0))
B11: =IF(A11="","",YEAR(A11)) | C11: =IF(A11="","",MONTH(A11)) | D11: =IF(A11="","","Q"&ROUNDUP(MONTH(A11)/3,0))
B12: =IF(A12="","",YEAR(A12)) | C12: =IF(A12="","",MONTH(A12)) | D12: =IF(A12="","","Q"&ROUNDUP(MONTH(A12)/3,0))
B13: =IF(A13="","",YEAR(A13)) | C13: =IF(A13="","",MONTH(A13)) | D13: =IF(A13="","","Q"&ROUNDUP(MONTH(A13)/3,0))
B14: =IF(A14="","",YEAR(A14)) | C14: =IF(A14="","",MONTH(A14)) | D14: =IF(A14="","","Q"&ROUNDUP(MONTH(A14)/3,0))
B15: =IF(A15="","",YEAR(A15)) | C15: =IF(A15="","",MONTH(A15)) | D15: =IF(A15="","","Q"&ROUNDUP(MONTH(A15)/3,0))
B16: =IF(A16="","",YEAR(A16)) | C16: =IF(A16="","",MONTH(A16)) | D16: =IF(A16="","","Q"&ROUNDUP(MONTH(A16)/3,0))
B17: =IF(A17="","",YEAR(A17)) | C17: =IF(A17="","",MONTH(A17)) | D17: =IF(A17="","","Q"&ROUNDUP(MONTH(A17)/3,0))
... B305: =IF(A305="","",YEAR(A305)) | C305: =IF(A305="","",MONTH(A305)) | D305: =IF(A305="","","Q"&ROUNDUP(MONTH(A305)/3,0))

Sheet 06_시음QC
A1: 06. 시음·자가품질 (v4)
A2: 정량 5축 9점 척도 + 종합 자동 → 배치 간 정량 비교 가능
A3: 💡 향·맛·바디·균형·여운 각 1~9점. 종합 점수 자동 평균. 5년 누적 시 배치 트렌드 분석 가능.
A5: 일자 | B5: 연도 | C5: 월 | D5: 분기 | E5: 구분 | F5: 배치ID | G5: 도수(%) | H5: 산도/pH | I5: 향 | J5: 맛 | K5: 바디 | L5: 균형 | M5: 여운 | N5: 종합(자동) | O5: 메모
B6: =IF(A6="","",YEAR(A6)) | C6: =IF(A6="","",MONTH(A6)) | D6: =IF(A6="","","Q"&ROUNDUP(MONTH(A6)/3,0)) | N6: =IF(COUNTA(I6:M6)>0,AVERAGE(I6:M6),"")
B7: =IF(A7="","",YEAR(A7)) | C7: =IF(A7="","",MONTH(A7)) | D7: =IF(A7="","","Q"&ROUNDUP(MONTH(A7)/3,0)) | N7: =IF(COUNTA(I7:M7)>0,AVERAGE(I7:M7),"")
B8: =IF(A8="","",YEAR(A8)) | C8: =IF(A8="","",MONTH(A8)) | D8: =IF(A8="","","Q"&ROUNDUP(MONTH(A8)/3,0)) | N8: =IF(COUNTA(I8:M8)>0,AVERAGE(I8:M8),"")
B9: =IF(A9="","",YEAR(A9)) | C9: =IF(A9="","",MONTH(A9)) | D9: =IF(A9="","","Q"&ROUNDUP(MONTH(A9)/3,0)) | N9: =IF(COUNTA(I9:M9)>0,AVERAGE(I9:M9),"")
B10: =IF(A10="","",YEAR(A10)) | C10: =IF(A10="","",MONTH(A10)) | D10: =IF(A10="","","Q"&ROUNDUP(MONTH(A10)/3,0)) | N10: =IF(COUNTA(I10:M10)>0,AVERAGE(I10:M10),"")
B11: =IF(A11="","",YEAR(A11)) | C11: =IF(A11="","",MONTH(A11)) | D11: =IF(A11="","","Q"&ROUNDUP(MONTH(A11)/3,0)) | N11: =IF(COUNTA(I11:M11)>0,AVERAGE(I11:M11),"")
B12: =IF(A12="","",YEAR(A12)) | C12: =IF(A12="","",MONTH(A12)) | D12: =IF(A12="","","Q"&ROUNDUP(MONTH(A12)/3,0)) | N12: =IF(COUNTA(I12:M12)>0,AVERAGE(I12:M12),"")
B13: =IF(A13="","",YEAR(A13)) | C13: =IF(A13="","",MONTH(A13)) | D13: =IF(A13="","","Q"&ROUNDUP(MONTH(A13)/3,0)) | N13: =IF(COUNTA(I13:M13)>0,AVERAGE(I13:M13),"")
B14: =IF(A14="","",YEAR(A14)) | C14: =IF(A14="","",MONTH(A14)) | D14: =IF(A14="","","Q"&ROUNDUP(MONTH(A14)/3,0)) | N14: =IF(COUNTA(I14:M14)>0,AVERAGE(I14:M14),"")
B15: =IF(A15="","",YEAR(A15)) | C15: =IF(A15="","",MONTH(A15)) | D15: =IF(A15="","","Q"&ROUNDUP(MONTH(A15)/3,0)) | N15: =IF(COUNTA(I15:M15)>0,AVERAGE(I15:M15),"")
B16: =IF(A16="","",YEAR(A16)) | C16: =IF(A16="","",MONTH(A16)) | D16: =IF(A16="","","Q"&ROUNDUP(MONTH(A16)/3,0)) | N16: =IF(COUNTA(I16:M16)>0,AVERAGE(I16:M16),"")
B17: =IF(A17="","",YEAR(A17)) | C17: =IF(A17="","",MONTH(A17)) | D17: =IF(A17="","","Q"&ROUNDUP(MONTH(A17)/3,0)) | N17: =IF(COUNTA(I17:M17)>0,AVERAGE(I17:M17),"")
... B305: =IF(A305="","",YEAR(A305)) | C305: =IF(A305="","",MONTH(A305)) | D305: =IF(A305="","","Q"&ROUNDUP(MONTH(A305)/3,0)) | N305: =IF(COUNTA(I305:M305)>0,AVERAGE(I305:M305),"")

Sheet 07_고객체험
A1: 07. 고객·체험·시음회 (v4)
A2: 해시 ID로 개인정보 보호 + 반복 구매 추적 동시 가능
A3: ⚠️ 개인정보 보호: 마스킹 입력 + 동의 여부 필수. 고객ID는 이름+연락처를 해시한 고유값.
A5: 일자 | B5: 연도 | C5: 월 | D5: 고객ID(해시) | E5: 이름(마스킹) | F5: 연락처(마스킹) | G5: 행사·구분 | H5: 구매·체험 내역 | I5: 동의 여부 | J5: 비고
B6: =IF(A6="","",YEAR(A6)) | C6: =IF(A6="","",MONTH(A6)) | D6: H-김선생-01
B7: =IF(A7="","",YEAR(A7)) | C7: =IF(A7="","",MONTH(A7))
B8: =IF(A8="","",YEAR(A8)) | C8: =IF(A8="","",MONTH(A8))
B9: =IF(A9="","",YEAR(A9)) | C9: =IF(A9="","",MONTH(A9))
B10: =IF(A10="","",YEAR(A10)) | C10: =IF(A10="","",MONTH(A10))
B11: =IF(A11="","",YEAR(A11)) | C11: =IF(A11="","",MONTH(A11))
B12: =IF(A12="","",YEAR(A12)) | C12: =IF(A12="","",MONTH(A12))
B13: =IF(A13="","",YEAR(A13)) | C13: =IF(A13="","",MONTH(A13))
B14: =IF(A14="","",YEAR(A14)) | C14: =IF(A14="","",MONTH(A14))
B15: =IF(A15="","",YEAR(A15)) | C15: =IF(A15="","",MONTH(A15))
B16: =IF(A16="","",YEAR(A16)) | C16: =IF(A16="","",MONTH(A16))
B17: =IF(A17="","",YEAR(A17)) | C17: =IF(A17="","",MONTH(A17))
B18: =IF(A18="","",YEAR(A18)) | C18: =IF(A18="","",MONTH(A18))
... B1005: =IF(A1005="","",YEAR(A1005)) | C1005: =IF(A1005="","",MONTH(A1005))

Sheet 08_월별요약
A1: 08. 월별 요약 (자동)
A2: 03 출고판매 데이터 → 월별 매출·SKU·채널 자동 집계
A5: 연도 | B5: 월 | C5: 총 매출(원) | D5: 병 수 | E5: 주세 합계 | F5: 교육세 합계 | G5: 거래 건수
A6: 2026 | B6: 1 | C6: =IFERROR(SUMIFS('03_출고판매기록'!K:K,'03_출고판매기록'!B:B,A6,'03_출고판매기록'!C:C,B6),0) | D6: =IFERROR(SUMIFS('03_출고판매기록'!I:I,'03_출고판매기록'!B:B,A6,'03_출고판매기록'!C:C,B6),0) | E6: =IFERROR(SUMIFS('03_출고판매기록'!N:N,'03_출고판매기록'!B:B,A6,'03_출고판매기록'!C:C,B6),0) | F6: =IFERROR(SUMIFS('03_출고판매기록'!O:O,'03_출고판매기록'!B:B,A6,'03_출고판매기록'!C:C,B6),0) | G6: =IFERROR(COUNTIFS('03_출고판매기록'!B:B,A6,'03_출고판매기록'!C:C,B6),0)
A7: 2026 | B7: 2 | C7: =IFERROR(SUMIFS('03_출고판매기록'!K:K,'03_출고판매기록'!B:B,A7,'03_출고판매기록'!C:C,B7),0) | D7: =IFERROR(SUMIFS('03_출고판매기록'!I:I,'03_출고판매기록'!B:B,A7,'03_출고판매기록'!C:C,B7),0) | E7: =IFERROR(SUMIFS('03_출고판매기록'!N:N,'03_출고판매기록'!B:B,A7,'03_출고판매기록'!C:C,B7),0) | F7: =IFERROR(SUMIFS('03_출고판매기록'!O:O,'03_출고판매기록'!B:B,A7,'03_출고판매기록'!C:C,B7),0) | G7: =IFERROR(COUNTIFS('03_출고판매기록'!B:B,A7,'03_출고판매기록'!C:C,B7),0)
A8: 2026 | B8: 3 | C8: =IFERROR(SUMIFS('03_출고판매기록'!K:K,'03_출고판매기록'!B:B,A8,'03_출고판매기록'!C:C,B8),0) | D8: =IFERROR(SUMIFS('03_출고판매기록'!I:I,'03_출고판매기록'!B:B,A8,'03_출고판매기록'!C:C,B8),0) | E8: =IFERROR(SUMIFS('03_출고판매기록'!N:N,'03_출고판매기록'!B:B,A8,'03_출고판매기록'!C:C,B8),0) | F8: =IFERROR(SUMIFS('03_출고판매기록'!O:O,'03_출고판매기록'!B:B,A8,'03_출고판매기록'!C:C,B8),0) | G8: =IFERROR(COUNTIFS('03_출고판매기록'!B:B,A8,'03_출고판매기록'!C:C,B8),0)
A9: 2026 | B9: 4 | C9: =IFERROR(SUMIFS('03_출고판매기록'!K:K,'03_출고판매기록'!B:B,A9,'03_출고판매기록'!C:C,B9),0) | D9: =IFERROR(SUMIFS('03_출고판매기록'!I:I,'03_출고판매기록'!B:B,A9,'03_출고판매기록'!C:C,B9),0) | E9: =IFERROR(SUMIFS('03_출고판매기록'!N:N,'03_출고판매기록'!B:B,A9,'03_출고판매기록'!C:C,B9),0) | F9: =IFERROR(SUMIFS('03_출고판매기록'!O:O,'03_출고판매기록'!B:B,A9,'03_출고판매기록'!C:C,B9),0) | G9: =IFERROR(COUNTIFS('03_출고판매기록'!B:B,A9,'03_출고판매기록'!C:C,B9),0)
A10: 2026 | B10: 5 | C10: =IFERROR(SUMIFS('03_출고판매기록'!K:K,'03_출고판매기록'!B:B,A10,'03_출고판매기록'!C:C,B10),0) | D10: =IFERROR(SUMIFS('03_출고판매기록'!I:I,'03_출고판매기록'!B:B,A10,'03_출고판매기록'!C:C,B10),0) | E10: =IFERROR(SUMIFS('03_출고판매기록'!N:N,'03_출고판매기록'!B:B,A10,'03_출고판매기록'!C:C,B10),0) | F10: =IFERROR(SUMIFS('03_출고판매기록'!O:O,'03_출고판매기록'!B:B,A10,'03_출고판매기록'!C:C,B10),0) | G10: =IFERROR(COUNTIFS('03_출고판매기록'!B:B,A10,'03_출고판매기록'!C:C,B10),0)
A11: 2026 | B11: 6 | C11: =IFERROR(SUMIFS('03_출고판매기록'!K:K,'03_출고판매기록'!B:B,A11,'03_출고판매기록'!C:C,B11),0) | D11: =IFERROR(SUMIFS('03_출고판매기록'!I:I,'03_출고판매기록'!B:B,A11,'03_출고판매기록'!C:C,B11),0) | E11: =IFERROR(SUMIFS('03_출고판매기록'!N:N,'03_출고판매기록'!B:B,A11,'03_출고판매기록'!C:C,B11),0) | F11: =IFERROR(SUMIFS('03_출고판매기록'!O:O,'03_출고판매기록'!B:B,A11,'03_출고판매기록'!C:C,B11),0) | G11: =IFERROR(COUNTIFS('03_출고판매기록'!B:B,A11,'03_출고판매기록'!C:C,B11),0)
A12: 2026 | B12: 7 | C12: =IFERROR(SUMIFS('03_출고판매기록'!K:K,'03_출고판매기록'!B:B,A12,'03_출고판매기록'!C:C,B12),0) | D12: =IFERROR(SUMIFS('03_출고판매기록'!I:I,'03_출고판매기록'!B:B,A12,'03_출고판매기록'!C:C,B12),0) | E12: =IFERROR(SUMIFS('03_출고판매기록'!N:N,'03_출고판매기록'!B:B,A12,'03_출고판매기록'!C:C,B12),0) | F12: =IFERROR(SUMIFS('03_출고판매기록'!O:O,'03_출고판매기록'!B:B,A12,'03_출고판매기록'!C:C,B12),0) | G12: =IFERROR(COUNTIFS('03_출고판매기록'!B:B,A12,'03_출고판매기록'!C:C,B12),0)
A13: 2026 | B13: 8 | C13: =IFERROR(SUMIFS('03_출고판매기록'!K:K,'03_출고판매기록'!B:B,A13,'03_출고판매기록'!C:C,B13),0) | D13: =IFERROR(SUMIFS('03_출고판매기록'!I:I,'03_출고판매기록'!B:B,A13,'03_출고판매기록'!C:C,B13),0) | E13: =IFERROR(SUMIFS('03_출고판매기록'!N:N,'03_출고판매기록'!B:B,A13,'03_출고판매기록'!C:C,B13),0) | F13: =IFERROR(SUMIFS('03_출고판매기록'!O:O,'03_출고판매기록'!B:B,A13,'03_출고판매기록'!C:C,B13),0) | G13: =IFERROR(COUNTIFS('03_출고판매기록'!B:B,A13,'03_출고판매기록'!C:C,B13),0)
A14: 2026 | B14: 9 | C14: =IFERROR(SUMIFS('03_출고판매기록'!K:K,'03_출고판매기록'!B:B,A14,'03_출고판매기록'!C:C,B14),0) | D14: =IFERROR(SUMIFS('03_출고판매기록'!I:I,'03_출고판매기록'!B:B,A14,'03_출고판매기록'!C:C,B14),0) | E14: =IFERROR(SUMIFS('03_출고판매기록'!N:N,'03_출고판매기록'!B:B,A14,'03_출고판매기록'!C:C,B14),0) | F14: =IFERROR(SUMIFS('03_출고판매기록'!O:O,'03_출고판매기록'!B:B,A14,'03_출고판매기록'!C:C,B14),0) | G14: =IFERROR(COUNTIFS('03_출고판매기록'!B:B,A14,'03_출고판매기록'!C:C,B14),0)
A15: 2026 | B15: 10 | C15: =IFERROR(SUMIFS('03_출고판매기록'!K:K,'03_출고판매기록'!B:B,A15,'03_출고판매기록'!C:C,B15),0) | D15: =IFERROR(SUMIFS('03_출고판매기록'!I:I,'03_출고판매기록'!B:B,A15,'03_출고판매기록'!C:C,B15),0) | E15: =IFERROR(SUMIFS('03_출고판매기록'!N:N,'03_출고판매기록'!B:B,A15,'03_출고판매기록'!C:C,B15),0) | F15: =IFERROR(SUMIFS('03_출고판매기록'!O:O,'03_출고판매기록'!B:B,A15,'03_출고판매기록'!C:C,B15),0) | G15: =IFERROR(COUNTIFS('03_출고판매기록'!B:B,A15,'03_출고판매기록'!C:C,B15),0)
A16: 2026 | B16: 11 | C16: =IFERROR(SUMIFS('03_출고판매기록'!K:K,'03_출고판매기록'!B:B,A16,'03_출고판매기록'!C:C,B16),0) | D16: =IFERROR(SUMIFS('03_출고판매기록'!I:I,'03_출고판매기록'!B:B,A16,'03_출고판매기록'!C:C,B16),0) | E16: =IFERROR(SUMIFS('03_출고판매기록'!N:N,'03_출고판매기록'!B:B,A16,'03_출고판매기록'!C:C,B16),0) | F16: =IFERROR(SUMIFS('03_출고판매기록'!O:O,'03_출고판매기록'!B:B,A16,'03_출고판매기록'!C:C,B16),0) | G16: =IFERROR(COUNTIFS('03_출고판매기록'!B:B,A16,'03_출고판매기록'!C:C,B16),0)
A17: 2026 | B17: 12 | C17: =IFERROR(SUMIFS('03_출고판매기록'!K:K,'03_출고판매기록'!B:B,A17,'03_출고판매기록'!C:C,B17),0) | D17: =IFERROR(SUMIFS('03_출고판매기록'!I:I,'03_출고판매기록'!B:B,A17,'03_출고판매기록'!C:C,B17),0) | E17: =IFERROR(SUMIFS('03_출고판매기록'!N:N,'03_출고판매기록'!B:B,A17,'03_출고판매기록'!C:C,B17),0) | F17: =IFERROR(SUMIFS('03_출고판매기록'!O:O,'03_출고판매기록'!B:B,A17,'03_출고판매기록'!C:C,B17),0) | G17: =IFERROR(COUNTIFS('03_출고판매기록'!B:B,A17,'03_출고판매기록'!C:C,B17),0)
... A65: 2030 | B65: 12 | C65: =IFERROR(SUMIFS('03_출고판매기록'!K:K,'03_출고판매기록'!B:B,A65,'03_출고판매기록'!C:C,B65),0) | D65: =IFERROR(SUMIFS('03_출고판매기록'!I:I,'03_출고판매기록'!B:B,A65,'03_출고판매기록'!C:C,B65),0) | E65: =IFERROR(SUMIFS('03_출고판매기록'!N:N,'03_출고판매기록'!B:B,A65,'03_출고판매기록'!C:C,B65),0) | F65: =IFERROR(SUMIFS('03_출고판매기록'!O:O,'03_출고판매기록'!B:B,A65,'03_출고판매기록'!C:C,B65),0) | G65: =IFERROR(COUNTIFS('03_출고판매기록'!B:B,A65,'03_출고판매기록'!C:C,B65),0)

Sheet 09_분기요약
A1: 09. 분기 요약 — 주세 신고 baseline (v4)
A2: 분기 종료 다음 달 25일까지 본 시트 값을 신고서에 사용
A5: 연도 | B5: 분기 | C5: 신고 기한 | D5: 총 매출(원) | E5: 병 수 | F5: 주세 합계(원) | G5: 교육세 합계(원) | H5: 신고 상태
A6: 2026 | B6: Q1 | C6: 4월 25일 | D6: =IFERROR(SUMIFS('03_출고판매기록'!K:K,'03_출고판매기록'!B:B,A6,'03_출고판매기록'!D:D,B6),0) | E6: =IFERROR(SUMIFS('03_출고판매기록'!I:I,'03_출고판매기록'!B:B,A6,'03_출고판매기록'!D:D,B6),0) | F6: =IFERROR(SUMIFS('03_출고판매기록'!N:N,'03_출고판매기록'!B:B,A6,'03_출고판매기록'!D:D,B6),0) | G6: =IFERROR(SUMIFS('03_출고판매기록'!O:O,'03_출고판매기록'!B:B,A6,'03_출고판매기록'!D:D,B6),0)
A7: 2026 | B7: Q2 | C7: 7월 25일 | D7: =IFERROR(SUMIFS('03_출고판매기록'!K:K,'03_출고판매기록'!B:B,A7,'03_출고판매기록'!D:D,B7),0) | E7: =IFERROR(SUMIFS('03_출고판매기록'!I:I,'03_출고판매기록'!B:B,A7,'03_출고판매기록'!D:D,B7),0) | F7: =IFERROR(SUMIFS('03_출고판매기록'!N:N,'03_출고판매기록'!B:B,A7,'03_출고판매기록'!D:D,B7),0) | G7: =IFERROR(SUMIFS('03_출고판매기록'!O:O,'03_출고판매기록'!B:B,A7,'03_출고판매기록'!D:D,B7),0)
A8: 2026 | B8: Q3 | C8: 10월 25일 | D8: =IFERROR(SUMIFS('03_출고판매기록'!K:K,'03_출고판매기록'!B:B,A8,'03_출고판매기록'!D:D,B8),0) | E8: =IFERROR(SUMIFS('03_출고판매기록'!I:I,'03_출고판매기록'!B:B,A8,'03_출고판매기록'!D:D,B8),0) | F8: =IFERROR(SUMIFS('03_출고판매기록'!N:N,'03_출고판매기록'!B:B,A8,'03_출고판매기록'!D:D,B8),0) | G8: =IFERROR(SUMIFS('03_출고판매기록'!O:O,'03_출고판매기록'!B:B,A8,'03_출고판매기록'!D:D,B8),0)
A9: 2026 | B9: Q4 | C9: 다음해 1월 25일 | D9: =IFERROR(SUMIFS('03_출고판매기록'!K:K,'03_출고판매기록'!B:B,A9,'03_출고판매기록'!D:D,B9),0) | E9: =IFERROR(SUMIFS('03_출고판매기록'!I:I,'03_출고판매기록'!B:B,A9,'03_출고판매기록'!D:D,B9),0) | F9: =IFERROR(SUMIFS('03_출고판매기록'!N:N,'03_출고판매기록'!B:B,A9,'03_출고판매기록'!D:D,B9),0) | G9: =IFERROR(SUMIFS('03_출고판매기록'!O:O,'03_출고판매기록'!B:B,A9,'03_출고판매기록'!D:D,B9),0)
A10: 2027 | B10: Q1 | C10: 4월 25일 | D10: =IFERROR(SUMIFS('03_출고판매기록'!K:K,'03_출고판매기록'!B:B,A10,'03_출고판매기록'!D:D,B10),0) | E10: =IFERROR(SUMIFS('03_출고판매기록'!I:I,'03_출고판매기록'!B:B,A10,'03_출고판매기록'!D:D,B10),0) | F10: =IFERROR(SUMIFS('03_출고판매기록'!N:N,'03_출고판매기록'!B:B,A10,'03_출고판매기록'!D:D,B10),0) | G10: =IFERROR(SUMIFS('03_출고판매기록'!O:O,'03_출고판매기록'!B:B,A10,'03_출고판매기록'!D:D,B10),0)
A11: 2027 | B11: Q2 | C11: 7월 25일 | D11: =IFERROR(SUMIFS('03_출고판매기록'!K:K,'03_출고판매기록'!B:B,A11,'03_출고판매기록'!D:D,B11),0) | E11: =IFERROR(SUMIFS('03_출고판매기록'!I:I,'03_출고판매기록'!B:B,A11,'03_출고판매기록'!D:D,B11),0) | F11: =IFERROR(SUMIFS('03_출고판매기록'!N:N,'03_출고판매기록'!B:B,A11,'03_출고판매기록'!D:D,B11),0) | G11: =IFERROR(SUMIFS('03_출고판매기록'!O:O,'03_출고판매기록'!B:B,A11,'03_출고판매기록'!D:D,B11),0)
A12: 2027 | B12: Q3 | C12: 10월 25일 | D12: =IFERROR(SUMIFS('03_출고판매기록'!K:K,'03_출고판매기록'!B:B,A12,'03_출고판매기록'!D:D,B12),0) | E12: =IFERROR(SUMIFS('03_출고판매기록'!I:I,'03_출고판매기록'!B:B,A12,'03_출고판매기록'!D:D,B12),0) | F12: =IFERROR(SUMIFS('03_출고판매기록'!N:N,'03_출고판매기록'!B:B,A12,'03_출고판매기록'!D:D,B12),0) | G12: =IFERROR(SUMIFS('03_출고판매기록'!O:O,'03_출고판매기록'!B:B,A12,'03_출고판매기록'!D:D,B12),0)
A13: 2027 | B13: Q4 | C13: 다음해 1월 25일 | D13: =IFERROR(SUMIFS('03_출고판매기록'!K:K,'03_출고판매기록'!B:B,A13,'03_출고판매기록'!D:D,B13),0) | E13: =IFERROR(SUMIFS('03_출고판매기록'!I:I,'03_출고판매기록'!B:B,A13,'03_출고판매기록'!D:D,B13),0) | F13: =IFERROR(SUMIFS('03_출고판매기록'!N:N,'03_출고판매기록'!B:B,A13,'03_출고판매기록'!D:D,B13),0) | G13: =IFERROR(SUMIFS('03_출고판매기록'!O:O,'03_출고판매기록'!B:B,A13,'03_출고판매기록'!D:D,B13),0)
A14: 2028 | B14: Q1 | C14: 4월 25일 | D14: =IFERROR(SUMIFS('03_출고판매기록'!K:K,'03_출고판매기록'!B:B,A14,'03_출고판매기록'!D:D,B14),0) | E14: =IFERROR(SUMIFS('03_출고판매기록'!I:I,'03_출고판매기록'!B:B,A14,'03_출고판매기록'!D:D,B14),0) | F14: =IFERROR(SUMIFS('03_출고판매기록'!N:N,'03_출고판매기록'!B:B,A14,'03_출고판매기록'!D:D,B14),0) | G14: =IFERROR(SUMIFS('03_출고판매기록'!O:O,'03_출고판매기록'!B:B,A14,'03_출고판매기록'!D:D,B14),0)
A15: 2028 | B15: Q2 | C15: 7월 25일 | D15: =IFERROR(SUMIFS('03_출고판매기록'!K:K,'03_출고판매기록'!B:B,A15,'03_출고판매기록'!D:D,B15),0) | E15: =IFERROR(SUMIFS('03_출고판매기록'!I:I,'03_출고판매기록'!B:B,A15,'03_출고판매기록'!D:D,B15),0) | F15: =IFERROR(SUMIFS('03_출고판매기록'!N:N,'03_출고판매기록'!B:B,A15,'03_출고판매기록'!D:D,B15),0) | G15: =IFERROR(SUMIFS('03_출고판매기록'!O:O,'03_출고판매기록'!B:B,A15,'03_출고판매기록'!D:D,B15),0)
A16: 2028 | B16: Q3 | C16: 10월 25일 | D16: =IFERROR(SUMIFS('03_출고판매기록'!K:K,'03_출고판매기록'!B:B,A16,'03_출고판매기록'!D:D,B16),0) | E16: =IFERROR(SUMIFS('03_출고판매기록'!I:I,'03_출고판매기록'!B:B,A16,'03_출고판매기록'!D:D,B16),0) | F16: =IFERROR(SUMIFS('03_출고판매기록'!N:N,'03_출고판매기록'!B:B,A16,'03_출고판매기록'!D:D,B16),0) | G16: =IFERROR(SUMIFS('03_출고판매기록'!O:O,'03_출고판매기록'!B:B,A16,'03_출고판매기록'!D:D,B16),0)
A17: 2028 | B17: Q4 | C17: 다음해 1월 25일 | D17: =IFERROR(SUMIFS('03_출고판매기록'!K:K,'03_출고판매기록'!B:B,A17,'03_출고판매기록'!D:D,B17),0) | E17: =IFERROR(SUMIFS('03_출고판매기록'!I:I,'03_출고판매기록'!B:B,A17,'03_출고판매기록'!D:D,B17),0) | F17: =IFERROR(SUMIFS('03_출고판매기록'!N:N,'03_출고판매기록'!B:B,A17,'03_출고판매기록'!D:D,B17),0) | G17: =IFERROR(SUMIFS('03_출고판매기록'!O:O,'03_출고판매기록'!B:B,A17,'03_출고판매기록'!D:D,B17),0)
... A25: 2030 | B25: Q4 | C25: 다음해 1월 25일 | D25: =IFERROR(SUMIFS('03_출고판매기록'!K:K,'03_출고판매기록'!B:B,A25,'03_출고판매기록'!D:D,B25),0) | E25: =IFERROR(SUMIFS('03_출고판매기록'!I:I,'03_출고판매기록'!B:B,A25,'03_출고판매기록'!D:D,B25),0) | F25: =IFERROR(SUMIFS('03_출고판매기록'!N:N,'03_출고판매기록'!B:B,A25,'03_출고판매기록'!D:D,B25),0) | G25: =IFERROR(SUMIFS('03_출고판매기록'!O:O,'03_출고판매기록'!B:B,A25,'03_출고판매기록'!D:D,B25),0)

Sheet 10_연도요약
A1: 10. 연도 요약 — KPI 대시보드
A2: 전 연도 비교 + SKU별 매출 분포
A5: ▶ 연도별 전체 매출·생산·세금
A6: 연도 | B6: 총 매출(원) | C6: 총 출고(병) | D6: 주세 납부 | E6: 교육세 | F6: 생산 배치 수 | G6: 원료 매입(원) | H6: 비고
A7: 2026 | B7: =IFERROR(SUMIFS('03_출고판매기록'!K:K,'03_출고판매기록'!B:B,A7),0) | C7: =IFERROR(SUMIFS('03_출고판매기록'!I:I,'03_출고판매기록'!B:B,A7),0) | D7: =IFERROR(SUMIFS('03_출고판매기록'!N:N,'03_출고판매기록'!B:B,A7),0) | E7: =IFERROR(SUMIFS('03_출고판매기록'!O:O,'03_출고판매기록'!B:B,A7),0) | F7: =IFERROR(COUNTIFS('02_양조일지'!B:B,A7,'02_양조일지'!E:E,"<>"),0) | G7: =IFERROR(SUMIFS('01_원료수불부'!I:I,'01_원료수불부'!B:B,A7,'01_원료수불부'!E:E,"입고(원료)"),0)
A8: 2027 | B8: =IFERROR(SUMIFS('03_출고판매기록'!K:K,'03_출고판매기록'!B:B,A8),0) | C8: =IFERROR(SUMIFS('03_출고판매기록'!I:I,'03_출고판매기록'!B:B,A8),0) | D8: =IFERROR(SUMIFS('03_출고판매기록'!N:N,'03_출고판매기록'!B:B,A8),0) | E8: =IFERROR(SUMIFS('03_출고판매기록'!O:O,'03_출고판매기록'!B:B,A8),0) | F8: =IFERROR(COUNTIFS('02_양조일지'!B:B,A8,'02_양조일지'!E:E,"<>"),0) | G8: =IFERROR(SUMIFS('01_원료수불부'!I:I,'01_원료수불부'!B:B,A8,'01_원료수불부'!E:E,"입고(원료)"),0)
A9: 2028 | B9: =IFERROR(SUMIFS('03_출고판매기록'!K:K,'03_출고판매기록'!B:B,A9),0) | C9: =IFERROR(SUMIFS('03_출고판매기록'!I:I,'03_출고판매기록'!B:B,A9),0) | D9: =IFERROR(SUMIFS('03_출고판매기록'!N:N,'03_출고판매기록'!B:B,A9),0) | E9: =IFERROR(SUMIFS('03_출고판매기록'!O:O,'03_출고판매기록'!B:B,A9),0) | F9: =IFERROR(COUNTIFS('02_양조일지'!B:B,A9,'02_양조일지'!E:E,"<>"),0) | G9: =IFERROR(SUMIFS('01_원료수불부'!I:I,'01_원료수불부'!B:B,A9,'01_원료수불부'!E:E,"입고(원료)"),0)
A10: 2029 | B10: =IFERROR(SUMIFS('03_출고판매기록'!K:K,'03_출고판매기록'!B:B,A10),0) | C10: =IFERROR(SUMIFS('03_출고판매기록'!I:I,'03_출고판매기록'!B:B,A10),0) | D10: =IFERROR(SUMIFS('03_출고판매기록'!N:N,'03_출고판매기록'!B:B,A10),0) | E10: =IFERROR(SUMIFS('03_출고판매기록'!O:O,'03_출고판매기록'!B:B,A10),0) | F10: =IFERROR(COUNTIFS('02_양조일지'!B:B,A10,'02_양조일지'!E:E,"<>"),0) | G10: =IFERROR(SUMIFS('01_원료수불부'!I:I,'01_원료수불부'!B:B,A10,'01_원료수불부'!E:E,"입고(원료)"),0)
A11: 2030 | B11: =IFERROR(SUMIFS('03_출고판매기록'!K:K,'03_출고판매기록'!B:B,A11),0) | C11: =IFERROR(SUMIFS('03_출고판매기록'!I:I,'03_출고판매기록'!B:B,A11),0) | D11: =IFERROR(SUMIFS('03_출고판매기록'!N:N,'03_출고판매기록'!B:B,A11),0) | E11: =IFERROR(SUMIFS('03_출고판매기록'!O:O,'03_출고판매기록'!B:B,A11),0) | F11: =IFERROR(COUNTIFS('02_양조일지'!B:B,A11,'02_양조일지'!E:E,"<>"),0) | G11: =IFERROR(SUMIFS('01_원료수불부'!I:I,'01_원료수불부'!B:B,A11,'01_원료수불부'!E:E,"입고(원료)"),0)
A14: ▶ SKU별 매출 (선택 연도)
A15: 연도 선택: | B15: 2026
A17: SKU ID | B17: 매출(원) | C17: 병 수 | D17: 평균가(원)
A18: WG-TJ-500 | B18: =IFERROR(SUMIFS('03_출고판매기록'!K:K,'03_출고판매기록'!B:B,$B$15,'03_출고판매기록'!H:H,A18),0) | C18: =IFERROR(SUMIFS('03_출고판매기록'!I:I,'03_출고판매기록'!B:B,$B$15,'03_출고판매기록'!H:H,A18),0) | D18: =IFERROR(B18/C18,0)
A19: WG-YJ-375 | B19: =IFERROR(SUMIFS('03_출고판매기록'!K:K,'03_출고판매기록'!B:B,$B$15,'03_출고판매기록'!H:H,A19),0) | C19: =IFERROR(SUMIFS('03_출고판매기록'!I:I,'03_출고판매기록'!B:B,$B$15,'03_출고판매기록'!H:H,A19),0) | D19: =IFERROR(B19/C19,0)
A20: WG-SJ-375 | B20: =IFERROR(SUMIFS('03_출고판매기록'!K:K,'03_출고판매기록'!B:B,$B$15,'03_출고판매기록'!H:H,A20),0) | C20: =IFERROR(SUMIFS('03_출고판매기록'!I:I,'03_출고판매기록'!B:B,$B$15,'03_출고판매기록'!H:H,A20),0) | D20: =IFERROR(B20/C20,0)
A21: WG-VG-250 | B21: =IFERROR(SUMIFS('03_출고판매기록'!K:K,'03_출고판매기록'!B:B,$B$15,'03_출고판매기록'!H:H,A21),0) | C21: =IFERROR(SUMIFS('03_출고판매기록'!I:I,'03_출고판매기록'!B:B,$B$15,'03_출고판매기록'!H:H,A21),0) | D21: =IFERROR(B21/C21,0)

Sheet 11_대시보드
A1: 11. 📊 시각화 대시보드
A2: 차트는 데이터 입력 시 자동 갱신. 한 화면에 KPI 추세
A5: ▶ 월별 매출 추세 (2026)
A6: 월 | B6: 매출(원) | C6: 병 수 | D6: 거래 건수
A7: 1월 | B7: =IFERROR(SUMIFS('03_출고판매기록'!K:K,'03_출고판매기록'!B:B,2026,'03_출고판매기록'!C:C,1),0) | C7: =IFERROR(SUMIFS('03_출고판매기록'!I:I,'03_출고판매기록'!B:B,2026,'03_출고판매기록'!C:C,1),0) | D7: =IFERROR(COUNTIFS('03_출고판매기록'!B:B,2026,'03_출고판매기록'!C:C,1),0)
A8: 2월 | B8: =IFERROR(SUMIFS('03_출고판매기록'!K:K,'03_출고판매기록'!B:B,2026,'03_출고판매기록'!C:C,2),0) | C8: =IFERROR(SUMIFS('03_출고판매기록'!I:I,'03_출고판매기록'!B:B,2026,'03_출고판매기록'!C:C,2),0) | D8: =IFERROR(COUNTIFS('03_출고판매기록'!B:B,2026,'03_출고판매기록'!C:C,2),0)
A9: 3월 | B9: =IFERROR(SUMIFS('03_출고판매기록'!K:K,'03_출고판매기록'!B:B,2026,'03_출고판매기록'!C:C,3),0) | C9: =IFERROR(SUMIFS('03_출고판매기록'!I:I,'03_출고판매기록'!B:B,2026,'03_출고판매기록'!C:C,3),0) | D9: =IFERROR(COUNTIFS('03_출고판매기록'!B:B,2026,'03_출고판매기록'!C:C,3),0)
A10: 4월 | B10: =IFERROR(SUMIFS('03_출고판매기록'!K:K,'03_출고판매기록'!B:B,2026,'03_출고판매기록'!C:C,4),0) | C10: =IFERROR(SUMIFS('03_출고판매기록'!I:I,'03_출고판매기록'!B:B,2026,'03_출고판매기록'!C:C,4),0) | D10: =IFERROR(COUNTIFS('03_출고판매기록'!B:B,2026,'03_출고판매기록'!C:C,4),0)
A11: 5월 | B11: =IFERROR(SUMIFS('03_출고판매기록'!K:K,'03_출고판매기록'!B:B,2026,'03_출고판매기록'!C:C,5),0) | C11: =IFERROR(SUMIFS('03_출고판매기록'!I:I,'03_출고판매기록'!B:B,2026,'03_출고판매기록'!C:C,5),0) | D11: =IFERROR(COUNTIFS('03_출고판매기록'!B:B,2026,'03_출고판매기록'!C:C,5),0)
A12: 6월 | B12: =IFERROR(SUMIFS('03_출고판매기록'!K:K,'03_출고판매기록'!B:B,2026,'03_출고판매기록'!C:C,6),0) | C12: =IFERROR(SUMIFS('03_출고판매기록'!I:I,'03_출고판매기록'!B:B,2026,'03_출고판매기록'!C:C,6),0) | D12: =IFERROR(COUNTIFS('03_출고판매기록'!B:B,2026,'03_출고판매기록'!C:C,6),0)
A13: 7월 | B13: =IFERROR(SUMIFS('03_출고판매기록'!K:K,'03_출고판매기록'!B:B,2026,'03_출고판매기록'!C:C,7),0) | C13: =IFERROR(SUMIFS('03_출고판매기록'!I:I,'03_출고판매기록'!B:B,2026,'03_출고판매기록'!C:C,7),0) | D13: =IFERROR(COUNTIFS('03_출고판매기록'!B:B,2026,'03_출고판매기록'!C:C,7),0)
A14: 8월 | B14: =IFERROR(SUMIFS('03_출고판매기록'!K:K,'03_출고판매기록'!B:B,2026,'03_출고판매기록'!C:C,8),0) | C14: =IFERROR(SUMIFS('03_출고판매기록'!I:I,'03_출고판매기록'!B:B,2026,'03_출고판매기록'!C:C,8),0) | D14: =IFERROR(COUNTIFS('03_출고판매기록'!B:B,2026,'03_출고판매기록'!C:C,8),0)
A15: 9월 | B15: =IFERROR(SUMIFS('03_출고판매기록'!K:K,'03_출고판매기록'!B:B,2026,'03_출고판매기록'!C:C,9),0) | C15: =IFERROR(SUMIFS('03_출고판매기록'!I:I,'03_출고판매기록'!B:B,2026,'03_출고판매기록'!C:C,9),0) | D15: =IFERROR(COUNTIFS('03_출고판매기록'!B:B,2026,'03_출고판매기록'!C:C,9),0)
A16: 10월 | B16: =IFERROR(SUMIFS('03_출고판매기록'!K:K,'03_출고판매기록'!B:B,2026,'03_출고판매기록'!C:C,10),0) | C16: =IFERROR(SUMIFS('03_출고판매기록'!I:I,'03_출고판매기록'!B:B,2026,'03_출고판매기록'!C:C,10),0) | D16: =IFERROR(COUNTIFS('03_출고판매기록'!B:B,2026,'03_출고판매기록'!C:C,10),0)
A17: 11월 | B17: =IFERROR(SUMIFS('03_출고판매기록'!K:K,'03_출고판매기록'!B:B,2026,'03_출고판매기록'!C:C,11),0) | C17: =IFERROR(SUMIFS('03_출고판매기록'!I:I,'03_출고판매기록'!B:B,2026,'03_출고판매기록'!C:C,11),0) | D17: =IFERROR(COUNTIFS('03_출고판매기록'!B:B,2026,'03_출고판매기록'!C:C,11),0)
A18: 12월 | B18: =IFERROR(SUMIFS('03_출고판매기록'!K:K,'03_출고판매기록'!B:B,2026,'03_출고판매기록'!C:C,12),0) | C18: =IFERROR(SUMIFS('03_출고판매기록'!I:I,'03_출고판매기록'!B:B,2026,'03_출고판매기록'!C:C,12),0) | D18: =IFERROR(COUNTIFS('03_출고판매기록'!B:B,2026,'03_출고판매기록'!C:C,12),0)
A22: ▶ 2026 SKU별 매출 분포
A23: SKU | B23: 매출(원) | C23: 병 수
A24: 국화주 탁주 500ml | B24: =IFERROR(SUMIFS('03_출고판매기록'!K:K,'03_출고판매기록'!B:B,2026,'03_출고판매기록'!H:H,"WG-TJ-500"),0) | C24: =IFERROR(SUMIFS('03_출고판매기록'!I:I,'03_출고판매기록'!B:B,2026,'03_출고판매기록'!H:H,"WG-TJ-500"),0)
A25: 국화주 약주 375ml | B25: =IFERROR(SUMIFS('03_출고판매기록'!K:K,'03_출고판매기록'!B:B,2026,'03_출고판매기록'!H:H,"WG-YJ-375"),0) | C25: =IFERROR(SUMIFS('03_출고판매기록'!I:I,'03_출고판매기록'!B:B,2026,'03_출고판매기록'!H:H,"WG-YJ-375"),0)
A26: 사계주 소주 375ml | B26: =IFERROR(SUMIFS('03_출고판매기록'!K:K,'03_출고판매기록'!B:B,2026,'03_출고판매기록'!H:H,"WG-SJ-375"),0) | C26: =IFERROR(SUMIFS('03_출고판매기록'!I:I,'03_출고판매기록'!B:B,2026,'03_출고판매기록'!H:H,"WG-SJ-375"),0)
A27: 현미식초 250ml | B27: =IFERROR(SUMIFS('03_출고판매기록'!K:K,'03_출고판매기록'!B:B,2026,'03_출고판매기록'!H:H,"WG-VG-250"),0) | C27: =IFERROR(SUMIFS('03_출고판매기록'!I:I,'03_출고판매기록'!B:B,2026,'03_출고판매기록'!H:H,"WG-VG-250"),0)
A39: ▶ 2026 채널별 매출
A40: 채널 | B40: 매출(원) | C40: 건수
A41: 양조장직판 | B41: =IFERROR(SUMIFS('03_출고판매기록'!K:K,'03_출고판매기록'!B:B,2026,'03_출고판매기록'!E:E,"양조장직판"),0) | C41: =IFERROR(COUNTIFS('03_출고판매기록'!B:B,2026,'03_출고판매기록'!E:E,"양조장직판"),0)
A42: D2C(스마트스토어) | B42: =IFERROR(SUMIFS('03_출고판매기록'!K:K,'03_출고판매기록'!B:B,2026,'03_출고판매기록'!E:E,"D2C(스마트스토어)"),0) | C42: =IFERROR(COUNTIFS('03_출고판매기록'!B:B,2026,'03_출고판매기록'!E:E,"D2C(스마트스토어)"),0)
A43: 전통주채널 | B43: =IFERROR(SUMIFS('03_출고판매기록'!K:K,'03_출고판매기록'!B:B,2026,'03_출고판매기록'!E:E,"전통주채널"),0) | C43: =IFERROR(COUNTIFS('03_출고판매기록'!B:B,2026,'03_출고판매기록'!E:E,"전통주채널"),0)
A44: 도매 | B44: =IFERROR(SUMIFS('03_출고판매기록'!K:K,'03_출고판매기록'!B:B,2026,'03_출고판매기록'!E:E,"도매"),0) | C44: =IFERROR(COUNTIFS('03_출고판매기록'!B:B,2026,'03_출고판매기록'!E:E,"도매"),0)
A45: B2B(레스토랑/호텔) | B45: =IFERROR(SUMIFS('03_출고판매기록'!K:K,'03_출고판매기록'!B:B,2026,'03_출고판매기록'!E:E,"B2B(레스토랑/호텔)"),0) | C45: =IFERROR(COUNTIFS('03_출고판매기록'!B:B,2026,'03_출고판매기록'!E:E,"B2B(레스토랑/호텔)"),0)
A46: 체험·시음 | B46: =IFERROR(SUMIFS('03_출고판매기록'!K:K,'03_출고판매기록'!B:B,2026,'03_출고판매기록'!E:E,"체험·시음"),0) | C46: =IFERROR(COUNTIFS('03_출고판매기록'!B:B,2026,'03_출고판매기록'!E:E,"체험·시음"),0)
