Workbook

Sheet 00_운영가이드
A1: 베이시스소프트 HR 통합관리 시스템_운영 가이드
A2: 매년 1월에 차년도 파일을 복제·생성하여 사용하세요.
A4: ■ 색상 범례 (모든 시트 공통)
A5: 노란색 셀 | C5: HR 담당자가 직접 입력하는 셀입니다. 이 셀만 수정하세요.
A6: 연두색 셀 | C6: 자동 계산 셀 (수식). 수동으로 입력하지 마세요. 다른 시트의 값을 참조합니다.
A7: 흰색·회색 셀 | C7: 참고용 라벨·헤더. 일반적으로 수정하지 않습니다.
A8: S/A 등급 | C8: 탁월·우수 — 평가 결과가 S/A인 셀에 자동 색상 적용
A9: C 등급 | C9: 미흡 — 보완 필요
A10: D 등급 / 이탈 | C10: 부족 / 페이밴드 이탈 — 즉시 조치 필요
A12: ■ 시트 구성 (왼쪽→오른쪽 순서대로 사용)
A13: 구분 | B13: 시트명 | C13: 역할 | I13: 시기 | K13: 대상
A14: 기본 | B14: 01_인적정보 | C14: 임직원 명부 마스터. 사번·이름·직무·역할등급을 관리 | I14: 신규입사·퇴사·승진 시 | K14: HR 담당자
A15: 기본 | B15: 02_의사결정·종합결과 | C15: 가중치(3축+공통역량11개)·등급별 인상률·페이밴드 설정 + 종합 KPI 대시보드 | I15: 연초 정책 설정 시 | K15: HR 담당자·경영진
A16: 평가 | B16: 03_전사업적평가 | C16: 전사 KPI 달성도 평가 (별도 운영, 성과급 재원 가산용) | I16: 상·하반기 결산 후 | K16: 재무·경영전략
A17: 평가 | B17: 04_역할평가 | C17: 역할등급별 일반 수행도 5개 항목 평가 | I17: 상·하반기 평가 시 | K17: 평가자(상사·동료)
A18: 평가 | B18: 05_공통역량평가 | C18: 전사 공통 11개 역량 평가 | I18: 상·하반기 평가 시 | K18: 평가자
A19: 평가 | B19: 06_직무역량평가 | C19: 직무별 책무·과업 기반 전문역량 평가 | I19: 상·하반기 평가 시 | K19: 평가자
A20: 취합 | B20: 07_결과취합 | C20: 부서별 평가지 회수 후 등급 통합 입력 | I20: 평가 종료 후 | K20: HR 담당자
A21: 산출 | B21: 08_종합평가 | C21: 3축(역할·공통·직무) 가중 통합 + 최종 등급 자동 산출 | I21: 취합 완료 후 자동 | K21: 확인만
A22: 산출 | B22: 09_보상연계 | C22: 최종 등급 → 인상률 → 차년도 기본연봉 자동 산출 | I22: 12월 평가 후 | K22: HR 담당자·경영진
A23: 산출 | B23: 10_성과급관리 | C23: 등급별 성과급 자동 산출 + 부서별 통계 | I23: 성과급 지급 시 | K23: HR 담당자·재무
A24: 산출 | B24: 11_페이밴드검증 | C24: 인상 후 연봉의 페이밴드 적합도 검증·이탈자 관리 | I24: 보상 확정 전 | K24: HR 담당자
... A28: DB | B28: 15_역량개발플랜 | C28: 직무별 육성 전략 + 개인별 IDP | I28: 평가 면담 시 | K28: HR 담당자·관리자
A30: ■ 연간 운영 워크플로우 (4단계)
A31: 단계 | B31: 시기 | C31: 주요 활동 | D31: 상세 절차
A32: STEP 1 | B32: 연초 (1월~2월) | C32: 정책 설정 | D32: [01_인적정보] 명부 최신화 → [02_의사결정] 가중치·인상률·페이밴드·전사 KPI 목표 설정
A33: STEP 2 | B33: 상반기 평가 (6월) | C33: 1차 평가 회수·취합 | D33: 부서별 평가시트 회수 → [07_결과취합]에 등급 입력 → [04][05][06]에 자동 반영 → [08_종합평가] 자동 산출
A34: STEP 3 | B34: 하반기 평가 (12월) | C34: 2차 평가 + 연간 확정 | D34: STEP 2 동일 + [03_전사업적평가] 실적 입력 → 연간 최종 등급 확정
A35: STEP 4 | B35: 12월~1월 | C35: 보상·성과급 시뮬레이션·확정 | D35: [09_보상연계] → [11_페이밴드검증] 이탈자 조정 → [10_성과급관리] → [12_시뮬레이션] 경영진 보고
A38: ■ 평가 구조 — 3축 (역할 + 공통역량 + 직무역량 = 100%)
A39: 축 ① | B39: 역할평가 | C39: 역할등급(G1~G6)에 따른 일반 수행도 — 5개 평가 항목 (책임범위·의사결정·성과기여·코칭·산출물)
A40: 축 ② | B40: 공통역량평가 | C40: 전사 공통 11개 역량 (업무·조직·인성·미래) — 가중치 적용 (직무전문성 15%, 분석력 10% 등)
A41: 축 ③ | B41: 직무역량평가 | C41: 직무별 책무·과업에 대한 평가 — 직무 프로파일의 5~19개 책무 (예: BIM컨설팅 14개, 경영전략 19개)
A44: ■ 직급별 3축 가중치 (02_의사결정에서 수정 가능)
A45: 역할등급 | B45: 역할평가 | C45: 공통역량 | D45: 직무역량 | E45: 합계
A46: G6 | B46: 0.4 | C46: 0.25 | D46: 0.35 | E46: 1
A47: G5 | B47: 0.35 | C47: 0.3 | D47: 0.35 | E47: 1
A48: G4 | B48: 0.3 | C48: 0.3 | D48: 0.4 | E48: 1
A49: G3 | B49: 0.25 | C49: 0.3 | D49: 0.45 | E49: 1
A50: G2 | B50: 0.2 | C50: 0.35 | D50: 0.45 | E50: 1
A51: G1 | B51: 0.15 | C51: 0.35 | D51: 0.5 | E51: 1
A53: ■ Q&A
A54: 질문 | E54: 내용
A55: Q. 평가 가중치를 바꾸고 싶어요. | E55: [02_의사결정·종합결과] 시트의 노란색 가중치 셀을 수정. ① 직급별 3축 가중치(역할/공통/직무) ② ⑥ 공통역량 11개 가중치 모두 한 시트에서 조정 가능. 합계가 100% 아니면 빨간색 경고 표시됨.
A56: Q. 신규 입사자가 생겼어요. | E56: [01_인적정보] 시트의 마지막 행 다음에 입력하면 됩니다. 모든 시트의 행이 자동으로 추가되지는 않으므로, HR 담당자는 평가 시점에 필요한 시트의 행을 복사하여 추가해 주세요.
A57: Q. 평가 등급이 자동으로 안 나와요. | E57: [07_결과취합]에 부서별 평가시트의 등급을 입력하면 [04][05][06]→[08]로 자동 흐릅니다. 결과취합 시트의 빈 셀이 있는지 확인하세요.
A58: Q. 절대평가/상대평가를 바꾸고 싶어요. | E58: [02_의사결정] 시트의 '평가 방식' 드롭다운에서 변경할 수 있습니다. 강제분포(상대평가) 선택 시 위·아래 분포 비중도 함께 조정하세요.
A59: Q. 페이밴드 이탈자는 어떻게 처리하나요? | E59: [11_페이밴드검증] 시트의 '조정 필요액' 컬럼을 참고하여 [09_보상연계]의 '연봉확정' 셀을 수동으로 조정하세요.
A60: Q. 전사 KPI 달성률이 낮으면 성과급은 어떻게 되나요? | E60: [10_성과급관리]의 '지급률(노란셀)'을 전사 KPI 달성률에 따라 조정하시거나, 'KPI 가산 계수' (예: 0.8~1.2)를 입력하여 일괄 조정할 수 있습니다.

Sheet 01_인적정보
A1: 임직원 명부 마스터 (Master)
A2: 사번을 키로 모든 시트를 연결. 노란색 셀만 직접 수정. 인적사항은 이 시트에서만 관리하세요.
A3: ▶ 신규입사·퇴사·승진 시 이 시트만 업데이트하면 모든 시트에 자동 반영됩니다.
A4: No. | B4: 사번 | C4: 성명 | D4: 직군 | E4: 직무 | F4: 부서 | G4: 기존직급 | H4: 역할등급 | I4: 입사일 | J4: 근속연수 | K4: 1차 평가자 | L4: 2차 평가자 | M4: 조회키 (직무+역할등급) | N4: 비고
A5: 1 | B5: BSS-001 | C5: 이화형 | D5: 영업 | E5: 프로젝트영업 | F5: 스마트사업부 | G5: 전무 | H5: G6 | I5: 41647 | J5: =IFERROR(DATEDIF(I5,TODAY(),"Y"),0) -> 12 | M5: =E5&IF(LEFT(H5,2)="G5","G5",H5) -> 프로젝트영업G6
A6: 2 | B6: BSS-002 | C6: 강전용 | D6: 연구&개발 | E6: 연구개발(R&D) | F6: R&D 본부 | G6: 상무 | H6: G6 | I6: 41685 | J6: =IFERROR(DATEDIF(I6,TODAY(),"Y"),0) -> 12 | M6: =E6&IF(LEFT(H6,2)="G5","G5",H6) -> 연구개발(R&D)G6
A7: 3 | B7: BSS-003 | C7: 김현민 | D7: 설계 | E7: BIM컨설팅 | F7: 컨설팅본부 | G7: 상무 | H7: G6 | I7: 41720 | J7: =IFERROR(DATEDIF(I7,TODAY(),"Y"),0) -> 12 | M7: =E7&IF(LEFT(H7,2)="G5","G5",H7) -> BIM컨설팅G6
A8: 4 | B8: BSS-004 | C8: 이일곤 | D8: 경영관리 | E8: 경영전략기획 | F8: 경영전략실 | G8: 이사 | H8: G6 | I8: 41730 | J8: =IFERROR(DATEDIF(I8,TODAY(),"Y"),0) -> 12 | M8: =E8&IF(LEFT(H8,2)="G5","G5",H8) -> 경영전략기획G6
A9: 5 | B9: BSS-005 | C9: 송헌영 | D9: 경영관리 | E9: 경영전략기획 | F9: 경영전략실 | G9: 이사 | H9: G6 | I9: 42132 | J9: =IFERROR(DATEDIF(I9,TODAY(),"Y"),0) -> 11 | M9: =E9&IF(LEFT(H9,2)="G5","G5",H9) -> 경영전략기획G6
A10: 6 | B10: BSS-006 | C10: 이재용 | D10: 경영관리 | E10: 경영전략기획 | F10: 경영전략실 | G10: 이사 | H10: G6 | I10: 42170 | J10: =IFERROR(DATEDIF(I10,TODAY(),"Y"),0) -> 10 | M10: =E10&IF(LEFT(H10,2)="G5","G5",H10) -> 경영전략기획G6
A11: 7 | B11: BSS-007 | C11: 이진행 | D11: 교육 및 기술지원 | E11: 교육·기술지원 | F11: 솔루션본부 | G11: 부장 | H11: G5 | I11: 42207 | J11: =IFERROR(DATEDIF(I11,TODAY(),"Y"),0) -> 10 | M11: =E11&IF(LEFT(H11,2)="G5","G5",H11) -> 교육·기술지원G5
A12: 8 | B12: BSS-008 | C12: 김민수 | D12: 교육 및 기술지원 | E12: 교육·기술지원 | F12: 솔루션본부 | G12: 부장 | H12: G5 | I12: 42217 | J12: =IFERROR(DATEDIF(I12,TODAY(),"Y"),0) -> 10 | M12: =E12&IF(LEFT(H12,2)="G5","G5",H12) -> 교육·기술지원G5
A13: 9 | B13: BSS-009 | C13: 박남식 | D13: 설계 | E13: BIM컨설팅 | F13: 컨설팅본부 | G13: 부장 | H13: G5 | I13: 42621 | J13: =IFERROR(DATEDIF(I13,TODAY(),"Y"),0) -> 9 | M13: =E13&IF(LEFT(H13,2)="G5","G5",H13) -> BIM컨설팅G5
A14: 10 | B14: BSS-010 | C14: 신재민 | D14: 설계 | E14: BIM컨설팅 | F14: 컨설팅본부 | G14: 부장 | H14: G5 | I14: 42658 | J14: =IFERROR(DATEDIF(I14,TODAY(),"Y"),0) -> 9 | M14: =E14&IF(LEFT(H14,2)="G5","G5",H14) -> BIM컨설팅G5
A15: 11 | B15: BSS-011 | C15: 마장엽 | D15: 설계 | E15: BIM컨설팅 | F15: 컨설팅본부 | G15: 부장 | H15: G5 | I15: 42696 | J15: =IFERROR(DATEDIF(I15,TODAY(),"Y"),0) -> 9 | M15: =E15&IF(LEFT(H15,2)="G5","G5",H15) -> BIM컨설팅G5
A16: 12 | B16: BSS-012 | C16: 하은주 | D16: 경영관리 | E16: 경영전략기획 | F16: 마케팅팀 | G16: 부장 | H16: G5 | I16: 42705 | J16: =IFERROR(DATEDIF(I16,TODAY(),"Y"),0) -> 9 | M16: =E16&IF(LEFT(H16,2)="G5","G5",H16) -> 경영전략기획G5
... A38: 34 | B38: BSS-034 | C38: 엄보근 | D38: 설계 | E38: BIM컨설팅 | F38: 컨설팅본부 | G38: 사원 | H38: G1 | I38: 44849 | J38: =IFERROR(DATEDIF(I38,TODAY(),"Y"),0) -> 3 | M38: =E38&IF(LEFT(H38,2)="G5","G5",H38) -> BIM컨설팅G1
A41: ■ 통계 요약
A42: 역할등급별 | B42: 인원 | D42: 직군별 | E42: 인원 | G42: 부서별 | H42: 인원
A43: G6 | B43: =COUNTIF(H5:H38,"G6") -> 6 | D43: 경영관리 | E43: =COUNTIF(D5:D38,"경영관리") -> 5 | G43: 스마트사업부 | H43: =COUNTIF(F5:F38,"스마트사업부") -> 1
A44: G5 | B44: =COUNTIF(H5:H38,"G5-M")+COUNTIF(H5:H38,"G5-S")+COUNTIF(H5:H38,"G5") -> 10 | D44: 교육 및 기술지원 | E44: =COUNTIF(D5:D38,"교육 및 기술지원") -> 5 | G44: R&D 본부 | H44: =COUNTIF(F5:F38,"R&D 본부") -> 1
A45: G4 | B45: =COUNTIF(H5:H38,"G4") -> 2 | D45: 설계 | E45: =COUNTIF(D5:D38,"설계") -> 21 | G45: 컨설팅본부 | H45: =COUNTIF(F5:F38,"컨설팅본부") -> 22
A46: G3 | B46: =COUNTIF(H5:H38,"G3") -> 1 | D46: 연구&개발 | E46: =COUNTIF(D5:D38,"연구&개발") -> 2 | G46: 경영전략실 | H46: =COUNTIF(F5:F38,"경영전략실") -> 3
A47: G2 | B47: =COUNTIF(H5:H38,"G2") -> 7 | D47: 영업 | E47: =COUNTIF(D5:D38,"영업") -> 1 | G47: 솔루션본부 | H47: =COUNTIF(F5:F38,"솔루션본부") -> 5
A48: G1 | B48: =COUNTIF(H5:H38,"G1") -> 8 | G48: 마케팅팀 | H48: =COUNTIF(F5:F38,"마케팅팀") -> 2

Sheet 02_의사결정·종합결과
A1: HR 의사결정 컨피그 + 종합 결과 대시보드
A2: HR 담당자가 가중치·인상률·평가방식을 결정하는 컨피그 영역 + 모든 시트의 결과가 자동 집계되는 대시보드
A4: ■ ① 평가 방식·반기 가중치 | K4: ■ 종합 결과 대시보드 (모든 시트 자동 집계)
A5: 평가 척도 | B5: 5점 | C5: 5점 또는 100점 (전 시트 일괄 적용) | K5: 총 인원 | M5: 연봉 총액 (현재) | O5: 연봉 총액 (인상 후)
A6: 평가 방식 | B6: 절대평가 | C6: 절대평가: 점수→등급 환산 / 상대평가: 분포 강제 | K6: =COUNTA('01_인적정보'!C5:C38) -> 34 | M6: =SUM('09_보상연계'!F11:F44) -> 3035970000 | O6: =SUM('09_보상연계'!N11:N44) -> 3096670000
A7: 상반기 가중치 | B7: 0.5
A8: 하반기 가중치 | B8: =1-B7 -> 0.5 | K8: 총 인상액 | M8: 평균 인상률 | O8: 성과급 총액
K9: =SUM('09_보상연계'!O11:O44) -> 3096670000 | M9: =IFERROR(AVERAGE('09_보상연계'!M11:M44),0) -> 58413793 | O9: =SUM('10_성과급관리'!J11:J44) -> 0
A10: 강제분포 비중 | B10: S | C10: A | D10: B | E10: C | F10: D
B11: 0.1 | C11: 0.15 | D11: 0.5 | E11: 0.15 | F11: 0.1 | K11: S등급 | M11: A등급 | O11: B등급
K12: =COUNTIF('08_종합평가'!T15:T48,"S") -> 0 | M12: =COUNTIF('08_종합평가'!T15:T48,"A") -> 0 | O12: =COUNTIF('08_종합평가'!T15:T48,"B") -> 0
A13: ■ ② 직급별 3축 평가 가중치 (역할 + 공통역량 + 직무역량 = 100%)
A14: 역할등급 | B14: 역할평가 W | C14: 공통역량 W | D14: 직무역량 W | E14: 합계 | F14: 검증 | G14: 설계 의도 | K14: C·D등급 | M14: 페이밴드 적합률 | O14: 전사 KPI 연간 등급
A15: G6 | B15: 0.4 | C15: 0.25 | D15: 0.35 | E15: =B15+C15+D15 -> 1 | F15: =IF(E15=1,"✓ OK","✗ ≠100%") -> ✓ OK | G15: 경영성과 책임·전사 의사결정 중심 | K15: =COUNTIF('08_종합평가'!T15:T48,"C")+COUNTIF('08_종합평가'!T15:T48,"D") -> 25 | M15: =IFERROR(COUNTIF('11_페이밴드검증'!N15:N48,"적합")/COUNTA('11_페이밴드검증'!C15:C48),0) -> 0 | O15: ='03_전사업적평가'!#REF! -> #REF!
A16: G5 | B16: 0.35 | C16: 0.3 | D16: 0.35 | E16: =B16+C16+D16 -> 1 | F16: =IF(E16=1,"✓ OK","✗ ≠100%") -> ✓ OK | G16: 조직 관리·실무 전문성 균형
A17: G4 | B17: 0.3 | C17: 0.3 | D17: 0.4 | E17: =B17+C17+D17 -> 1 | F17: =IF(E17=1,"✓ OK","✗ ≠100%") -> ✓ OK | G17: 실무 책임자, 직무역량 강조
A18: G3 | B18: 0.25 | C18: 0.3 | D18: 0.45 | E18: =B18+C18+D18 -> 1 | F18: =IF(E18=1,"✓ OK","✗ ≠100%") -> ✓ OK | G18: 핵심 실무자, 직무 깊이 가중 | K18: 등급 | L18: 인원 | M18: 비율
A19: G2 | B19: 0.2 | C19: 0.35 | D19: 0.45 | E19: =B19+C19+D19 -> 1 | F19: =IF(E19=1,"✓ OK","✗ ≠100%") -> ✓ OK | G19: 실무자, 역량 개발 집중 | K19: S | L19: =COUNTIF('08_종합평가'!T15:T48,"S") -> 0 | M19: =IFERROR(L19/SUM($L$19:$L$23),0) -> 0
A20: G1 | B20: 0.15 | C20: 0.35 | D20: 0.5 | E20: =B20+C20+D20 -> 1 | F20: =IF(E20=1,"✓ OK","✗ ≠100%") -> ✓ OK | G20: 신입·실무 보조, 기본기 학습 | K20: A | L20: =COUNTIF('08_종합평가'!T15:T48,"A") -> 0 | M20: =IFERROR(L20/SUM($L$19:$L$23),0) -> 0
K21: B | L21: =COUNTIF('08_종합평가'!T15:T48,"B") -> 0 | M21: =IFERROR(L21/SUM($L$19:$L$23),0) -> 0
A22: ■ ③ 평가 등급별 인상률 & 성과급률 | K22: C | L22: =COUNTIF('08_종합평가'!T15:T48,"C") -> 0 | M22: =IFERROR(L22/SUM($L$19:$L$23),0) -> 0
A23: 등급 | B23: S | C23: A | D23: B | E23: C | F23: D | G23: 비고 | K23: D | L23: =COUNTIF('08_종합평가'!T15:T48,"D") -> 25 | M23: =IFERROR(L23/SUM($L$19:$L$23),0) -> 1
A24: 기본연봉 인상률 | B24: 0.06 | C24: 0.05 | D24: 0.04 | E24: 0.03 | F24: 0.02 | G24: 09_보상연계 시트에 자동 반영
A25: 성과급 지급률 | B25: 0.2 | C25: 0.15 | D25: 0.1 | E25: 0.05 | F25: 0 | G25: 10_성과급관리 시트에 자동 반영
A26: 승진 가산률 | B26: 0.01 | C26: 승진(역할등급 상승) 시 기본연봉 인상률에 가산 | G26: Y/N 선택 시 자동 적용
A28: ■ ④ 페이밴드 (역할등급별 기본연봉 범위)
A29: 역할등급 | B29: 최소(Min) | C29: 중위(Mid) | D29: 최대(Max) | E29: Range Spread
A30: G1 | B30: 33000000 | C30: 38500000 | D30: 44000000 | E30: =(D30-B30)/B30 -> 0.33333333
A31: G2 | B31: 36000000 | C31: 42500000 | D31: 49000000 | E31: =(D31-B31)/B31 -> 0.36111111
A32: G3 | B32: 42000000 | C32: 49500000 | D32: 57000000 | E32: =(D32-B32)/B32 -> 0.35714286
A33: G4 | B33: 49000000 | C33: 57500000 | D33: 66000000 | E33: =(D33-B33)/B33 -> 0.34693878
A34: G5 | B34: 53000000 | C34: 63000000 | D34: 73000000 | E34: =(D34-B34)/B34 -> 0.37735849
A35: G6 | B35: 58000000 | C35: 69000000 | D35: 80000000 | E35: =(D35-B35)/B35 -> 0.37931034
A37: ■ ⑤ 전사 KPI 목표 (성과급 재원 가산용)
A38: KPI | B38: 측정방법 | C38: 가중치 | D38: 목표 | E38: S기준 | F38: A기준 | G38: B기준 | H38: C기준 | I38: D기준
A39: 영업이익률 | B39: 영업이익 ÷ 매출액 × 100 | C39: 0.4 | D39: 0.12 | E39: 0.15 | F39: 0.12 | G39: 0.1 | H39: 0.08 | I39: 0.06
A40: 매출 성장률 | B40: (금년도매출-전년도매출) ÷ 전년도매출 × 100 | C40: 0.35 | D40: 0.07 | E40: 0.08 | F40: 0.07 | G40: 0.06 | H40: 0.05 | I40: 0.04
A41: 프로젝트 납기·품질 준수율 | B41: 납기·품질 충족 프로젝트 ÷ 총 프로젝트 × 100 | C41: 0.25 | D41: 0.92 | E41: 0.93 | F41: 0.92 | G41: 0.91 | H41: 0.9 | I41: 0.89
A51: ■ ⑥ 공통역량별 가중치 (11개 역량) — HR 담당자가 직접 조정 가능
A52: No. | B52: 역량군 | C52: 핵심 역량 | E52: 가중치 | F52: 역량 설명
A53: 1 | B53: 업무역량 | C53: 직무 전문성 | E53: 0.15 | F53: 직무에 필요한 전문 지식 및 기술을 충분히 보유하고 실무에 적절히 적용하고 있는지 평가
A54: 2 | B54: 업무역량 | C54: 분석력 | E54: 0.1 | F54: 데이터·수치를 기반으로 사고하며 업무 효율을 높이는 능력
A55: 3 | B55: 업무역량 | C55: 기획/실행력 | E55: 0.1 | F55: 실행 가능한 목표 설정·계획 수립·체계적 실행 능력
A56: 4 | B56: 조직역량 | C56: 자원·시간 관리 | E56: 0.1 | F56: 업무 우선순위 설정 및 시간 내 효과적 업무 완수 능력
A57: 5 | B57: 조직역량 | C57: 협업 능력 | E57: 0.1 | F57: 팀원·타 부서와의 협업 태도와 적극적 협력
A58: 6 | B58: 조직역량 | C58: 소통 능력 | E58: 0.1 | F58: 명확한 의견 전달·경청·효과적 커뮤니케이션
A59: 7 | B59: 인성역량 | C59: 윤리/책임감 | E59: 0.1 | F59: 공정·투명한 업무 처리와 책임감 있는 업무 수행
A60: 8 | B60: 인성역량 | C60: 업무 태도 | E60: 0.1 | F60: 성실·주도적 태도, 변화에 대한 유연성
A61: 9 | B61: 미래역량 | C61: 혁신 역량 | E61: 0.05 | F61: AI·자동화 등 최신 기술을 실무에 접목
A62: 10 | B62: 미래역량 | C62: 프로세스 개선 | E62: 0.05 | F62: 업무 절차 분석 및 비효율 개선 아이디어 제시·실행
A63: 11 | B63: 미래역량 | C63: 지속가능 기여 | E63: 0.05 | F63: 장기적 성과 향상·조직 기여도
A64: 합계 (반드시 100%) | E64: =SUM(E53:E63) -> 1 | F64: ↑ 합계 검증

Sheet 03_전사업적평가
A1: 전사 업적평가 — KPI 달성도 (성과급 재원 가산용)
A2: 전사 KPI 실적을 입력 → 자동 등급 산정. 별도 운영으로 전사 등급은 성과급 재원 조정에 사용됩니다
A4: ■ 상반기 (1월~6월)
A5: No. | B5: KPI | C5: 측정방법 | D5: 가중치 | E5: 목표 | F5: 실적 | G5: S기준 | H5: A기준 | I5: B기준 | J5: C기준 | K5: D기준 | L5: 달성등급
A6: 1 | B6: ='02_의사결정·종합결과'!A39 -> 영업이익률 | C6: ='02_의사결정·종합결과'!B39 -> 영업이익 ÷ 매출액 × 100 | D6: ='02_의사결정·종합결과'!C39 -> 0.4 | E6: ='02_의사결정·종합결과'!D39 -> 0.12 | G6: ='02_의사결정·종합결과'!E39 -> 0.15 | H6: ='02_의사결정·종합결과'!F39 -> 0.12 | I6: ='02_의사결정·종합결과'!G39 -> 0.1 | J6: ='02_의사결정·종합결과'!H39 -> 0.08 | K6: ='02_의사결정·종합결과'!I39 -> 0.06 | L6: =IF(F6="","",IF(F6>=G6,"S",IF(F6>=H6,"A",IF(F6>=I6,"B",IF(F6>=J6,"C","D")))))
A7: 2 | B7: ='02_의사결정·종합결과'!A40 -> 매출 성장률 | C7: ='02_의사결정·종합결과'!B40 -> (금년도매출-전년도매출) ÷ 전년도매출 × 100 | D7: ='02_의사결정·종합결과'!C40 -> 0.35 | E7: ='02_의사결정·종합결과'!D40 -> 0.07 | G7: ='02_의사결정·종합결과'!E40 -> 0.08 | H7: ='02_의사결정·종합결과'!F40 -> 0.07 | I7: ='02_의사결정·종합결과'!G40 -> 0.06 | J7: ='02_의사결정·종합결과'!H40 -> 0.05 | K7: ='02_의사결정·종합결과'!I40 -> 0.04 | L7: =IF(F7="","",IF(F7>=G7,"S",IF(F7>=H7,"A",IF(F7>=I7,"B",IF(F7>=J7,"C","D")))))
A8: 3 | B8: ='02_의사결정·종합결과'!A41 -> 프로젝트 납기·품질 준수율 | C8: ='02_의사결정·종합결과'!B41 -> 납기·품질 충족 프로젝트 ÷ 총 프로젝트 × 100 | D8: ='02_의사결정·종합결과'!C41 -> 0.25 | E8: ='02_의사결정·종합결과'!D41 -> 0.92 | G8: ='02_의사결정·종합결과'!E41 -> 0.93 | H8: ='02_의사결정·종합결과'!F41 -> 0.92 | I8: ='02_의사결정·종합결과'!G41 -> 0.91 | J8: ='02_의사결정·종합결과'!H41 -> 0.9 | K8: ='02_의사결정·종합결과'!I41 -> 0.89 | L8: =IF(F8="","",IF(F8>=G8,"S",IF(F8>=H8,"A",IF(F8>=I8,"B",IF(F8>=J8,"C","D")))))
A9: 상반기 종합 | F9: 가중평균: | G9: =IF(COUNTBLANK(L6:L8)>0,"",D6*(IF(L6="S",5,IF(L6="A",4,IF(L6="B",3,IF(L6="C",2,IF(L6="D",1,0))))))+D7*(IF(L7="S",5,IF(L7="A",4,IF(L7="B",3,IF(L7="C",2,IF(L7="D",1,0))))))+D8*(IF(L8="S",5,IF(L8="A",4,IF(L8="B",3,IF(L8="C",2,IF(L8="D",1,0))))))) | H9: 등급: | I9: =IF(G9="","",IF(G9>=4.5,"S",IF(G9>=3.5,"A",IF(G9>=2.5,"B",IF(G9>=1.5,"C","D")))))
A11: ■ 하반기 (7월~12월)
A12: No. | B12: KPI | C12: 측정방법 | D12: 가중치 | E12: 목표 | F12: 실적 | G12: S기준 | H12: A기준 | I12: B기준 | J12: C기준 | K12: D기준 | L12: 달성등급
A13: 1 | B13: ='02_의사결정·종합결과'!A39 -> 영업이익률 | C13: ='02_의사결정·종합결과'!B39 -> 영업이익 ÷ 매출액 × 100 | D13: ='02_의사결정·종합결과'!C39 -> 0.4 | E13: ='02_의사결정·종합결과'!D39 -> 0.12 | G13: ='02_의사결정·종합결과'!E39 -> 0.15 | H13: ='02_의사결정·종합결과'!F39 -> 0.12 | I13: ='02_의사결정·종합결과'!G39 -> 0.1 | J13: ='02_의사결정·종합결과'!H39 -> 0.08 | K13: ='02_의사결정·종합결과'!I39 -> 0.06 | L13: =IF(F13="","",IF(F13>=G13,"S",IF(F13>=H13,"A",IF(F13>=I13,"B",IF(F13>=J13,"C","D")))))
A14: 2 | B14: ='02_의사결정·종합결과'!A40 -> 매출 성장률 | C14: ='02_의사결정·종합결과'!B40 -> (금년도매출-전년도매출) ÷ 전년도매출 × 100 | D14: ='02_의사결정·종합결과'!C40 -> 0.35 | E14: ='02_의사결정·종합결과'!D40 -> 0.07 | G14: ='02_의사결정·종합결과'!E40 -> 0.08 | H14: ='02_의사결정·종합결과'!F40 -> 0.07 | I14: ='02_의사결정·종합결과'!G40 -> 0.06 | J14: ='02_의사결정·종합결과'!H40 -> 0.05 | K14: ='02_의사결정·종합결과'!I40 -> 0.04 | L14: =IF(F14="","",IF(F14>=G14,"S",IF(F14>=H14,"A",IF(F14>=I14,"B",IF(F14>=J14,"C","D")))))
A15: 3 | B15: ='02_의사결정·종합결과'!A41 -> 프로젝트 납기·품질 준수율 | C15: ='02_의사결정·종합결과'!B41 -> 납기·품질 충족 프로젝트 ÷ 총 프로젝트 × 100 | D15: ='02_의사결정·종합결과'!C41 -> 0.25 | E15: ='02_의사결정·종합결과'!D41 -> 0.92 | G15: ='02_의사결정·종합결과'!E41 -> 0.93 | H15: ='02_의사결정·종합결과'!F41 -> 0.92 | I15: ='02_의사결정·종합결과'!G41 -> 0.91 | J15: ='02_의사결정·종합결과'!H41 -> 0.9 | K15: ='02_의사결정·종합결과'!I41 -> 0.89 | L15: =IF(F15="","",IF(F15>=G15,"S",IF(F15>=H15,"A",IF(F15>=I15,"B",IF(F15>=J15,"C","D")))))
A16: 하반기 종합 | F16: 가중평균: | G16: =IF(COUNTBLANK(L13:L15)>0,"",D13*(IF(L13="S",5,IF(L13="A",4,IF(L13="B",3,IF(L13="C",2,IF(L13="D",1,0))))))+D14*(IF(L14="S",5,IF(L14="A",4,IF(L14="B",3,IF(L14="C",2,IF(L14="D",1,0))))))+D15*(IF(L15="S",5,IF(L15="A",4,IF(L15="B",3,IF(L15="C",2,IF(L15="D",1,0))))))) | H16: 등급: | I16: =IF(G16="","",IF(G16>=4.5,"S",IF(G16>=3.5,"A",IF(G16>=2.5,"B",IF(G16>=1.5,"C","D")))))
A18: ■ 연간 종합 업적평가
B19: 상반기 가중치 | C19: 0.5 | D19: 하반기 가중치 | E19: =1-C19 -> 0.5 | F19: 연간 가중평균: | G19: =IF(OR(G9="",G16=""),"",G9*C19+G16*E19) | H19: 연간 등급: | I19: =IF(G19="","",IF(G19>=4.5,"S",IF(G19>=3.5,"A",IF(G19>=2.5,"B",IF(G19>=1.5,"C","D")))))

Sheet 04_역할평가
A1: 역할평가 — 역할등급별 일반 수행도 5개 항목
A2: 역할정의(13_직무역할DB 자동 참조) + 5개 평가 항목 등급 입력 → 자동 종합
A4: ■ 등급 부여 기준 (BARS 행동기준)
A5: S (탁월) | B5: 역할정의를 현저히 초과 달성. 조직 전체에 긍정적 파급효과 창출.
A6: A (우수) | B6: 역할정의를 충실히 수행하며 기대 수준을 상회. 자기주도적 성과.
A7: B (양호) | B7: 역할정의에 부합하는 수준으로 안정적 수행. 기대 책임을 기한 내 완수.
A8: C (미흡) | B8: 역할정의 대비 부분적 미흡. 추가 지도·지원 필요.
A9: D (부족) | B9: 역할정의 대비 전반적 미흡. 구체적 개선 계획 필요.
A11: ■ 상반기 역할평가
A12: No. | B12: 사번 | C12: 성명 | D12: 직무 | E12: 역할등급 | F12: 역할명 | G12: 역할정의 | H12: 책임범위 이행 | I12: 의사결정 적절성 | J12: 성과 기여도 | K12: 조직·코칭 | L12: 산출물 완성도 | M12: 1차 평가 (종합) | N12: 2차 평가 (종합) | O12: 확정등급 | P12: 평가점수 | Q12: 강점·개선 소견
A13: ='01_인적정보'!A5 -> 1 | B13: ='01_인적정보'!B5 -> BSS-001 | C13: ='01_인적정보'!C5 -> 이화형 | D13: ='01_인적정보'!E5 -> 프로젝트영업 | E13: ='01_인적정보'!H5 -> G6 | F13: =IFERROR(VLOOKUP('01_인적정보'!M5,'13_직무역할DB'!$A$5:$L$70,4,FALSE),"") -> 사업·조직 관리 | G13: =IFERROR(VLOOKUP('01_인적정보'!M5,'13_직무역할DB'!$A$5:$L$70,5,FALSE),"") -> 회사의 영업전략 수립과 목표 달성을 총괄하며, 주요 고객·파트너십 관리 및 사업 기회를 확대하는 역할. | H13: ='07_결과취합'!G6 -> 0 | I13: ='07_결과취합'!H6 -> 0 | J13: ='07_결과취합'!I6 -> 0 | K13: ='07_결과취합'!J6 -> 0 | L13: ='07_결과취합'!K6 -> 0 | M13: ='07_결과취합'!L6 -> 0 | N13: ='07_결과취합'!M6 -> 0 | O13: =IF(N13<>"",N13,M13) -> 0 | P13: =IF(O13="","",IF(O13="S",5,IF(O13="A",4,IF(O13="B",3,IF(O13="C",2,IF(O13="D",1,0)))))) -> 0
A14: ='01_인적정보'!A6 -> 2 | B14: ='01_인적정보'!B6 -> BSS-002 | C14: ='01_인적정보'!C6 -> 강전용 | D14: ='01_인적정보'!E6 -> 연구개발(R&D) | E14: ='01_인적정보'!H6 -> G6 | F14: =IFERROR(VLOOKUP('01_인적정보'!M6,'13_직무역할DB'!$A$5:$L$70,4,FALSE),"") -> 사업·조직 관리 | G14: =IFERROR(VLOOKUP('01_인적정보'!M6,'13_직무역할DB'!$A$5:$L$70,5,FALSE),"") -> 전사 기술 로드맵과 제품 포트폴리오 전략을 총괄하며 핵심 기술 투자·외부 협력·IP 전략을 통해 사업 경쟁력을 창출하는 역할. | H14: ='07_결과취합'!G7 -> 0 | I14: ='07_결과취합'!H7 -> 0 | J14: ='07_결과취합'!I7 -> 0 | K14: ='07_결과취합'!J7 -> 0 | L14: ='07_결과취합'!K7 -> 0 | M14: ='07_결과취합'!L7 -> 0 | N14: ='07_결과취합'!M7 -> 0 | O14: =IF(N14<>"",N14,M14) -> 0 | P14: =IF(O14="","",IF(O14="S",5,IF(O14="A",4,IF(O14="B",3,IF(O14="C",2,IF(O14="D",1,0)))))) -> 0
A15: ='01_인적정보'!A7 -> 3 | B15: ='01_인적정보'!B7 -> BSS-003 | C15: ='01_인적정보'!C7 -> 김현민 | D15: ='01_인적정보'!E7 -> BIM컨설팅 | E15: ='01_인적정보'!H7 -> G6 | F15: =IFERROR(VLOOKUP('01_인적정보'!M7,'13_직무역할DB'!$A$5:$L$70,4,FALSE),"") -> 사업·조직 관리 | G15: =IFERROR(VLOOKUP('01_인적정보'!M7,'13_직무역할DB'!$A$5:$L$70,5,FALSE),"") -> BIM 컨설팅 전략과 서비스 체계를 총괄하며 대외 협력과 사업 확장을 책임지는 역할. | H15: ='07_결과취합'!G8 -> 0 | I15: ='07_결과취합'!H8 -> 0 | J15: ='07_결과취합'!I8 -> 0 | K15: ='07_결과취합'!J8 -> 0 | L15: ='07_결과취합'!K8 -> 0 | M15: ='07_결과취합'!L8 -> 0 | N15: ='07_결과취합'!M8 -> 0 | O15: =IF(N15<>"",N15,M15) -> 0 | P15: =IF(O15="","",IF(O15="S",5,IF(O15="A",4,IF(O15="B",3,IF(O15="C",2,IF(O15="D",1,0)))))) -> 0
A16: ='01_인적정보'!A8 -> 4 | B16: ='01_인적정보'!B8 -> BSS-004 | C16: ='01_인적정보'!C8 -> 이일곤 | D16: ='01_인적정보'!E8 -> 경영전략기획 | E16: ='01_인적정보'!H8 -> G6 | F16: =IFERROR(VLOOKUP('01_인적정보'!M8,'13_직무역할DB'!$A$5:$L$70,4,FALSE),"") -> 사업·조직 관리 | G16: =IFERROR(VLOOKUP('01_인적정보'!M8,'13_직무역할DB'!$A$5:$L$70,5,FALSE),"") -> 회사의 비전과 중장기 전략을 총괄하며, 경영·인사·재무·마케팅 등 핵심 기능을 통합 관리하고, 전사 의사결정·대외 협력·리스크 관리를 주도함. | H16: ='07_결과취합'!G9 -> 0 | I16: ='07_결과취합'!H9 -> 0 | J16: ='07_결과취합'!I9 -> 0 | K16: ='07_결과취합'!J9 -> 0 | L16: ='07_결과취합'!K9 -> 0 | M16: ='07_결과취합'!L9 -> 0 | N16: ='07_결과취합'!M9 -> 0 | O16: =IF(N16<>"",N16,M16) -> 0 | P16: =IF(O16="","",IF(O16="S",5,IF(O16="A",4,IF(O16="B",3,IF(O16="C",2,IF(O16="D",1,0)))))) -> 0
A17: ='01_인적정보'!A9 -> 5 | B17: ='01_인적정보'!B9 -> BSS-005 | C17: ='01_인적정보'!C9 -> 송헌영 | D17: ='01_인적정보'!E9 -> 경영전략기획 | E17: ='01_인적정보'!H9 -> G6 | F17: =IFERROR(VLOOKUP('01_인적정보'!M9,'13_직무역할DB'!$A$5:$L$70,4,FALSE),"") -> 사업·조직 관리 | G17: =IFERROR(VLOOKUP('01_인적정보'!M9,'13_직무역할DB'!$A$5:$L$70,5,FALSE),"") -> 회사의 비전과 중장기 전략을 총괄하며, 경영·인사·재무·마케팅 등 핵심 기능을 통합 관리하고, 전사 의사결정·대외 협력·리스크 관리를 주도함. | H17: ='07_결과취합'!G10 -> 0 | I17: ='07_결과취합'!H10 -> 0 | J17: ='07_결과취합'!I10 -> 0 | K17: ='07_결과취합'!J10 -> 0 | L17: ='07_결과취합'!K10 -> 0 | M17: ='07_결과취합'!L10 -> 0 | N17: ='07_결과취합'!M10 -> 0 | O17: =IF(N17<>"",N17,M17) -> 0 | P17: =IF(O17="","",IF(O17="S",5,IF(O17="A",4,IF(O17="B",3,IF(O17="C",2,IF(O17="D",1,0)))))) -> 0
A18: ='01_인적정보'!A10 -> 6 | B18: ='01_인적정보'!B10 -> BSS-006 | C18: ='01_인적정보'!C10 -> 이재용 | D18: ='01_인적정보'!E10 -> 경영전략기획 | E18: ='01_인적정보'!H10 -> G6 | F18: =IFERROR(VLOOKUP('01_인적정보'!M10,'13_직무역할DB'!$A$5:$L$70,4,FALSE),"") -> 사업·조직 관리 | G18: =IFERROR(VLOOKUP('01_인적정보'!M10,'13_직무역할DB'!$A$5:$L$70,5,FALSE),"") -> 회사의 비전과 중장기 전략을 총괄하며, 경영·인사·재무·마케팅 등 핵심 기능을 통합 관리하고, 전사 의사결정·대외 협력·리스크 관리를 주도함. | H18: ='07_결과취합'!G11 -> 0 | I18: ='07_결과취합'!H11 -> 0 | J18: ='07_결과취합'!I11 -> 0 | K18: ='07_결과취합'!J11 -> 0 | L18: ='07_결과취합'!K11 -> 0 | M18: ='07_결과취합'!L11 -> 0 | N18: ='07_결과취합'!M11 -> 0 | O18: =IF(N18<>"",N18,M18) -> 0 | P18: =IF(O18="","",IF(O18="S",5,IF(O18="A",4,IF(O18="B",3,IF(O18="C",2,IF(O18="D",1,0)))))) -> 0
A19: ='01_인적정보'!A11 -> 7 | B19: ='01_인적정보'!B11 -> BSS-007 | C19: ='01_인적정보'!C11 -> 이진행 | D19: ='01_인적정보'!E11 -> 교육·기술지원 | E19: ='01_인적정보'!H11 -> G5 | F19: =IFERROR(VLOOKUP('01_인적정보'!M11,'13_직무역할DB'!$A$5:$L$70,4,FALSE),"") -> 직무 관리(부서장) | G19: =IFERROR(VLOOKUP('01_인적정보'!M11,'13_직무역할DB'!$A$5:$L$70,5,FALSE),"") -> 교육 조직의 목표·예산·인력을 관리하고 과정 기획·운영 품질을 총괄하며 대외 인증·평가 대응을 주도하는 역할. | H19: ='07_결과취합'!G12 -> 0 | I19: ='07_결과취합'!H12 -> 0 | J19: ='07_결과취합'!I12 -> 0 | K19: ='07_결과취합'!J12 -> 0 | L19: ='07_결과취합'!K12 -> 0 | M19: ='07_결과취합'!L12 -> 0 | N19: ='07_결과취합'!M12 -> 0 | O19: =IF(N19<>"",N19,M19) -> 0 | P19: =IF(O19="","",IF(O19="S",5,IF(O19="A",4,IF(O19="B",3,IF(O19="C",2,IF(O19="D",1,0)))))) -> 0
A20: ='01_인적정보'!A12 -> 8 | B20: ='01_인적정보'!B12 -> BSS-008 | C20: ='01_인적정보'!C12 -> 김민수 | D20: ='01_인적정보'!E12 -> 교육·기술지원 | E20: ='01_인적정보'!H12 -> G5 | F20: =IFERROR(VLOOKUP('01_인적정보'!M12,'13_직무역할DB'!$A$5:$L$70,4,FALSE),"") -> 직무 관리(부서장) | G20: =IFERROR(VLOOKUP('01_인적정보'!M12,'13_직무역할DB'!$A$5:$L$70,5,FALSE),"") -> 교육 조직의 목표·예산·인력을 관리하고 과정 기획·운영 품질을 총괄하며 대외 인증·평가 대응을 주도하는 역할. | H20: ='07_결과취합'!G13 -> 0 | I20: ='07_결과취합'!H13 -> 0 | J20: ='07_결과취합'!I13 -> 0 | K20: ='07_결과취합'!J13 -> 0 | L20: ='07_결과취합'!K13 -> 0 | M20: ='07_결과취합'!L13 -> 0 | N20: ='07_결과취합'!M13 -> 0 | O20: =IF(N20<>"",N20,M20) -> 0 | P20: =IF(O20="","",IF(O20="S",5,IF(O20="A",4,IF(O20="B",3,IF(O20="C",2,IF(O20="D",1,0)))))) -> 0
A21: ='01_인적정보'!A13 -> 9 | B21: ='01_인적정보'!B13 -> BSS-009 | C21: ='01_인적정보'!C13 -> 박남식 | D21: ='01_인적정보'!E13 -> BIM컨설팅 | E21: ='01_인적정보'!H13 -> G5 | F21: =IFERROR(VLOOKUP('01_인적정보'!M13,'13_직무역할DB'!$A$5:$L$70,4,FALSE),"") -> 직무 관리(부서장) | G21: =IFERROR(VLOOKUP('01_인적정보'!M13,'13_직무역할DB'!$A$5:$L$70,5,FALSE),"") -> BIM 컨설팅 조직의 목표와 방향을 설정·관리하고 프로젝트 포트폴리오 운영 및 성과 달성을 총괄하는 역할. | H21: ='07_결과취합'!G14 -> 0 | I21: ='07_결과취합'!H14 -> 0 | J21: ='07_결과취합'!I14 -> 0 | K21: ='07_결과취합'!J14 -> 0 | L21: ='07_결과취합'!K14 -> 0 | M21: ='07_결과취합'!L14 -> 0 | N21: ='07_결과취합'!M14 -> 0 | O21: =IF(N21<>"",N21,M21) -> 0 | P21: =IF(O21="","",IF(O21="S",5,IF(O21="A",4,IF(O21="B",3,IF(O21="C",2,IF(O21="D",1,0)))))) -> 0
A22: ='01_인적정보'!A14 -> 10 | B22: ='01_인적정보'!B14 -> BSS-010 | C22: ='01_인적정보'!C14 -> 신재민 | D22: ='01_인적정보'!E14 -> BIM컨설팅 | E22: ='01_인적정보'!H14 -> G5 | F22: =IFERROR(VLOOKUP('01_인적정보'!M14,'13_직무역할DB'!$A$5:$L$70,4,FALSE),"") -> 직무 관리(부서장) | G22: =IFERROR(VLOOKUP('01_인적정보'!M14,'13_직무역할DB'!$A$5:$L$70,5,FALSE),"") -> BIM 컨설팅 조직의 목표와 방향을 설정·관리하고 프로젝트 포트폴리오 운영 및 성과 달성을 총괄하는 역할. | H22: ='07_결과취합'!G15 -> 0 | I22: ='07_결과취합'!H15 -> 0 | J22: ='07_결과취합'!I15 -> 0 | K22: ='07_결과취합'!J15 -> 0 | L22: ='07_결과취합'!K15 -> 0 | M22: ='07_결과취합'!L15 -> 0 | N22: ='07_결과취합'!M15 -> 0 | O22: =IF(N22<>"",N22,M22) -> 0 | P22: =IF(O22="","",IF(O22="S",5,IF(O22="A",4,IF(O22="B",3,IF(O22="C",2,IF(O22="D",1,0)))))) -> 0
A23: ='01_인적정보'!A15 -> 11 | B23: ='01_인적정보'!B15 -> BSS-011 | C23: ='01_인적정보'!C15 -> 마장엽 | D23: ='01_인적정보'!E15 -> BIM컨설팅 | E23: ='01_인적정보'!H15 -> G5 | F23: =IFERROR(VLOOKUP('01_인적정보'!M15,'13_직무역할DB'!$A$5:$L$70,4,FALSE),"") -> 직무 관리(부서장) | G23: =IFERROR(VLOOKUP('01_인적정보'!M15,'13_직무역할DB'!$A$5:$L$70,5,FALSE),"") -> BIM 컨설팅 조직의 목표와 방향을 설정·관리하고 프로젝트 포트폴리오 운영 및 성과 달성을 총괄하는 역할. | H23: ='07_결과취합'!G16 -> 0 | I23: ='07_결과취합'!H16 -> 0 | J23: ='07_결과취합'!I16 -> 0 | K23: ='07_결과취합'!J16 -> 0 | L23: ='07_결과취합'!K16 -> 0 | M23: ='07_결과취합'!L16 -> 0 | N23: ='07_결과취합'!M16 -> 0 | O23: =IF(N23<>"",N23,M23) -> 0 | P23: =IF(O23="","",IF(O23="S",5,IF(O23="A",4,IF(O23="B",3,IF(O23="C",2,IF(O23="D",1,0)))))) -> 0
A24: ='01_인적정보'!A16 -> 12 | B24: ='01_인적정보'!B16 -> BSS-012 | C24: ='01_인적정보'!C16 -> 하은주 | D24: ='01_인적정보'!E16 -> 경영전략기획 | E24: ='01_인적정보'!H16 -> G5 | F24: =IFERROR(VLOOKUP('01_인적정보'!M16,'13_직무역할DB'!$A$5:$L$70,4,FALSE),"") -> 직무 관리(부서장) | G24: =IFERROR(VLOOKUP('01_인적정보'!M16,'13_직무역할DB'!$A$5:$L$70,5,FALSE),"") -> 부서 전략 및 목표를 수립하고, 자원 배분·예산 관리·성과 관리를 통해 조직 성과 달성을 책임지고, 부서 내 의사결정을 주도함. | H24: ='07_결과취합'!G17 -> 0 | I24: ='07_결과취합'!H17 -> 0 | J24: ='07_결과취합'!I17 -> 0 | K24: ='07_결과취합'!J17 -> 0 | L24: ='07_결과취합'!K17 -> 0 | M24: ='07_결과취합'!L17 -> 0 | N24: ='07_결과취합'!M17 -> 0 | O24: =IF(N24<>"",N24,M24) -> 0 | P24: =IF(O24="","",IF(O24="S",5,IF(O24="A",4,IF(O24="B",3,IF(O24="C",2,IF(O24="D",1,0)))))) -> 0
... A46: ='01_인적정보'!A38 -> 34 | B46: ='01_인적정보'!B38 -> BSS-034 | C46: ='01_인적정보'!C38 -> 엄보근 | D46: ='01_인적정보'!E38 -> BIM컨설팅 | E46: ='01_인적정보'!H38 -> G1 | F46: =IFERROR(VLOOKUP('01_인적정보'!M38,'13_직무역할DB'!$A$5:$L$70,4,FALSE),"") -> 실무 보조 | G46: =IFERROR(VLOOKUP('01_인적정보'!M38,'13_직무역할DB'!$A$5:$L$70,5,FALSE),"") -> BIM 모델링 기초 작업과 자료 정리를 담당하며 실무 진행을 보조하는 역할. | H46: ='07_결과취합'!G39 -> 0 | I46: ='07_결과취합'!H39 -> 0 | J46: ='07_결과취합'!I39 -> 0 | K46: ='07_결과취합'!J39 -> 0 | L46: ='07_결과취합'!K39 -> 0 | M46: ='07_결과취합'!L39 -> 0 | N46: ='07_결과취합'!M39 -> 0 | O46: =IF(N46<>"",N46,M46) -> 0 | P46: =IF(O46="","",IF(O46="S",5,IF(O46="A",4,IF(O46="B",3,IF(O46="C",2,IF(O46="D",1,0)))))) -> 0
A49: ■ 하반기 역할평가
A50: No. | B50: 사번 | C50: 성명 | D50: 직무 | E50: 역할등급 | F50: 역할명 | G50: 역할정의 | H50: 책임범위 이행 | I50: 의사결정 적절성 | J50: 성과 기여도 | K50: 조직·코칭 | L50: 산출물 완성도 | M50: 1차 평가 (종합) | N50: 2차 평가 (종합) | O50: 확정등급 | P50: 평가점수 | Q50: 강점·개선 소견
A51: ='01_인적정보'!A5 -> 1 | B51: ='01_인적정보'!B5 -> BSS-001 | C51: ='01_인적정보'!C5 -> 이화형 | D51: ='01_인적정보'!E5 -> 프로젝트영업 | E51: ='01_인적정보'!H5 -> G6 | F51: =IFERROR(VLOOKUP('01_인적정보'!M5,'13_직무역할DB'!$A$5:$L$70,4,FALSE),"") -> 사업·조직 관리 | G51: =IFERROR(VLOOKUP('01_인적정보'!M5,'13_직무역할DB'!$A$5:$L$70,5,FALSE),"") -> 회사의 영업전략 수립과 목표 달성을 총괄하며, 주요 고객·파트너십 관리 및 사업 기회를 확대하는 역할. | H51: ='07_결과취합'!G44 -> 0 | I51: ='07_결과취합'!H44 -> 0 | J51: ='07_결과취합'!I44 -> 0 | K51: ='07_결과취합'!J44 -> 0 | L51: ='07_결과취합'!K44 -> 0 | M51: ='07_결과취합'!L44 -> 0 | N51: ='07_결과취합'!M44 -> 0 | O51: =IF(N51<>"",N51,M51) -> 0 | P51: =IF(O51="","",IF(O51="S",5,IF(O51="A",4,IF(O51="B",3,IF(O51="C",2,IF(O51="D",1,0)))))) -> 0
A52: ='01_인적정보'!A6 -> 2 | B52: ='01_인적정보'!B6 -> BSS-002 | C52: ='01_인적정보'!C6 -> 강전용 | D52: ='01_인적정보'!E6 -> 연구개발(R&D) | E52: ='01_인적정보'!H6 -> G6 | F52: =IFERROR(VLOOKUP('01_인적정보'!M6,'13_직무역할DB'!$A$5:$L$70,4,FALSE),"") -> 사업·조직 관리 | G52: =IFERROR(VLOOKUP('01_인적정보'!M6,'13_직무역할DB'!$A$5:$L$70,5,FALSE),"") -> 전사 기술 로드맵과 제품 포트폴리오 전략을 총괄하며 핵심 기술 투자·외부 협력·IP 전략을 통해 사업 경쟁력을 창출하는 역할. | H52: ='07_결과취합'!G45 -> 0 | I52: ='07_결과취합'!H45 -> 0 | J52: ='07_결과취합'!I45 -> 0 | K52: ='07_결과취합'!J45 -> 0 | L52: ='07_결과취합'!K45 -> 0 | M52: ='07_결과취합'!L45 -> 0 | N52: ='07_결과취합'!M45 -> 0 | O52: =IF(N52<>"",N52,M52) -> 0 | P52: =IF(O52="","",IF(O52="S",5,IF(O52="A",4,IF(O52="B",3,IF(O52="C",2,IF(O52="D",1,0)))))) -> 0
A53: ='01_인적정보'!A7 -> 3 | B53: ='01_인적정보'!B7 -> BSS-003 | C53: ='01_인적정보'!C7 -> 김현민 | D53: ='01_인적정보'!E7 -> BIM컨설팅 | E53: ='01_인적정보'!H7 -> G6 | F53: =IFERROR(VLOOKUP('01_인적정보'!M7,'13_직무역할DB'!$A$5:$L$70,4,FALSE),"") -> 사업·조직 관리 | G53: =IFERROR(VLOOKUP('01_인적정보'!M7,'13_직무역할DB'!$A$5:$L$70,5,FALSE),"") -> BIM 컨설팅 전략과 서비스 체계를 총괄하며 대외 협력과 사업 확장을 책임지는 역할. | H53: ='07_결과취합'!G46 -> 0 | I53: ='07_결과취합'!H46 -> 0 | J53: ='07_결과취합'!I46 -> 0 | K53: ='07_결과취합'!J46 -> 0 | L53: ='07_결과취합'!K46 -> 0 | M53: ='07_결과취합'!L46 -> 0 | N53: ='07_결과취합'!M46 -> 0 | O53: =IF(N53<>"",N53,M53) -> 0 | P53: =IF(O53="","",IF(O53="S",5,IF(O53="A",4,IF(O53="B",3,IF(O53="C",2,IF(O53="D",1,0)))))) -> 0
A54: ='01_인적정보'!A8 -> 4 | B54: ='01_인적정보'!B8 -> BSS-004 | C54: ='01_인적정보'!C8 -> 이일곤 | D54: ='01_인적정보'!E8 -> 경영전략기획 | E54: ='01_인적정보'!H8 -> G6 | F54: =IFERROR(VLOOKUP('01_인적정보'!M8,'13_직무역할DB'!$A$5:$L$70,4,FALSE),"") -> 사업·조직 관리 | G54: =IFERROR(VLOOKUP('01_인적정보'!M8,'13_직무역할DB'!$A$5:$L$70,5,FALSE),"") -> 회사의 비전과 중장기 전략을 총괄하며, 경영·인사·재무·마케팅 등 핵심 기능을 통합 관리하고, 전사 의사결정·대외 협력·리스크 관리를 주도함. | H54: ='07_결과취합'!G47 -> 0 | I54: ='07_결과취합'!H47 -> 0 | J54: ='07_결과취합'!I47 -> 0 | K54: ='07_결과취합'!J47 -> 0 | L54: ='07_결과취합'!K47 -> 0 | M54: ='07_결과취합'!L47 -> 0 | N54: ='07_결과취합'!M47 -> 0 | O54: =IF(N54<>"",N54,M54) -> 0 | P54: =IF(O54="","",IF(O54="S",5,IF(O54="A",4,IF(O54="B",3,IF(O54="C",2,IF(O54="D",1,0)))))) -> 0
A55: ='01_인적정보'!A9 -> 5 | B55: ='01_인적정보'!B9 -> BSS-005 | C55: ='01_인적정보'!C9 -> 송헌영 | D55: ='01_인적정보'!E9 -> 경영전략기획 | E55: ='01_인적정보'!H9 -> G6 | F55: =IFERROR(VLOOKUP('01_인적정보'!M9,'13_직무역할DB'!$A$5:$L$70,4,FALSE),"") -> 사업·조직 관리 | G55: =IFERROR(VLOOKUP('01_인적정보'!M9,'13_직무역할DB'!$A$5:$L$70,5,FALSE),"") -> 회사의 비전과 중장기 전략을 총괄하며, 경영·인사·재무·마케팅 등 핵심 기능을 통합 관리하고, 전사 의사결정·대외 협력·리스크 관리를 주도함. | H55: ='07_결과취합'!G48 -> 0 | I55: ='07_결과취합'!H48 -> 0 | J55: ='07_결과취합'!I48 -> 0 | K55: ='07_결과취합'!J48 -> 0 | L55: ='07_결과취합'!K48 -> 0 | M55: ='07_결과취합'!L48 -> 0 | N55: ='07_결과취합'!M48 -> 0 | O55: =IF(N55<>"",N55,M55) -> 0 | P55: =IF(O55="","",IF(O55="S",5,IF(O55="A",4,IF(O55="B",3,IF(O55="C",2,IF(O55="D",1,0)))))) -> 0
A56: ='01_인적정보'!A10 -> 6 | B56: ='01_인적정보'!B10 -> BSS-006 | C56: ='01_인적정보'!C10 -> 이재용 | D56: ='01_인적정보'!E10 -> 경영전략기획 | E56: ='01_인적정보'!H10 -> G6 | F56: =IFERROR(VLOOKUP('01_인적정보'!M10,'13_직무역할DB'!$A$5:$L$70,4,FALSE),"") -> 사업·조직 관리 | G56: =IFERROR(VLOOKUP('01_인적정보'!M10,'13_직무역할DB'!$A$5:$L$70,5,FALSE),"") -> 회사의 비전과 중장기 전략을 총괄하며, 경영·인사·재무·마케팅 등 핵심 기능을 통합 관리하고, 전사 의사결정·대외 협력·리스크 관리를 주도함. | H56: ='07_결과취합'!G49 -> 0 | I56: ='07_결과취합'!H49 -> 0 | J56: ='07_결과취합'!I49 -> 0 | K56: ='07_결과취합'!J49 -> 0 | L56: ='07_결과취합'!K49 -> 0 | M56: ='07_결과취합'!L49 -> 0 | N56: ='07_결과취합'!M49 -> 0 | O56: =IF(N56<>"",N56,M56) -> 0 | P56: =IF(O56="","",IF(O56="S",5,IF(O56="A",4,IF(O56="B",3,IF(O56="C",2,IF(O56="D",1,0)))))) -> 0
A57: ='01_인적정보'!A11 -> 7 | B57: ='01_인적정보'!B11 -> BSS-007 | C57: ='01_인적정보'!C11 -> 이진행 | D57: ='01_인적정보'!E11 -> 교육·기술지원 | E57: ='01_인적정보'!H11 -> G5 | F57: =IFERROR(VLOOKUP('01_인적정보'!M11,'13_직무역할DB'!$A$5:$L$70,4,FALSE),"") -> 직무 관리(부서장) | G57: =IFERROR(VLOOKUP('01_인적정보'!M11,'13_직무역할DB'!$A$5:$L$70,5,FALSE),"") -> 교육 조직의 목표·예산·인력을 관리하고 과정 기획·운영 품질을 총괄하며 대외 인증·평가 대응을 주도하는 역할. | H57: ='07_결과취합'!G50 -> 0 | I57: ='07_결과취합'!H50 -> 0 | J57: ='07_결과취합'!I50 -> 0 | K57: ='07_결과취합'!J50 -> 0 | L57: ='07_결과취합'!K50 -> 0 | M57: ='07_결과취합'!L50 -> 0 | N57: ='07_결과취합'!M50 -> 0 | O57: =IF(N57<>"",N57,M57) -> 0 | P57: =IF(O57="","",IF(O57="S",5,IF(O57="A",4,IF(O57="B",3,IF(O57="C",2,IF(O57="D",1,0)))))) -> 0
A58: ='01_인적정보'!A12 -> 8 | B58: ='01_인적정보'!B12 -> BSS-008 | C58: ='01_인적정보'!C12 -> 김민수 | D58: ='01_인적정보'!E12 -> 교육·기술지원 | E58: ='01_인적정보'!H12 -> G5 | F58: =IFERROR(VLOOKUP('01_인적정보'!M12,'13_직무역할DB'!$A$5:$L$70,4,FALSE),"") -> 직무 관리(부서장) | G58: =IFERROR(VLOOKUP('01_인적정보'!M12,'13_직무역할DB'!$A$5:$L$70,5,FALSE),"") -> 교육 조직의 목표·예산·인력을 관리하고 과정 기획·운영 품질을 총괄하며 대외 인증·평가 대응을 주도하는 역할. | H58: ='07_결과취합'!G51 -> 0 | I58: ='07_결과취합'!H51 -> 0 | J58: ='07_결과취합'!I51 -> 0 | K58: ='07_결과취합'!J51 -> 0 | L58: ='07_결과취합'!K51 -> 0 | M58: ='07_결과취합'!L51 -> 0 | N58: ='07_결과취합'!M51 -> 0 | O58: =IF(N58<>"",N58,M58) -> 0 | P58: =IF(O58="","",IF(O58="S",5,IF(O58="A",4,IF(O58="B",3,IF(O58="C",2,IF(O58="D",1,0)))))) -> 0
A59: ='01_인적정보'!A13 -> 9 | B59: ='01_인적정보'!B13 -> BSS-009 | C59: ='01_인적정보'!C13 -> 박남식 | D59: ='01_인적정보'!E13 -> BIM컨설팅 | E59: ='01_인적정보'!H13 -> G5 | F59: =IFERROR(VLOOKUP('01_인적정보'!M13,'13_직무역할DB'!$A$5:$L$70,4,FALSE),"") -> 직무 관리(부서장) | G59: =IFERROR(VLOOKUP('01_인적정보'!M13,'13_직무역할DB'!$A$5:$L$70,5,FALSE),"") -> BIM 컨설팅 조직의 목표와 방향을 설정·관리하고 프로젝트 포트폴리오 운영 및 성과 달성을 총괄하는 역할. | H59: ='07_결과취합'!G52 -> 0 | I59: ='07_결과취합'!H52 -> 0 | J59: ='07_결과취합'!I52 -> 0 | K59: ='07_결과취합'!J52 -> 0 | L59: ='07_결과취합'!K52 -> 0 | M59: ='07_결과취합'!L52 -> 0 | N59: ='07_결과취합'!M52 -> 0 | O59: =IF(N59<>"",N59,M59) -> 0 | P59: =IF(O59="","",IF(O59="S",5,IF(O59="A",4,IF(O59="B",3,IF(O59="C",2,IF(O59="D",1,0)))))) -> 0
A60: ='01_인적정보'!A14 -> 10 | B60: ='01_인적정보'!B14 -> BSS-010 | C60: ='01_인적정보'!C14 -> 신재민 | D60: ='01_인적정보'!E14 -> BIM컨설팅 | E60: ='01_인적정보'!H14 -> G5 | F60: =IFERROR(VLOOKUP('01_인적정보'!M14,'13_직무역할DB'!$A$5:$L$70,4,FALSE),"") -> 직무 관리(부서장) | G60: =IFERROR(VLOOKUP('01_인적정보'!M14,'13_직무역할DB'!$A$5:$L$70,5,FALSE),"") -> BIM 컨설팅 조직의 목표와 방향을 설정·관리하고 프로젝트 포트폴리오 운영 및 성과 달성을 총괄하는 역할. | H60: ='07_결과취합'!G53 -> 0 | I60: ='07_결과취합'!H53 -> 0 | J60: ='07_결과취합'!I53 -> 0 | K60: ='07_결과취합'!J53 -> 0 | L60: ='07_결과취합'!K53 -> 0 | M60: ='07_결과취합'!L53 -> 0 | N60: ='07_결과취합'!M53 -> 0 | O60: =IF(N60<>"",N60,M60) -> 0 | P60: =IF(O60="","",IF(O60="S",5,IF(O60="A",4,IF(O60="B",3,IF(O60="C",2,IF(O60="D",1,0)))))) -> 0
A61: ='01_인적정보'!A15 -> 11 | B61: ='01_인적정보'!B15 -> BSS-011 | C61: ='01_인적정보'!C15 -> 마장엽 | D61: ='01_인적정보'!E15 -> BIM컨설팅 | E61: ='01_인적정보'!H15 -> G5 | F61: =IFERROR(VLOOKUP('01_인적정보'!M15,'13_직무역할DB'!$A$5:$L$70,4,FALSE),"") -> 직무 관리(부서장) | G61: =IFERROR(VLOOKUP('01_인적정보'!M15,'13_직무역할DB'!$A$5:$L$70,5,FALSE),"") -> BIM 컨설팅 조직의 목표와 방향을 설정·관리하고 프로젝트 포트폴리오 운영 및 성과 달성을 총괄하는 역할. | H61: ='07_결과취합'!G54 -> 0 | I61: ='07_결과취합'!H54 -> 0 | J61: ='07_결과취합'!I54 -> 0 | K61: ='07_결과취합'!J54 -> 0 | L61: ='07_결과취합'!K54 -> 0 | M61: ='07_결과취합'!L54 -> 0 | N61: ='07_결과취합'!M54 -> 0 | O61: =IF(N61<>"",N61,M61) -> 0 | P61: =IF(O61="","",IF(O61="S",5,IF(O61="A",4,IF(O61="B",3,IF(O61="C",2,IF(O61="D",1,0)))))) -> 0
A62: ='01_인적정보'!A16 -> 12 | B62: ='01_인적정보'!B16 -> BSS-012 | C62: ='01_인적정보'!C16 -> 하은주 | D62: ='01_인적정보'!E16 -> 경영전략기획 | E62: ='01_인적정보'!H16 -> G5 | F62: =IFERROR(VLOOKUP('01_인적정보'!M16,'13_직무역할DB'!$A$5:$L$70,4,FALSE),"") -> 직무 관리(부서장) | G62: =IFERROR(VLOOKUP('01_인적정보'!M16,'13_직무역할DB'!$A$5:$L$70,5,FALSE),"") -> 부서 전략 및 목표를 수립하고, 자원 배분·예산 관리·성과 관리를 통해 조직 성과 달성을 책임지고, 부서 내 의사결정을 주도함. | H62: ='07_결과취합'!G55 -> 0 | I62: ='07_결과취합'!H55 -> 0 | J62: ='07_결과취합'!I55 -> 0 | K62: ='07_결과취합'!J55 -> 0 | L62: ='07_결과취합'!K55 -> 0 | M62: ='07_결과취합'!L55 -> 0 | N62: ='07_결과취합'!M55 -> 0 | O62: =IF(N62<>"",N62,M62) -> 0 | P62: =IF(O62="","",IF(O62="S",5,IF(O62="A",4,IF(O62="B",3,IF(O62="C",2,IF(O62="D",1,0)))))) -> 0
... A84: ='01_인적정보'!A38 -> 34 | B84: ='01_인적정보'!B38 -> BSS-034 | C84: ='01_인적정보'!C38 -> 엄보근 | D84: ='01_인적정보'!E38 -> BIM컨설팅 | E84: ='01_인적정보'!H38 -> G1 | F84: =IFERROR(VLOOKUP('01_인적정보'!M38,'13_직무역할DB'!$A$5:$L$70,4,FALSE),"") -> 실무 보조 | G84: =IFERROR(VLOOKUP('01_인적정보'!M38,'13_직무역할DB'!$A$5:$L$70,5,FALSE),"") -> BIM 모델링 기초 작업과 자료 정리를 담당하며 실무 진행을 보조하는 역할. | H84: ='07_결과취합'!G77 -> 0 | I84: ='07_결과취합'!H77 -> 0 | J84: ='07_결과취합'!I77 -> 0 | K84: ='07_결과취합'!J77 -> 0 | L84: ='07_결과취합'!K77 -> 0 | M84: ='07_결과취합'!L77 -> 0 | N84: ='07_결과취합'!M77 -> 0 | O84: =IF(N84<>"",N84,M84) -> 0 | P84: =IF(O84="","",IF(O84="S",5,IF(O84="A",4,IF(O84="B",3,IF(O84="C",2,IF(O84="D",1,0)))))) -> 0

Sheet 05_공통역량평가
A1: 공통역량평가 — 전사 공통 11개 역량
A2: 직무 전문성 15% / 분석력 10% / ... / 지속가능 기여 5% (가중합산 100%)
A4: ■ 상반기 공통역량평가
A5: No. | B5: 사번 | C5: 성명 | D5: 역할등급 | E5: 직무 전문성 (역량 #1) | F5: 분석력 (역량 #2) | G5: 기획/실행력 (역량 #3) | H5: 자원·시간 관리 (역량 #4) | I5: 협업 능력 (역량 #5) | J5: 소통 능력 (역량 #6) | K5: 윤리/책임감 (역량 #7) | L5: 업무 태도 (역량 #8) | M5: 혁신 역량 (역량 #9) | N5: 프로세스 개선 (역량 #10) | O5: 지속가능 기여 (역량 #11) | P5: 가중합산 | Q5: 등급 | R5: 소견
A6: ='01_인적정보'!A5 -> 1 | B6: ='01_인적정보'!B5 -> BSS-001 | C6: ='01_인적정보'!C5 -> 이화형 | D6: ='01_인적정보'!H5 -> G6 | E6: ='07_결과취합'!N6 -> 0 | F6: ='07_결과취합'!O6 -> 0 | G6: ='07_결과취합'!P6 -> 0 | H6: ='07_결과취합'!Q6 -> 0 | I6: ='07_결과취합'!R6 -> 0 | J6: ='07_결과취합'!S6 -> 0 | K6: ='07_결과취합'!T6 -> 0 | L6: ='07_결과취합'!U6 -> 0 | ... O6: ='07_결과취합'!X6 -> 0 | P6: =IF(COUNTBLANK(E6:O6)>0,"",'02_의사결정·종합결과'!$E$53*(IF(E6="S",5,IF(E6="A",4,IF(E6="B",3,IF(E6="C",2,IF(E6="D",1,0))))))+'02_의사결정·종합결과'!$E$54*(IF(F6="S",5,IF(F6="A",4,IF(F6="B",3,IF(F6="C",2,IF(F6="D",1,0))))))+'02_의사결정·종합결과'!$E$55*(IF(G6="S",5,IF(G6="A",4,IF(G6="B",3,IF(G6="C",2,IF(G6="D",1,0))))))+'02_의사결정·종합결과'!$E$56*(IF(H6="S",5,IF(H6="A",4,IF(H6="B",3,IF(H6="C",2,IF(H6="D",1,0))))))+'02_의사결정·종합결과'!$E$57*(IF(I6="S",5,IF(I6="A",4,IF(I6="B",3,IF(I6="C",2,IF(I6="D",1,0))))))+'02_의사결정·종합결과'!$E$58*(IF(J6="S",5,IF(J6="A",4,IF(J6="B",3,IF(J6="C",2,IF(J6="D",1,0))))))+'02_의사결정·종합결과'!$E$59*(IF(K6="S",5,IF(K6="A",4,IF(K6="B",3,IF(K6="C",2,IF(K6="D",1,0))))))+'02_의사결정·종합결과'!$E$60*(IF(L6="S",5,IF(L6="A",4,IF(L6="B",3,IF(L6="C",2,IF(L6="D",1,0))))))+'02_의사결정·종합결과'!$E$61*(IF(M6="S",5,IF(M6="A",4,IF(M6="B",3,IF(M6="C",2,IF(M6="D",1,0))))))+'02_의사결정·종합결과'!$E$62*(IF(N6="S",5,IF(N6="A",4,IF(N6="B",3,IF(N6="C",2,IF(N6="D",1,0))))))+'02_의사결정·종합결과'!$E$63*(IF(O6="S",5,IF(O6="A",4,IF(O6="B",3,IF(O6="C",2,IF(O6="D",1,0))))))) -> 0 | Q6: =IF(P6="","",IF(P6>=4.5,"S",IF(P6>=3.5,"A",IF(P6>=2.5,"B",IF(P6>=1.5,"C","D"))))) -> D
A7: ='01_인적정보'!A6 -> 2 | B7: ='01_인적정보'!B6 -> BSS-002 | C7: ='01_인적정보'!C6 -> 강전용 | D7: ='01_인적정보'!H6 -> G6 | E7: ='07_결과취합'!N7 -> 0 | F7: ='07_결과취합'!O7 -> 0 | G7: ='07_결과취합'!P7 -> 0 | H7: ='07_결과취합'!Q7 -> 0 | I7: ='07_결과취합'!R7 -> 0 | J7: ='07_결과취합'!S7 -> 0 | K7: ='07_결과취합'!T7 -> 0 | L7: ='07_결과취합'!U7 -> 0 | ... O7: ='07_결과취합'!X7 -> 0 | P7: =IF(COUNTBLANK(E7:O7)>0,"",'02_의사결정·종합결과'!$E$53*(IF(E7="S",5,IF(E7="A",4,IF(E7="B",3,IF(E7="C",2,IF(E7="D",1,0))))))+'02_의사결정·종합결과'!$E$54*(IF(F7="S",5,IF(F7="A",4,IF(F7="B",3,IF(F7="C",2,IF(F7="D",1,0))))))+'02_의사결정·종합결과'!$E$55*(IF(G7="S",5,IF(G7="A",4,IF(G7="B",3,IF(G7="C",2,IF(G7="D",1,0))))))+'02_의사결정·종합결과'!$E$56*(IF(H7="S",5,IF(H7="A",4,IF(H7="B",3,IF(H7="C",2,IF(H7="D",1,0))))))+'02_의사결정·종합결과'!$E$57*(IF(I7="S",5,IF(I7="A",4,IF(I7="B",3,IF(I7="C",2,IF(I7="D",1,0))))))+'02_의사결정·종합결과'!$E$58*(IF(J7="S",5,IF(J7="A",4,IF(J7="B",3,IF(J7="C",2,IF(J7="D",1,0))))))+'02_의사결정·종합결과'!$E$59*(IF(K7="S",5,IF(K7="A",4,IF(K7="B",3,IF(K7="C",2,IF(K7="D",1,0))))))+'02_의사결정·종합결과'!$E$60*(IF(L7="S",5,IF(L7="A",4,IF(L7="B",3,IF(L7="C",2,IF(L7="D",1,0))))))+'02_의사결정·종합결과'!$E$61*(IF(M7="S",5,IF(M7="A",4,IF(M7="B",3,IF(M7="C",2,IF(M7="D",1,0))))))+'02_의사결정·종합결과'!$E$62*(IF(N7="S",5,IF(N7="A",4,IF(N7="B",3,IF(N7="C",2,IF(N7="D",1,0))))))+'02_의사결정·종합결과'!$E$63*(IF(O7="S",5,IF(O7="A",4,IF(O7="B",3,IF(O7="C",2,IF(O7="D",1,0))))))) -> 0 | Q7: =IF(P7="","",IF(P7>=4.5,"S",IF(P7>=3.5,"A",IF(P7>=2.5,"B",IF(P7>=1.5,"C","D"))))) -> D
A8: ='01_인적정보'!A7 -> 3 | B8: ='01_인적정보'!B7 -> BSS-003 | C8: ='01_인적정보'!C7 -> 김현민 | D8: ='01_인적정보'!H7 -> G6 | E8: ='07_결과취합'!N8 -> 0 | F8: ='07_결과취합'!O8 -> 0 | G8: ='07_결과취합'!P8 -> 0 | H8: ='07_결과취합'!Q8 -> 0 | I8: ='07_결과취합'!R8 -> 0 | J8: ='07_결과취합'!S8 -> 0 | K8: ='07_결과취합'!T8 -> 0 | L8: ='07_결과취합'!U8 -> 0 | ... O8: ='07_결과취합'!X8 -> 0 | P8: =IF(COUNTBLANK(E8:O8)>0,"",'02_의사결정·종합결과'!$E$53*(IF(E8="S",5,IF(E8="A",4,IF(E8="B",3,IF(E8="C",2,IF(E8="D",1,0))))))+'02_의사결정·종합결과'!$E$54*(IF(F8="S",5,IF(F8="A",4,IF(F8="B",3,IF(F8="C",2,IF(F8="D",1,0))))))+'02_의사결정·종합결과'!$E$55*(IF(G8="S",5,IF(G8="A",4,IF(G8="B",3,IF(G8="C",2,IF(G8="D",1,0))))))+'02_의사결정·종합결과'!$E$56*(IF(H8="S",5,IF(H8="A",4,IF(H8="B",3,IF(H8="C",2,IF(H8="D",1,0))))))+'02_의사결정·종합결과'!$E$57*(IF(I8="S",5,IF(I8="A",4,IF(I8="B",3,IF(I8="C",2,IF(I8="D",1,0))))))+'02_의사결정·종합결과'!$E$58*(IF(J8="S",5,IF(J8="A",4,IF(J8="B",3,IF(J8="C",2,IF(J8="D",1,0))))))+'02_의사결정·종합결과'!$E$59*(IF(K8="S",5,IF(K8="A",4,IF(K8="B",3,IF(K8="C",2,IF(K8="D",1,0))))))+'02_의사결정·종합결과'!$E$60*(IF(L8="S",5,IF(L8="A",4,IF(L8="B",3,IF(L8="C",2,IF(L8="D",1,0))))))+'02_의사결정·종합결과'!$E$61*(IF(M8="S",5,IF(M8="A",4,IF(M8="B",3,IF(M8="C",2,IF(M8="D",1,0))))))+'02_의사결정·종합결과'!$E$62*(IF(N8="S",5,IF(N8="A",4,IF(N8="B",3,IF(N8="C",2,IF(N8="D",1,0))))))+'02_의사결정·종합결과'!$E$63*(IF(O8="S",5,IF(O8="A",4,IF(O8="B",3,IF(O8="C",2,IF(O8="D",1,0))))))) -> 0 | Q8: =IF(P8="","",IF(P8>=4.5,"S",IF(P8>=3.5,"A",IF(P8>=2.5,"B",IF(P8>=1.5,"C","D"))))) -> D
A9: ='01_인적정보'!A8 -> 4 | B9: ='01_인적정보'!B8 -> BSS-004 | C9: ='01_인적정보'!C8 -> 이일곤 | D9: ='01_인적정보'!H8 -> G6 | E9: ='07_결과취합'!N9 -> 0 | F9: ='07_결과취합'!O9 -> 0 | G9: ='07_결과취합'!P9 -> 0 | H9: ='07_결과취합'!Q9 -> 0 | I9: ='07_결과취합'!R9 -> 0 | J9: ='07_결과취합'!S9 -> 0 | K9: ='07_결과취합'!T9 -> 0 | L9: ='07_결과취합'!U9 -> 0 | ... O9: ='07_결과취합'!X9 -> 0 | P9: =IF(COUNTBLANK(E9:O9)>0,"",'02_의사결정·종합결과'!$E$53*(IF(E9="S",5,IF(E9="A",4,IF(E9="B",3,IF(E9="C",2,IF(E9="D",1,0))))))+'02_의사결정·종합결과'!$E$54*(IF(F9="S",5,IF(F9="A",4,IF(F9="B",3,IF(F9="C",2,IF(F9="D",1,0))))))+'02_의사결정·종합결과'!$E$55*(IF(G9="S",5,IF(G9="A",4,IF(G9="B",3,IF(G9="C",2,IF(G9="D",1,0))))))+'02_의사결정·종합결과'!$E$56*(IF(H9="S",5,IF(H9="A",4,IF(H9="B",3,IF(H9="C",2,IF(H9="D",1,0))))))+'02_의사결정·종합결과'!$E$57*(IF(I9="S",5,IF(I9="A",4,IF(I9="B",3,IF(I9="C",2,IF(I9="D",1,0))))))+'02_의사결정·종합결과'!$E$58*(IF(J9="S",5,IF(J9="A",4,IF(J9="B",3,IF(J9="C",2,IF(J9="D",1,0))))))+'02_의사결정·종합결과'!$E$59*(IF(K9="S",5,IF(K9="A",4,IF(K9="B",3,IF(K9="C",2,IF(K9="D",1,0))))))+'02_의사결정·종합결과'!$E$60*(IF(L9="S",5,IF(L9="A",4,IF(L9="B",3,IF(L9="C",2,IF(L9="D",1,0))))))+'02_의사결정·종합결과'!$E$61*(IF(M9="S",5,IF(M9="A",4,IF(M9="B",3,IF(M9="C",2,IF(M9="D",1,0))))))+'02_의사결정·종합결과'!$E$62*(IF(N9="S",5,IF(N9="A",4,IF(N9="B",3,IF(N9="C",2,IF(N9="D",1,0))))))+'02_의사결정·종합결과'!$E$63*(IF(O9="S",5,IF(O9="A",4,IF(O9="B",3,IF(O9="C",2,IF(O9="D",1,0))))))) -> 0 | Q9: =IF(P9="","",IF(P9>=4.5,"S",IF(P9>=3.5,"A",IF(P9>=2.5,"B",IF(P9>=1.5,"C","D"))))) -> D
A10: ='01_인적정보'!A9 -> 5 | B10: ='01_인적정보'!B9 -> BSS-005 | C10: ='01_인적정보'!C9 -> 송헌영 | D10: ='01_인적정보'!H9 -> G6 | E10: ='07_결과취합'!N10 -> 0 | F10: ='07_결과취합'!O10 -> 0 | G10: ='07_결과취합'!P10 -> 0 | H10: ='07_결과취합'!Q10 -> 0 | I10: ='07_결과취합'!R10 -> 0 | J10: ='07_결과취합'!S10 -> 0 | K10: ='07_결과취합'!T10 -> 0 | L10: ='07_결과취합'!U10 -> 0 | ... O10: ='07_결과취합'!X10 -> 0 | P10: =IF(COUNTBLANK(E10:O10)>0,"",'02_의사결정·종합결과'!$E$53*(IF(E10="S",5,IF(E10="A",4,IF(E10="B",3,IF(E10="C",2,IF(E10="D",1,0))))))+'02_의사결정·종합결과'!$E$54*(IF(F10="S",5,IF(F10="A",4,IF(F10="B",3,IF(F10="C",2,IF(F10="D",1,0))))))+'02_의사결정·종합결과'!$E$55*(IF(G10="S",5,IF(G10="A",4,IF(G10="B",3,IF(G10="C",2,IF(G10="D",1,0))))))+'02_의사결정·종합결과'!$E$56*(IF(H10="S",5,IF(H10="A",4,IF(H10="B",3,IF(H10="C",2,IF(H10="D",1,0))))))+'02_의사결정·종합결과'!$E$57*(IF(I10="S",5,IF(I10="A",4,IF(I10="B",3,IF(I10="C",2,IF(I10="D",1,0))))))+'02_의사결정·종합결과'!$E$58*(IF(J10="S",5,IF(J10="A",4,IF(J10="B",3,IF(J10="C",2,IF(J10="D",1,0))))))+'02_의사결정·종합결과'!$E$59*(IF(K10="S",5,IF(K10="A",4,IF(K10="B",3,IF(K10="C",2,IF(K10="D",1,0))))))+'02_의사결정·종합결과'!$E$60*(IF(L10="S",5,IF(L10="A",4,IF(L10="B",3,IF(L10="C",2,IF(L10="D",1,0))))))+'02_의사결정·종합결과'!$E$61*(IF(M10="S",5,IF(M10="A",4,IF(M10="B",3,IF(M10="C",2,IF(M10="D",1,0))))))+'02_의사결정·종합결과'!$E$62*(IF(N10="S",5,IF(N10="A",4,IF(N10="B",3,IF(N10="C",2,IF(N10="D",1,0))))))+'02_의사결정·종합결과'!$E$63*(IF(O10="S",5,IF(O10="A",4,IF(O10="B",3,IF(O10="C",2,IF(O10="D",1,0))))))) -> 0 | Q10: =IF(P10="","",IF(P10>=4.5,"S",IF(P10>=3.5,"A",IF(P10>=2.5,"B",IF(P10>=1.5,"C","D"))))) -> D
A11: ='01_인적정보'!A10 -> 6 | B11: ='01_인적정보'!B10 -> BSS-006 | C11: ='01_인적정보'!C10 -> 이재용 | D11: ='01_인적정보'!H10 -> G6 | E11: ='07_결과취합'!N11 -> 0 | F11: ='07_결과취합'!O11 -> 0 | G11: ='07_결과취합'!P11 -> 0 | H11: ='07_결과취합'!Q11 -> 0 | I11: ='07_결과취합'!R11 -> 0 | J11: ='07_결과취합'!S11 -> 0 | K11: ='07_결과취합'!T11 -> 0 | L11: ='07_결과취합'!U11 -> 0 | ... O11: ='07_결과취합'!X11 -> 0 | P11: =IF(COUNTBLANK(E11:O11)>0,"",'02_의사결정·종합결과'!$E$53*(IF(E11="S",5,IF(E11="A",4,IF(E11="B",3,IF(E11="C",2,IF(E11="D",1,0))))))+'02_의사결정·종합결과'!$E$54*(IF(F11="S",5,IF(F11="A",4,IF(F11="B",3,IF(F11="C",2,IF(F11="D",1,0))))))+'02_의사결정·종합결과'!$E$55*(IF(G11="S",5,IF(G11="A",4,IF(G11="B",3,IF(G11="C",2,IF(G11="D",1,0))))))+'02_의사결정·종합결과'!$E$56*(IF(H11="S",5,IF(H11="A",4,IF(H11="B",3,IF(H11="C",2,IF(H11="D",1,0))))))+'02_의사결정·종합결과'!$E$57*(IF(I11="S",5,IF(I11="A",4,IF(I11="B",3,IF(I11="C",2,IF(I11="D",1,0))))))+'02_의사결정·종합결과'!$E$58*(IF(J11="S",5,IF(J11="A",4,IF(J11="B",3,IF(J11="C",2,IF(J11="D",1,0))))))+'02_의사결정·종합결과'!$E$59*(IF(K11="S",5,IF(K11="A",4,IF(K11="B",3,IF(K11="C",2,IF(K11="D",1,0))))))+'02_의사결정·종합결과'!$E$60*(IF(L11="S",5,IF(L11="A",4,IF(L11="B",3,IF(L11="C",2,IF(L11="D",1,0))))))+'02_의사결정·종합결과'!$E$61*(IF(M11="S",5,IF(M11="A",4,IF(M11="B",3,IF(M11="C",2,IF(M11="D",1,0))))))+'02_의사결정·종합결과'!$E$62*(IF(N11="S",5,IF(N11="A",4,IF(N11="B",3,IF(N11="C",2,IF(N11="D",1,0))))))+'02_의사결정·종합결과'!$E$63*(IF(O11="S",5,IF(O11="A",4,IF(O11="B",3,IF(O11="C",2,IF(O11="D",1,0))))))) -> 0 | Q11: =IF(P11="","",IF(P11>=4.5,"S",IF(P11>=3.5,"A",IF(P11>=2.5,"B",IF(P11>=1.5,"C","D"))))) -> D
A12: ='01_인적정보'!A11 -> 7 | B12: ='01_인적정보'!B11 -> BSS-007 | C12: ='01_인적정보'!C11 -> 이진행 | D12: ='01_인적정보'!H11 -> G5 | E12: ='07_결과취합'!N12 -> 0 | F12: ='07_결과취합'!O12 -> 0 | G12: ='07_결과취합'!P12 -> 0 | H12: ='07_결과취합'!Q12 -> 0 | I12: ='07_결과취합'!R12 -> 0 | J12: ='07_결과취합'!S12 -> 0 | K12: ='07_결과취합'!T12 -> 0 | L12: ='07_결과취합'!U12 -> 0 | ... O12: ='07_결과취합'!X12 -> 0 | P12: =IF(COUNTBLANK(E12:O12)>0,"",'02_의사결정·종합결과'!$E$53*(IF(E12="S",5,IF(E12="A",4,IF(E12="B",3,IF(E12="C",2,IF(E12="D",1,0))))))+'02_의사결정·종합결과'!$E$54*(IF(F12="S",5,IF(F12="A",4,IF(F12="B",3,IF(F12="C",2,IF(F12="D",1,0))))))+'02_의사결정·종합결과'!$E$55*(IF(G12="S",5,IF(G12="A",4,IF(G12="B",3,IF(G12="C",2,IF(G12="D",1,0))))))+'02_의사결정·종합결과'!$E$56*(IF(H12="S",5,IF(H12="A",4,IF(H12="B",3,IF(H12="C",2,IF(H12="D",1,0))))))+'02_의사결정·종합결과'!$E$57*(IF(I12="S",5,IF(I12="A",4,IF(I12="B",3,IF(I12="C",2,IF(I12="D",1,0))))))+'02_의사결정·종합결과'!$E$58*(IF(J12="S",5,IF(J12="A",4,IF(J12="B",3,IF(J12="C",2,IF(J12="D",1,0))))))+'02_의사결정·종합결과'!$E$59*(IF(K12="S",5,IF(K12="A",4,IF(K12="B",3,IF(K12="C",2,IF(K12="D",1,0))))))+'02_의사결정·종합결과'!$E$60*(IF(L12="S",5,IF(L12="A",4,IF(L12="B",3,IF(L12="C",2,IF(L12="D",1,0))))))+'02_의사결정·종합결과'!$E$61*(IF(M12="S",5,IF(M12="A",4,IF(M12="B",3,IF(M12="C",2,IF(M12="D",1,0))))))+'02_의사결정·종합결과'!$E$62*(IF(N12="S",5,IF(N12="A",4,IF(N12="B",3,IF(N12="C",2,IF(N12="D",1,0))))))+'02_의사결정·종합결과'!$E$63*(IF(O12="S",5,IF(O12="A",4,IF(O12="B",3,IF(O12="C",2,IF(O12="D",1,0))))))) -> 0 | Q12: =IF(P12="","",IF(P12>=4.5,"S",IF(P12>=3.5,"A",IF(P12>=2.5,"B",IF(P12>=1.5,"C","D"))))) -> D
A13: ='01_인적정보'!A12 -> 8 | B13: ='01_인적정보'!B12 -> BSS-008 | C13: ='01_인적정보'!C12 -> 김민수 | D13: ='01_인적정보'!H12 -> G5 | E13: ='07_결과취합'!N13 -> 0 | F13: ='07_결과취합'!O13 -> 0 | G13: ='07_결과취합'!P13 -> 0 | H13: ='07_결과취합'!Q13 -> 0 | I13: ='07_결과취합'!R13 -> 0 | J13: ='07_결과취합'!S13 -> 0 | K13: ='07_결과취합'!T13 -> 0 | L13: ='07_결과취합'!U13 -> 0 | ... O13: ='07_결과취합'!X13 -> 0 | P13: =IF(COUNTBLANK(E13:O13)>0,"",'02_의사결정·종합결과'!$E$53*(IF(E13="S",5,IF(E13="A",4,IF(E13="B",3,IF(E13="C",2,IF(E13="D",1,0))))))+'02_의사결정·종합결과'!$E$54*(IF(F13="S",5,IF(F13="A",4,IF(F13="B",3,IF(F13="C",2,IF(F13="D",1,0))))))+'02_의사결정·종합결과'!$E$55*(IF(G13="S",5,IF(G13="A",4,IF(G13="B",3,IF(G13="C",2,IF(G13="D",1,0))))))+'02_의사결정·종합결과'!$E$56*(IF(H13="S",5,IF(H13="A",4,IF(H13="B",3,IF(H13="C",2,IF(H13="D",1,0))))))+'02_의사결정·종합결과'!$E$57*(IF(I13="S",5,IF(I13="A",4,IF(I13="B",3,IF(I13="C",2,IF(I13="D",1,0))))))+'02_의사결정·종합결과'!$E$58*(IF(J13="S",5,IF(J13="A",4,IF(J13="B",3,IF(J13="C",2,IF(J13="D",1,0))))))+'02_의사결정·종합결과'!$E$59*(IF(K13="S",5,IF(K13="A",4,IF(K13="B",3,IF(K13="C",2,IF(K13="D",1,0))))))+'02_의사결정·종합결과'!$E$60*(IF(L13="S",5,IF(L13="A",4,IF(L13="B",3,IF(L13="C",2,IF(L13="D",1,0))))))+'02_의사결정·종합결과'!$E$61*(IF(M13="S",5,IF(M13="A",4,IF(M13="B",3,IF(M13="C",2,IF(M13="D",1,0))))))+'02_의사결정·종합결과'!$E$62*(IF(N13="S",5,IF(N13="A",4,IF(N13="B",3,IF(N13="C",2,IF(N13="D",1,0))))))+'02_의사결정·종합결과'!$E$63*(IF(O13="S",5,IF(O13="A",4,IF(O13="B",3,IF(O13="C",2,IF(O13="D",1,0))))))) -> 0 | Q13: =IF(P13="","",IF(P13>=4.5,"S",IF(P13>=3.5,"A",IF(P13>=2.5,"B",IF(P13>=1.5,"C","D"))))) -> D
A14: ='01_인적정보'!A13 -> 9 | B14: ='01_인적정보'!B13 -> BSS-009 | C14: ='01_인적정보'!C13 -> 박남식 | D14: ='01_인적정보'!H13 -> G5 | E14: ='07_결과취합'!N14 -> 0 | F14: ='07_결과취합'!O14 -> 0 | G14: ='07_결과취합'!P14 -> 0 | H14: ='07_결과취합'!Q14 -> 0 | I14: ='07_결과취합'!R14 -> 0 | J14: ='07_결과취합'!S14 -> 0 | K14: ='07_결과취합'!T14 -> 0 | L14: ='07_결과취합'!U14 -> 0 | ... O14: ='07_결과취합'!X14 -> 0 | P14: =IF(COUNTBLANK(E14:O14)>0,"",'02_의사결정·종합결과'!$E$53*(IF(E14="S",5,IF(E14="A",4,IF(E14="B",3,IF(E14="C",2,IF(E14="D",1,0))))))+'02_의사결정·종합결과'!$E$54*(IF(F14="S",5,IF(F14="A",4,IF(F14="B",3,IF(F14="C",2,IF(F14="D",1,0))))))+'02_의사결정·종합결과'!$E$55*(IF(G14="S",5,IF(G14="A",4,IF(G14="B",3,IF(G14="C",2,IF(G14="D",1,0))))))+'02_의사결정·종합결과'!$E$56*(IF(H14="S",5,IF(H14="A",4,IF(H14="B",3,IF(H14="C",2,IF(H14="D",1,0))))))+'02_의사결정·종합결과'!$E$57*(IF(I14="S",5,IF(I14="A",4,IF(I14="B",3,IF(I14="C",2,IF(I14="D",1,0))))))+'02_의사결정·종합결과'!$E$58*(IF(J14="S",5,IF(J14="A",4,IF(J14="B",3,IF(J14="C",2,IF(J14="D",1,0))))))+'02_의사결정·종합결과'!$E$59*(IF(K14="S",5,IF(K14="A",4,IF(K14="B",3,IF(K14="C",2,IF(K14="D",1,0))))))+'02_의사결정·종합결과'!$E$60*(IF(L14="S",5,IF(L14="A",4,IF(L14="B",3,IF(L14="C",2,IF(L14="D",1,0))))))+'02_의사결정·종합결과'!$E$61*(IF(M14="S",5,IF(M14="A",4,IF(M14="B",3,IF(M14="C",2,IF(M14="D",1,0))))))+'02_의사결정·종합결과'!$E$62*(IF(N14="S",5,IF(N14="A",4,IF(N14="B",3,IF(N14="C",2,IF(N14="D",1,0))))))+'02_의사결정·종합결과'!$E$63*(IF(O14="S",5,IF(O14="A",4,IF(O14="B",3,IF(O14="C",2,IF(O14="D",1,0))))))) -> 0 | Q14: =IF(P14="","",IF(P14>=4.5,"S",IF(P14>=3.5,"A",IF(P14>=2.5,"B",IF(P14>=1.5,"C","D"))))) -> D
A15: ='01_인적정보'!A14 -> 10 | B15: ='01_인적정보'!B14 -> BSS-010 | C15: ='01_인적정보'!C14 -> 신재민 | D15: ='01_인적정보'!H14 -> G5 | E15: ='07_결과취합'!N15 -> 0 | F15: ='07_결과취합'!O15 -> 0 | G15: ='07_결과취합'!P15 -> 0 | H15: ='07_결과취합'!Q15 -> 0 | I15: ='07_결과취합'!R15 -> 0 | J15: ='07_결과취합'!S15 -> 0 | K15: ='07_결과취합'!T15 -> 0 | L15: ='07_결과취합'!U15 -> 0 | ... O15: ='07_결과취합'!X15 -> 0 | P15: =IF(COUNTBLANK(E15:O15)>0,"",'02_의사결정·종합결과'!$E$53*(IF(E15="S",5,IF(E15="A",4,IF(E15="B",3,IF(E15="C",2,IF(E15="D",1,0))))))+'02_의사결정·종합결과'!$E$54*(IF(F15="S",5,IF(F15="A",4,IF(F15="B",3,IF(F15="C",2,IF(F15="D",1,0))))))+'02_의사결정·종합결과'!$E$55*(IF(G15="S",5,IF(G15="A",4,IF(G15="B",3,IF(G15="C",2,IF(G15="D",1,0))))))+'02_의사결정·종합결과'!$E$56*(IF(H15="S",5,IF(H15="A",4,IF(H15="B",3,IF(H15="C",2,IF(H15="D",1,0))))))+'02_의사결정·종합결과'!$E$57*(IF(I15="S",5,IF(I15="A",4,IF(I15="B",3,IF(I15="C",2,IF(I15="D",1,0))))))+'02_의사결정·종합결과'!$E$58*(IF(J15="S",5,IF(J15="A",4,IF(J15="B",3,IF(J15="C",2,IF(J15="D",1,0))))))+'02_의사결정·종합결과'!$E$59*(IF(K15="S",5,IF(K15="A",4,IF(K15="B",3,IF(K15="C",2,IF(K15="D",1,0))))))+'02_의사결정·종합결과'!$E$60*(IF(L15="S",5,IF(L15="A",4,IF(L15="B",3,IF(L15="C",2,IF(L15="D",1,0))))))+'02_의사결정·종합결과'!$E$61*(IF(M15="S",5,IF(M15="A",4,IF(M15="B",3,IF(M15="C",2,IF(M15="D",1,0))))))+'02_의사결정·종합결과'!$E$62*(IF(N15="S",5,IF(N15="A",4,IF(N15="B",3,IF(N15="C",2,IF(N15="D",1,0))))))+'02_의사결정·종합결과'!$E$63*(IF(O15="S",5,IF(O15="A",4,IF(O15="B",3,IF(O15="C",2,IF(O15="D",1,0))))))) -> 0 | Q15: =IF(P15="","",IF(P15>=4.5,"S",IF(P15>=3.5,"A",IF(P15>=2.5,"B",IF(P15>=1.5,"C","D"))))) -> D
A16: ='01_인적정보'!A15 -> 11 | B16: ='01_인적정보'!B15 -> BSS-011 | C16: ='01_인적정보'!C15 -> 마장엽 | D16: ='01_인적정보'!H15 -> G5 | E16: ='07_결과취합'!N16 -> 0 | F16: ='07_결과취합'!O16 -> 0 | G16: ='07_결과취합'!P16 -> 0 | H16: ='07_결과취합'!Q16 -> 0 | I16: ='07_결과취합'!R16 -> 0 | J16: ='07_결과취합'!S16 -> 0 | K16: ='07_결과취합'!T16 -> 0 | L16: ='07_결과취합'!U16 -> 0 | ... O16: ='07_결과취합'!X16 -> 0 | P16: =IF(COUNTBLANK(E16:O16)>0,"",'02_의사결정·종합결과'!$E$53*(IF(E16="S",5,IF(E16="A",4,IF(E16="B",3,IF(E16="C",2,IF(E16="D",1,0))))))+'02_의사결정·종합결과'!$E$54*(IF(F16="S",5,IF(F16="A",4,IF(F16="B",3,IF(F16="C",2,IF(F16="D",1,0))))))+'02_의사결정·종합결과'!$E$55*(IF(G16="S",5,IF(G16="A",4,IF(G16="B",3,IF(G16="C",2,IF(G16="D",1,0))))))+'02_의사결정·종합결과'!$E$56*(IF(H16="S",5,IF(H16="A",4,IF(H16="B",3,IF(H16="C",2,IF(H16="D",1,0))))))+'02_의사결정·종합결과'!$E$57*(IF(I16="S",5,IF(I16="A",4,IF(I16="B",3,IF(I16="C",2,IF(I16="D",1,0))))))+'02_의사결정·종합결과'!$E$58*(IF(J16="S",5,IF(J16="A",4,IF(J16="B",3,IF(J16="C",2,IF(J16="D",1,0))))))+'02_의사결정·종합결과'!$E$59*(IF(K16="S",5,IF(K16="A",4,IF(K16="B",3,IF(K16="C",2,IF(K16="D",1,0))))))+'02_의사결정·종합결과'!$E$60*(IF(L16="S",5,IF(L16="A",4,IF(L16="B",3,IF(L16="C",2,IF(L16="D",1,0))))))+'02_의사결정·종합결과'!$E$61*(IF(M16="S",5,IF(M16="A",4,IF(M16="B",3,IF(M16="C",2,IF(M16="D",1,0))))))+'02_의사결정·종합결과'!$E$62*(IF(N16="S",5,IF(N16="A",4,IF(N16="B",3,IF(N16="C",2,IF(N16="D",1,0))))))+'02_의사결정·종합결과'!$E$63*(IF(O16="S",5,IF(O16="A",4,IF(O16="B",3,IF(O16="C",2,IF(O16="D",1,0))))))) -> 0 | Q16: =IF(P16="","",IF(P16>=4.5,"S",IF(P16>=3.5,"A",IF(P16>=2.5,"B",IF(P16>=1.5,"C","D"))))) -> D
A17: ='01_인적정보'!A16 -> 12 | B17: ='01_인적정보'!B16 -> BSS-012 | C17: ='01_인적정보'!C16 -> 하은주 | D17: ='01_인적정보'!H16 -> G5 | E17: ='07_결과취합'!N17 -> 0 | F17: ='07_결과취합'!O17 -> 0 | G17: ='07_결과취합'!P17 -> 0 | H17: ='07_결과취합'!Q17 -> 0 | I17: ='07_결과취합'!R17 -> 0 | J17: ='07_결과취합'!S17 -> 0 | K17: ='07_결과취합'!T17 -> 0 | L17: ='07_결과취합'!U17 -> 0 | ... O17: ='07_결과취합'!X17 -> 0 | P17: =IF(COUNTBLANK(E17:O17)>0,"",'02_의사결정·종합결과'!$E$53*(IF(E17="S",5,IF(E17="A",4,IF(E17="B",3,IF(E17="C",2,IF(E17="D",1,0))))))+'02_의사결정·종합결과'!$E$54*(IF(F17="S",5,IF(F17="A",4,IF(F17="B",3,IF(F17="C",2,IF(F17="D",1,0))))))+'02_의사결정·종합결과'!$E$55*(IF(G17="S",5,IF(G17="A",4,IF(G17="B",3,IF(G17="C",2,IF(G17="D",1,0))))))+'02_의사결정·종합결과'!$E$56*(IF(H17="S",5,IF(H17="A",4,IF(H17="B",3,IF(H17="C",2,IF(H17="D",1,0))))))+'02_의사결정·종합결과'!$E$57*(IF(I17="S",5,IF(I17="A",4,IF(I17="B",3,IF(I17="C",2,IF(I17="D",1,0))))))+'02_의사결정·종합결과'!$E$58*(IF(J17="S",5,IF(J17="A",4,IF(J17="B",3,IF(J17="C",2,IF(J17="D",1,0))))))+'02_의사결정·종합결과'!$E$59*(IF(K17="S",5,IF(K17="A",4,IF(K17="B",3,IF(K17="C",2,IF(K17="D",1,0))))))+'02_의사결정·종합결과'!$E$60*(IF(L17="S",5,IF(L17="A",4,IF(L17="B",3,IF(L17="C",2,IF(L17="D",1,0))))))+'02_의사결정·종합결과'!$E$61*(IF(M17="S",5,IF(M17="A",4,IF(M17="B",3,IF(M17="C",2,IF(M17="D",1,0))))))+'02_의사결정·종합결과'!$E$62*(IF(N17="S",5,IF(N17="A",4,IF(N17="B",3,IF(N17="C",2,IF(N17="D",1,0))))))+'02_의사결정·종합결과'!$E$63*(IF(O17="S",5,IF(O17="A",4,IF(O17="B",3,IF(O17="C",2,IF(O17="D",1,0))))))) -> 0 | Q17: =IF(P17="","",IF(P17>=4.5,"S",IF(P17>=3.5,"A",IF(P17>=2.5,"B",IF(P17>=1.5,"C","D"))))) -> D
... A39: ='01_인적정보'!A38 -> 34 | B39: ='01_인적정보'!B38 -> BSS-034 | C39: ='01_인적정보'!C38 -> 엄보근 | D39: ='01_인적정보'!H38 -> G1 | E39: ='07_결과취합'!N39 -> 0 | F39: ='07_결과취합'!O39 -> 0 | G39: ='07_결과취합'!P39 -> 0 | H39: ='07_결과취합'!Q39 -> 0 | I39: ='07_결과취합'!R39 -> 0 | J39: ='07_결과취합'!S39 -> 0 | K39: ='07_결과취합'!T39 -> 0 | L39: ='07_결과취합'!U39 -> 0 | ... O39: ='07_결과취합'!X39 -> 0 | P39: =IF(COUNTBLANK(E39:O39)>0,"",'02_의사결정·종합결과'!$E$53*(IF(E39="S",5,IF(E39="A",4,IF(E39="B",3,IF(E39="C",2,IF(E39="D",1,0))))))+'02_의사결정·종합결과'!$E$54*(IF(F39="S",5,IF(F39="A",4,IF(F39="B",3,IF(F39="C",2,IF(F39="D",1,0))))))+'02_의사결정·종합결과'!$E$55*(IF(G39="S",5,IF(G39="A",4,IF(G39="B",3,IF(G39="C",2,IF(G39="D",1,0))))))+'02_의사결정·종합결과'!$E$56*(IF(H39="S",5,IF(H39="A",4,IF(H39="B",3,IF(H39="C",2,IF(H39="D",1,0))))))+'02_의사결정·종합결과'!$E$57*(IF(I39="S",5,IF(I39="A",4,IF(I39="B",3,IF(I39="C",2,IF(I39="D",1,0))))))+'02_의사결정·종합결과'!$E$58*(IF(J39="S",5,IF(J39="A",4,IF(J39="B",3,IF(J39="C",2,IF(J39="D",1,0))))))+'02_의사결정·종합결과'!$E$59*(IF(K39="S",5,IF(K39="A",4,IF(K39="B",3,IF(K39="C",2,IF(K39="D",1,0))))))+'02_의사결정·종합결과'!$E$60*(IF(L39="S",5,IF(L39="A",4,IF(L39="B",3,IF(L39="C",2,IF(L39="D",1,0))))))+'02_의사결정·종합결과'!$E$61*(IF(M39="S",5,IF(M39="A",4,IF(M39="B",3,IF(M39="C",2,IF(M39="D",1,0))))))+'02_의사결정·종합결과'!$E$62*(IF(N39="S",5,IF(N39="A",4,IF(N39="B",3,IF(N39="C",2,IF(N39="D",1,0))))))+'02_의사결정·종합결과'!$E$63*(IF(O39="S",5,IF(O39="A",4,IF(O39="B",3,IF(O39="C",2,IF(O39="D",1,0))))))) -> 0 | Q39: =IF(P39="","",IF(P39>=4.5,"S",IF(P39>=3.5,"A",IF(P39>=2.5,"B",IF(P39>=1.5,"C","D"))))) -> D
A42: ■ 하반기 공통역량평가
A43: No. | B43: 사번 | C43: 성명 | D43: 역할등급 | E43: 직무 전문성 (역량 #1) | F43: 분석력 (역량 #2) | G43: 기획/실행력 (역량 #3) | H43: 자원·시간 관리 (역량 #4) | I43: 협업 능력 (역량 #5) | J43: 소통 능력 (역량 #6) | K43: 윤리/책임감 (역량 #7) | L43: 업무 태도 (역량 #8) | M43: 혁신 역량 (역량 #9) | N43: 프로세스 개선 (역량 #10) | O43: 지속가능 기여 (역량 #11) | P43: 가중합산 | Q43: 등급 | R43: 소견
A44: ='01_인적정보'!A5 -> 1 | B44: ='01_인적정보'!B5 -> BSS-001 | C44: ='01_인적정보'!C5 -> 이화형 | D44: ='01_인적정보'!H5 -> G6 | E44: ='07_결과취합'!N44 -> 0 | F44: ='07_결과취합'!O44 -> 0 | G44: ='07_결과취합'!P44 -> 0 | H44: ='07_결과취합'!Q44 -> 0 | I44: ='07_결과취합'!R44 -> 0 | J44: ='07_결과취합'!S44 -> 0 | K44: ='07_결과취합'!T44 -> 0 | L44: ='07_결과취합'!U44 -> 0 | ... O44: ='07_결과취합'!X44 -> 0 | P44: =IF(COUNTBLANK(E44:O44)>0,"",'02_의사결정·종합결과'!$E$53*(IF(E44="S",5,IF(E44="A",4,IF(E44="B",3,IF(E44="C",2,IF(E44="D",1,0))))))+'02_의사결정·종합결과'!$E$54*(IF(F44="S",5,IF(F44="A",4,IF(F44="B",3,IF(F44="C",2,IF(F44="D",1,0))))))+'02_의사결정·종합결과'!$E$55*(IF(G44="S",5,IF(G44="A",4,IF(G44="B",3,IF(G44="C",2,IF(G44="D",1,0))))))+'02_의사결정·종합결과'!$E$56*(IF(H44="S",5,IF(H44="A",4,IF(H44="B",3,IF(H44="C",2,IF(H44="D",1,0))))))+'02_의사결정·종합결과'!$E$57*(IF(I44="S",5,IF(I44="A",4,IF(I44="B",3,IF(I44="C",2,IF(I44="D",1,0))))))+'02_의사결정·종합결과'!$E$58*(IF(J44="S",5,IF(J44="A",4,IF(J44="B",3,IF(J44="C",2,IF(J44="D",1,0))))))+'02_의사결정·종합결과'!$E$59*(IF(K44="S",5,IF(K44="A",4,IF(K44="B",3,IF(K44="C",2,IF(K44="D",1,0))))))+'02_의사결정·종합결과'!$E$60*(IF(L44="S",5,IF(L44="A",4,IF(L44="B",3,IF(L44="C",2,IF(L44="D",1,0))))))+'02_의사결정·종합결과'!$E$61*(IF(M44="S",5,IF(M44="A",4,IF(M44="B",3,IF(M44="C",2,IF(M44="D",1,0))))))+'02_의사결정·종합결과'!$E$62*(IF(N44="S",5,IF(N44="A",4,IF(N44="B",3,IF(N44="C",2,IF(N44="D",1,0))))))+'02_의사결정·종합결과'!$E$63*(IF(O44="S",5,IF(O44="A",4,IF(O44="B",3,IF(O44="C",2,IF(O44="D",1,0))))))) -> 0 | Q44: =IF(P44="","",IF(P44>=4.5,"S",IF(P44>=3.5,"A",IF(P44>=2.5,"B",IF(P44>=1.5,"C","D"))))) -> D
A45: ='01_인적정보'!A6 -> 2 | B45: ='01_인적정보'!B6 -> BSS-002 | C45: ='01_인적정보'!C6 -> 강전용 | D45: ='01_인적정보'!H6 -> G6 | E45: ='07_결과취합'!N45 -> 0 | F45: ='07_결과취합'!O45 -> 0 | G45: ='07_결과취합'!P45 -> 0 | H45: ='07_결과취합'!Q45 -> 0 | I45: ='07_결과취합'!R45 -> 0 | J45: ='07_결과취합'!S45 -> 0 | K45: ='07_결과취합'!T45 -> 0 | L45: ='07_결과취합'!U45 -> 0 | ... O45: ='07_결과취합'!X45 -> 0 | P45: =IF(COUNTBLANK(E45:O45)>0,"",'02_의사결정·종합결과'!$E$53*(IF(E45="S",5,IF(E45="A",4,IF(E45="B",3,IF(E45="C",2,IF(E45="D",1,0))))))+'02_의사결정·종합결과'!$E$54*(IF(F45="S",5,IF(F45="A",4,IF(F45="B",3,IF(F45="C",2,IF(F45="D",1,0))))))+'02_의사결정·종합결과'!$E$55*(IF(G45="S",5,IF(G45="A",4,IF(G45="B",3,IF(G45="C",2,IF(G45="D",1,0))))))+'02_의사결정·종합결과'!$E$56*(IF(H45="S",5,IF(H45="A",4,IF(H45="B",3,IF(H45="C",2,IF(H45="D",1,0))))))+'02_의사결정·종합결과'!$E$57*(IF(I45="S",5,IF(I45="A",4,IF(I45="B",3,IF(I45="C",2,IF(I45="D",1,0))))))+'02_의사결정·종합결과'!$E$58*(IF(J45="S",5,IF(J45="A",4,IF(J45="B",3,IF(J45="C",2,IF(J45="D",1,0))))))+'02_의사결정·종합결과'!$E$59*(IF(K45="S",5,IF(K45="A",4,IF(K45="B",3,IF(K45="C",2,IF(K45="D",1,0))))))+'02_의사결정·종합결과'!$E$60*(IF(L45="S",5,IF(L45="A",4,IF(L45="B",3,IF(L45="C",2,IF(L45="D",1,0))))))+'02_의사결정·종합결과'!$E$61*(IF(M45="S",5,IF(M45="A",4,IF(M45="B",3,IF(M45="C",2,IF(M45="D",1,0))))))+'02_의사결정·종합결과'!$E$62*(IF(N45="S",5,IF(N45="A",4,IF(N45="B",3,IF(N45="C",2,IF(N45="D",1,0))))))+'02_의사결정·종합결과'!$E$63*(IF(O45="S",5,IF(O45="A",4,IF(O45="B",3,IF(O45="C",2,IF(O45="D",1,0))))))) -> 0 | Q45: =IF(P45="","",IF(P45>=4.5,"S",IF(P45>=3.5,"A",IF(P45>=2.5,"B",IF(P45>=1.5,"C","D"))))) -> D
A46: ='01_인적정보'!A7 -> 3 | B46: ='01_인적정보'!B7 -> BSS-003 | C46: ='01_인적정보'!C7 -> 김현민 | D46: ='01_인적정보'!H7 -> G6 | E46: ='07_결과취합'!N46 -> 0 | F46: ='07_결과취합'!O46 -> 0 | G46: ='07_결과취합'!P46 -> 0 | H46: ='07_결과취합'!Q46 -> 0 | I46: ='07_결과취합'!R46 -> 0 | J46: ='07_결과취합'!S46 -> 0 | K46: ='07_결과취합'!T46 -> 0 | L46: ='07_결과취합'!U46 -> 0 | ... O46: ='07_결과취합'!X46 -> 0 | P46: =IF(COUNTBLANK(E46:O46)>0,"",'02_의사결정·종합결과'!$E$53*(IF(E46="S",5,IF(E46="A",4,IF(E46="B",3,IF(E46="C",2,IF(E46="D",1,0))))))+'02_의사결정·종합결과'!$E$54*(IF(F46="S",5,IF(F46="A",4,IF(F46="B",3,IF(F46="C",2,IF(F46="D",1,0))))))+'02_의사결정·종합결과'!$E$55*(IF(G46="S",5,IF(G46="A",4,IF(G46="B",3,IF(G46="C",2,IF(G46="D",1,0))))))+'02_의사결정·종합결과'!$E$56*(IF(H46="S",5,IF(H46="A",4,IF(H46="B",3,IF(H46="C",2,IF(H46="D",1,0))))))+'02_의사결정·종합결과'!$E$57*(IF(I46="S",5,IF(I46="A",4,IF(I46="B",3,IF(I46="C",2,IF(I46="D",1,0))))))+'02_의사결정·종합결과'!$E$58*(IF(J46="S",5,IF(J46="A",4,IF(J46="B",3,IF(J46="C",2,IF(J46="D",1,0))))))+'02_의사결정·종합결과'!$E$59*(IF(K46="S",5,IF(K46="A",4,IF(K46="B",3,IF(K46="C",2,IF(K46="D",1,0))))))+'02_의사결정·종합결과'!$E$60*(IF(L46="S",5,IF(L46="A",4,IF(L46="B",3,IF(L46="C",2,IF(L46="D",1,0))))))+'02_의사결정·종합결과'!$E$61*(IF(M46="S",5,IF(M46="A",4,IF(M46="B",3,IF(M46="C",2,IF(M46="D",1,0))))))+'02_의사결정·종합결과'!$E$62*(IF(N46="S",5,IF(N46="A",4,IF(N46="B",3,IF(N46="C",2,IF(N46="D",1,0))))))+'02_의사결정·종합결과'!$E$63*(IF(O46="S",5,IF(O46="A",4,IF(O46="B",3,IF(O46="C",2,IF(O46="D",1,0))))))) -> 0 | Q46: =IF(P46="","",IF(P46>=4.5,"S",IF(P46>=3.5,"A",IF(P46>=2.5,"B",IF(P46>=1.5,"C","D"))))) -> D
A47: ='01_인적정보'!A8 -> 4 | B47: ='01_인적정보'!B8 -> BSS-004 | C47: ='01_인적정보'!C8 -> 이일곤 | D47: ='01_인적정보'!H8 -> G6 | E47: ='07_결과취합'!N47 -> 0 | F47: ='07_결과취합'!O47 -> 0 | G47: ='07_결과취합'!P47 -> 0 | H47: ='07_결과취합'!Q47 -> 0 | I47: ='07_결과취합'!R47 -> 0 | J47: ='07_결과취합'!S47 -> 0 | K47: ='07_결과취합'!T47 -> 0 | L47: ='07_결과취합'!U47 -> 0 | ... O47: ='07_결과취합'!X47 -> 0 | P47: =IF(COUNTBLANK(E47:O47)>0,"",'02_의사결정·종합결과'!$E$53*(IF(E47="S",5,IF(E47="A",4,IF(E47="B",3,IF(E47="C",2,IF(E47="D",1,0))))))+'02_의사결정·종합결과'!$E$54*(IF(F47="S",5,IF(F47="A",4,IF(F47="B",3,IF(F47="C",2,IF(F47="D",1,0))))))+'02_의사결정·종합결과'!$E$55*(IF(G47="S",5,IF(G47="A",4,IF(G47="B",3,IF(G47="C",2,IF(G47="D",1,0))))))+'02_의사결정·종합결과'!$E$56*(IF(H47="S",5,IF(H47="A",4,IF(H47="B",3,IF(H47="C",2,IF(H47="D",1,0))))))+'02_의사결정·종합결과'!$E$57*(IF(I47="S",5,IF(I47="A",4,IF(I47="B",3,IF(I47="C",2,IF(I47="D",1,0))))))+'02_의사결정·종합결과'!$E$58*(IF(J47="S",5,IF(J47="A",4,IF(J47="B",3,IF(J47="C",2,IF(J47="D",1,0))))))+'02_의사결정·종합결과'!$E$59*(IF(K47="S",5,IF(K47="A",4,IF(K47="B",3,IF(K47="C",2,IF(K47="D",1,0))))))+'02_의사결정·종합결과'!$E$60*(IF(L47="S",5,IF(L47="A",4,IF(L47="B",3,IF(L47="C",2,IF(L47="D",1,0))))))+'02_의사결정·종합결과'!$E$61*(IF(M47="S",5,IF(M47="A",4,IF(M47="B",3,IF(M47="C",2,IF(M47="D",1,0))))))+'02_의사결정·종합결과'!$E$62*(IF(N47="S",5,IF(N47="A",4,IF(N47="B",3,IF(N47="C",2,IF(N47="D",1,0))))))+'02_의사결정·종합결과'!$E$63*(IF(O47="S",5,IF(O47="A",4,IF(O47="B",3,IF(O47="C",2,IF(O47="D",1,0))))))) -> 0 | Q47: =IF(P47="","",IF(P47>=4.5,"S",IF(P47>=3.5,"A",IF(P47>=2.5,"B",IF(P47>=1.5,"C","D"))))) -> D
A48: ='01_인적정보'!A9 -> 5 | B48: ='01_인적정보'!B9 -> BSS-005 | C48: ='01_인적정보'!C9 -> 송헌영 | D48: ='01_인적정보'!H9 -> G6 | E48: ='07_결과취합'!N48 -> 0 | F48: ='07_결과취합'!O48 -> 0 | G48: ='07_결과취합'!P48 -> 0 | H48: ='07_결과취합'!Q48 -> 0 | I48: ='07_결과취합'!R48 -> 0 | J48: ='07_결과취합'!S48 -> 0 | K48: ='07_결과취합'!T48 -> 0 | L48: ='07_결과취합'!U48 -> 0 | ... O48: ='07_결과취합'!X48 -> 0 | P48: =IF(COUNTBLANK(E48:O48)>0,"",'02_의사결정·종합결과'!$E$53*(IF(E48="S",5,IF(E48="A",4,IF(E48="B",3,IF(E48="C",2,IF(E48="D",1,0))))))+'02_의사결정·종합결과'!$E$54*(IF(F48="S",5,IF(F48="A",4,IF(F48="B",3,IF(F48="C",2,IF(F48="D",1,0))))))+'02_의사결정·종합결과'!$E$55*(IF(G48="S",5,IF(G48="A",4,IF(G48="B",3,IF(G48="C",2,IF(G48="D",1,0))))))+'02_의사결정·종합결과'!$E$56*(IF(H48="S",5,IF(H48="A",4,IF(H48="B",3,IF(H48="C",2,IF(H48="D",1,0))))))+'02_의사결정·종합결과'!$E$57*(IF(I48="S",5,IF(I48="A",4,IF(I48="B",3,IF(I48="C",2,IF(I48="D",1,0))))))+'02_의사결정·종합결과'!$E$58*(IF(J48="S",5,IF(J48="A",4,IF(J48="B",3,IF(J48="C",2,IF(J48="D",1,0))))))+'02_의사결정·종합결과'!$E$59*(IF(K48="S",5,IF(K48="A",4,IF(K48="B",3,IF(K48="C",2,IF(K48="D",1,0))))))+'02_의사결정·종합결과'!$E$60*(IF(L48="S",5,IF(L48="A",4,IF(L48="B",3,IF(L48="C",2,IF(L48="D",1,0))))))+'02_의사결정·종합결과'!$E$61*(IF(M48="S",5,IF(M48="A",4,IF(M48="B",3,IF(M48="C",2,IF(M48="D",1,0))))))+'02_의사결정·종합결과'!$E$62*(IF(N48="S",5,IF(N48="A",4,IF(N48="B",3,IF(N48="C",2,IF(N48="D",1,0))))))+'02_의사결정·종합결과'!$E$63*(IF(O48="S",5,IF(O48="A",4,IF(O48="B",3,IF(O48="C",2,IF(O48="D",1,0))))))) -> 0 | Q48: =IF(P48="","",IF(P48>=4.5,"S",IF(P48>=3.5,"A",IF(P48>=2.5,"B",IF(P48>=1.5,"C","D"))))) -> D
A49: ='01_인적정보'!A10 -> 6 | B49: ='01_인적정보'!B10 -> BSS-006 | C49: ='01_인적정보'!C10 -> 이재용 | D49: ='01_인적정보'!H10 -> G6 | E49: ='07_결과취합'!N49 -> 0 | F49: ='07_결과취합'!O49 -> 0 | G49: ='07_결과취합'!P49 -> 0 | H49: ='07_결과취합'!Q49 -> 0 | I49: ='07_결과취합'!R49 -> 0 | J49: ='07_결과취합'!S49 -> 0 | K49: ='07_결과취합'!T49 -> 0 | L49: ='07_결과취합'!U49 -> 0 | ... O49: ='07_결과취합'!X49 -> 0 | P49: =IF(COUNTBLANK(E49:O49)>0,"",'02_의사결정·종합결과'!$E$53*(IF(E49="S",5,IF(E49="A",4,IF(E49="B",3,IF(E49="C",2,IF(E49="D",1,0))))))+'02_의사결정·종합결과'!$E$54*(IF(F49="S",5,IF(F49="A",4,IF(F49="B",3,IF(F49="C",2,IF(F49="D",1,0))))))+'02_의사결정·종합결과'!$E$55*(IF(G49="S",5,IF(G49="A",4,IF(G49="B",3,IF(G49="C",2,IF(G49="D",1,0))))))+'02_의사결정·종합결과'!$E$56*(IF(H49="S",5,IF(H49="A",4,IF(H49="B",3,IF(H49="C",2,IF(H49="D",1,0))))))+'02_의사결정·종합결과'!$E$57*(IF(I49="S",5,IF(I49="A",4,IF(I49="B",3,IF(I49="C",2,IF(I49="D",1,0))))))+'02_의사결정·종합결과'!$E$58*(IF(J49="S",5,IF(J49="A",4,IF(J49="B",3,IF(J49="C",2,IF(J49="D",1,0))))))+'02_의사결정·종합결과'!$E$59*(IF(K49="S",5,IF(K49="A",4,IF(K49="B",3,IF(K49="C",2,IF(K49="D",1,0))))))+'02_의사결정·종합결과'!$E$60*(IF(L49="S",5,IF(L49="A",4,IF(L49="B",3,IF(L49="C",2,IF(L49="D",1,0))))))+'02_의사결정·종합결과'!$E$61*(IF(M49="S",5,IF(M49="A",4,IF(M49="B",3,IF(M49="C",2,IF(M49="D",1,0))))))+'02_의사결정·종합결과'!$E$62*(IF(N49="S",5,IF(N49="A",4,IF(N49="B",3,IF(N49="C",2,IF(N49="D",1,0))))))+'02_의사결정·종합결과'!$E$63*(IF(O49="S",5,IF(O49="A",4,IF(O49="B",3,IF(O49="C",2,IF(O49="D",1,0))))))) -> 0 | Q49: =IF(P49="","",IF(P49>=4.5,"S",IF(P49>=3.5,"A",IF(P49>=2.5,"B",IF(P49>=1.5,"C","D"))))) -> D
A50: ='01_인적정보'!A11 -> 7 | B50: ='01_인적정보'!B11 -> BSS-007 | C50: ='01_인적정보'!C11 -> 이진행 | D50: ='01_인적정보'!H11 -> G5 | E50: ='07_결과취합'!N50 -> 0 | F50: ='07_결과취합'!O50 -> 0 | G50: ='07_결과취합'!P50 -> 0 | H50: ='07_결과취합'!Q50 -> 0 | I50: ='07_결과취합'!R50 -> 0 | J50: ='07_결과취합'!S50 -> 0 | K50: ='07_결과취합'!T50 -> 0 | L50: ='07_결과취합'!U50 -> 0 | ... O50: ='07_결과취합'!X50 -> 0 | P50: =IF(COUNTBLANK(E50:O50)>0,"",'02_의사결정·종합결과'!$E$53*(IF(E50="S",5,IF(E50="A",4,IF(E50="B",3,IF(E50="C",2,IF(E50="D",1,0))))))+'02_의사결정·종합결과'!$E$54*(IF(F50="S",5,IF(F50="A",4,IF(F50="B",3,IF(F50="C",2,IF(F50="D",1,0))))))+'02_의사결정·종합결과'!$E$55*(IF(G50="S",5,IF(G50="A",4,IF(G50="B",3,IF(G50="C",2,IF(G50="D",1,0))))))+'02_의사결정·종합결과'!$E$56*(IF(H50="S",5,IF(H50="A",4,IF(H50="B",3,IF(H50="C",2,IF(H50="D",1,0))))))+'02_의사결정·종합결과'!$E$57*(IF(I50="S",5,IF(I50="A",4,IF(I50="B",3,IF(I50="C",2,IF(I50="D",1,0))))))+'02_의사결정·종합결과'!$E$58*(IF(J50="S",5,IF(J50="A",4,IF(J50="B",3,IF(J50="C",2,IF(J50="D",1,0))))))+'02_의사결정·종합결과'!$E$59*(IF(K50="S",5,IF(K50="A",4,IF(K50="B",3,IF(K50="C",2,IF(K50="D",1,0))))))+'02_의사결정·종합결과'!$E$60*(IF(L50="S",5,IF(L50="A",4,IF(L50="B",3,IF(L50="C",2,IF(L50="D",1,0))))))+'02_의사결정·종합결과'!$E$61*(IF(M50="S",5,IF(M50="A",4,IF(M50="B",3,IF(M50="C",2,IF(M50="D",1,0))))))+'02_의사결정·종합결과'!$E$62*(IF(N50="S",5,IF(N50="A",4,IF(N50="B",3,IF(N50="C",2,IF(N50="D",1,0))))))+'02_의사결정·종합결과'!$E$63*(IF(O50="S",5,IF(O50="A",4,IF(O50="B",3,IF(O50="C",2,IF(O50="D",1,0))))))) -> 0 | Q50: =IF(P50="","",IF(P50>=4.5,"S",IF(P50>=3.5,"A",IF(P50>=2.5,"B",IF(P50>=1.5,"C","D"))))) -> D
A51: ='01_인적정보'!A12 -> 8 | B51: ='01_인적정보'!B12 -> BSS-008 | C51: ='01_인적정보'!C12 -> 김민수 | D51: ='01_인적정보'!H12 -> G5 | E51: ='07_결과취합'!N51 -> 0 | F51: ='07_결과취합'!O51 -> 0 | G51: ='07_결과취합'!P51 -> 0 | H51: ='07_결과취합'!Q51 -> 0 | I51: ='07_결과취합'!R51 -> 0 | J51: ='07_결과취합'!S51 -> 0 | K51: ='07_결과취합'!T51 -> 0 | L51: ='07_결과취합'!U51 -> 0 | ... O51: ='07_결과취합'!X51 -> 0 | P51: =IF(COUNTBLANK(E51:O51)>0,"",'02_의사결정·종합결과'!$E$53*(IF(E51="S",5,IF(E51="A",4,IF(E51="B",3,IF(E51="C",2,IF(E51="D",1,0))))))+'02_의사결정·종합결과'!$E$54*(IF(F51="S",5,IF(F51="A",4,IF(F51="B",3,IF(F51="C",2,IF(F51="D",1,0))))))+'02_의사결정·종합결과'!$E$55*(IF(G51="S",5,IF(G51="A",4,IF(G51="B",3,IF(G51="C",2,IF(G51="D",1,0))))))+'02_의사결정·종합결과'!$E$56*(IF(H51="S",5,IF(H51="A",4,IF(H51="B",3,IF(H51="C",2,IF(H51="D",1,0))))))+'02_의사결정·종합결과'!$E$57*(IF(I51="S",5,IF(I51="A",4,IF(I51="B",3,IF(I51="C",2,IF(I51="D",1,0))))))+'02_의사결정·종합결과'!$E$58*(IF(J51="S",5,IF(J51="A",4,IF(J51="B",3,IF(J51="C",2,IF(J51="D",1,0))))))+'02_의사결정·종합결과'!$E$59*(IF(K51="S",5,IF(K51="A",4,IF(K51="B",3,IF(K51="C",2,IF(K51="D",1,0))))))+'02_의사결정·종합결과'!$E$60*(IF(L51="S",5,IF(L51="A",4,IF(L51="B",3,IF(L51="C",2,IF(L51="D",1,0))))))+'02_의사결정·종합결과'!$E$61*(IF(M51="S",5,IF(M51="A",4,IF(M51="B",3,IF(M51="C",2,IF(M51="D",1,0))))))+'02_의사결정·종합결과'!$E$62*(IF(N51="S",5,IF(N51="A",4,IF(N51="B",3,IF(N51="C",2,IF(N51="D",1,0))))))+'02_의사결정·종합결과'!$E$63*(IF(O51="S",5,IF(O51="A",4,IF(O51="B",3,IF(O51="C",2,IF(O51="D",1,0))))))) -> 0 | Q51: =IF(P51="","",IF(P51>=4.5,"S",IF(P51>=3.5,"A",IF(P51>=2.5,"B",IF(P51>=1.5,"C","D"))))) -> D
A52: ='01_인적정보'!A13 -> 9 | B52: ='01_인적정보'!B13 -> BSS-009 | C52: ='01_인적정보'!C13 -> 박남식 | D52: ='01_인적정보'!H13 -> G5 | E52: ='07_결과취합'!N52 -> 0 | F52: ='07_결과취합'!O52 -> 0 | G52: ='07_결과취합'!P52 -> 0 | H52: ='07_결과취합'!Q52 -> 0 | I52: ='07_결과취합'!R52 -> 0 | J52: ='07_결과취합'!S52 -> 0 | K52: ='07_결과취합'!T52 -> 0 | L52: ='07_결과취합'!U52 -> 0 | ... O52: ='07_결과취합'!X52 -> 0 | P52: =IF(COUNTBLANK(E52:O52)>0,"",'02_의사결정·종합결과'!$E$53*(IF(E52="S",5,IF(E52="A",4,IF(E52="B",3,IF(E52="C",2,IF(E52="D",1,0))))))+'02_의사결정·종합결과'!$E$54*(IF(F52="S",5,IF(F52="A",4,IF(F52="B",3,IF(F52="C",2,IF(F52="D",1,0))))))+'02_의사결정·종합결과'!$E$55*(IF(G52="S",5,IF(G52="A",4,IF(G52="B",3,IF(G52="C",2,IF(G52="D",1,0))))))+'02_의사결정·종합결과'!$E$56*(IF(H52="S",5,IF(H52="A",4,IF(H52="B",3,IF(H52="C",2,IF(H52="D",1,0))))))+'02_의사결정·종합결과'!$E$57*(IF(I52="S",5,IF(I52="A",4,IF(I52="B",3,IF(I52="C",2,IF(I52="D",1,0))))))+'02_의사결정·종합결과'!$E$58*(IF(J52="S",5,IF(J52="A",4,IF(J52="B",3,IF(J52="C",2,IF(J52="D",1,0))))))+'02_의사결정·종합결과'!$E$59*(IF(K52="S",5,IF(K52="A",4,IF(K52="B",3,IF(K52="C",2,IF(K52="D",1,0))))))+'02_의사결정·종합결과'!$E$60*(IF(L52="S",5,IF(L52="A",4,IF(L52="B",3,IF(L52="C",2,IF(L52="D",1,0))))))+'02_의사결정·종합결과'!$E$61*(IF(M52="S",5,IF(M52="A",4,IF(M52="B",3,IF(M52="C",2,IF(M52="D",1,0))))))+'02_의사결정·종합결과'!$E$62*(IF(N52="S",5,IF(N52="A",4,IF(N52="B",3,IF(N52="C",2,IF(N52="D",1,0))))))+'02_의사결정·종합결과'!$E$63*(IF(O52="S",5,IF(O52="A",4,IF(O52="B",3,IF(O52="C",2,IF(O52="D",1,0))))))) -> 0 | Q52: =IF(P52="","",IF(P52>=4.5,"S",IF(P52>=3.5,"A",IF(P52>=2.5,"B",IF(P52>=1.5,"C","D"))))) -> D
A53: ='01_인적정보'!A14 -> 10 | B53: ='01_인적정보'!B14 -> BSS-010 | C53: ='01_인적정보'!C14 -> 신재민 | D53: ='01_인적정보'!H14 -> G5 | E53: ='07_결과취합'!N53 -> 0 | F53: ='07_결과취합'!O53 -> 0 | G53: ='07_결과취합'!P53 -> 0 | H53: ='07_결과취합'!Q53 -> 0 | I53: ='07_결과취합'!R53 -> 0 | J53: ='07_결과취합'!S53 -> 0 | K53: ='07_결과취합'!T53 -> 0 | L53: ='07_결과취합'!U53 -> 0 | ... O53: ='07_결과취합'!X53 -> 0 | P53: =IF(COUNTBLANK(E53:O53)>0,"",'02_의사결정·종합결과'!$E$53*(IF(E53="S",5,IF(E53="A",4,IF(E53="B",3,IF(E53="C",2,IF(E53="D",1,0))))))+'02_의사결정·종합결과'!$E$54*(IF(F53="S",5,IF(F53="A",4,IF(F53="B",3,IF(F53="C",2,IF(F53="D",1,0))))))+'02_의사결정·종합결과'!$E$55*(IF(G53="S",5,IF(G53="A",4,IF(G53="B",3,IF(G53="C",2,IF(G53="D",1,0))))))+'02_의사결정·종합결과'!$E$56*(IF(H53="S",5,IF(H53="A",4,IF(H53="B",3,IF(H53="C",2,IF(H53="D",1,0))))))+'02_의사결정·종합결과'!$E$57*(IF(I53="S",5,IF(I53="A",4,IF(I53="B",3,IF(I53="C",2,IF(I53="D",1,0))))))+'02_의사결정·종합결과'!$E$58*(IF(J53="S",5,IF(J53="A",4,IF(J53="B",3,IF(J53="C",2,IF(J53="D",1,0))))))+'02_의사결정·종합결과'!$E$59*(IF(K53="S",5,IF(K53="A",4,IF(K53="B",3,IF(K53="C",2,IF(K53="D",1,0))))))+'02_의사결정·종합결과'!$E$60*(IF(L53="S",5,IF(L53="A",4,IF(L53="B",3,IF(L53="C",2,IF(L53="D",1,0))))))+'02_의사결정·종합결과'!$E$61*(IF(M53="S",5,IF(M53="A",4,IF(M53="B",3,IF(M53="C",2,IF(M53="D",1,0))))))+'02_의사결정·종합결과'!$E$62*(IF(N53="S",5,IF(N53="A",4,IF(N53="B",3,IF(N53="C",2,IF(N53="D",1,0))))))+'02_의사결정·종합결과'!$E$63*(IF(O53="S",5,IF(O53="A",4,IF(O53="B",3,IF(O53="C",2,IF(O53="D",1,0))))))) -> 0 | Q53: =IF(P53="","",IF(P53>=4.5,"S",IF(P53>=3.5,"A",IF(P53>=2.5,"B",IF(P53>=1.5,"C","D"))))) -> D
A54: ='01_인적정보'!A15 -> 11 | B54: ='01_인적정보'!B15 -> BSS-011 | C54: ='01_인적정보'!C15 -> 마장엽 | D54: ='01_인적정보'!H15 -> G5 | E54: ='07_결과취합'!N54 -> 0 | F54: ='07_결과취합'!O54 -> 0 | G54: ='07_결과취합'!P54 -> 0 | H54: ='07_결과취합'!Q54 -> 0 | I54: ='07_결과취합'!R54 -> 0 | J54: ='07_결과취합'!S54 -> 0 | K54: ='07_결과취합'!T54 -> 0 | L54: ='07_결과취합'!U54 -> 0 | ... O54: ='07_결과취합'!X54 -> 0 | P54: =IF(COUNTBLANK(E54:O54)>0,"",'02_의사결정·종합결과'!$E$53*(IF(E54="S",5,IF(E54="A",4,IF(E54="B",3,IF(E54="C",2,IF(E54="D",1,0))))))+'02_의사결정·종합결과'!$E$54*(IF(F54="S",5,IF(F54="A",4,IF(F54="B",3,IF(F54="C",2,IF(F54="D",1,0))))))+'02_의사결정·종합결과'!$E$55*(IF(G54="S",5,IF(G54="A",4,IF(G54="B",3,IF(G54="C",2,IF(G54="D",1,0))))))+'02_의사결정·종합결과'!$E$56*(IF(H54="S",5,IF(H54="A",4,IF(H54="B",3,IF(H54="C",2,IF(H54="D",1,0))))))+'02_의사결정·종합결과'!$E$57*(IF(I54="S",5,IF(I54="A",4,IF(I54="B",3,IF(I54="C",2,IF(I54="D",1,0))))))+'02_의사결정·종합결과'!$E$58*(IF(J54="S",5,IF(J54="A",4,IF(J54="B",3,IF(J54="C",2,IF(J54="D",1,0))))))+'02_의사결정·종합결과'!$E$59*(IF(K54="S",5,IF(K54="A",4,IF(K54="B",3,IF(K54="C",2,IF(K54="D",1,0))))))+'02_의사결정·종합결과'!$E$60*(IF(L54="S",5,IF(L54="A",4,IF(L54="B",3,IF(L54="C",2,IF(L54="D",1,0))))))+'02_의사결정·종합결과'!$E$61*(IF(M54="S",5,IF(M54="A",4,IF(M54="B",3,IF(M54="C",2,IF(M54="D",1,0))))))+'02_의사결정·종합결과'!$E$62*(IF(N54="S",5,IF(N54="A",4,IF(N54="B",3,IF(N54="C",2,IF(N54="D",1,0))))))+'02_의사결정·종합결과'!$E$63*(IF(O54="S",5,IF(O54="A",4,IF(O54="B",3,IF(O54="C",2,IF(O54="D",1,0))))))) -> 0 | Q54: =IF(P54="","",IF(P54>=4.5,"S",IF(P54>=3.5,"A",IF(P54>=2.5,"B",IF(P54>=1.5,"C","D"))))) -> D
A55: ='01_인적정보'!A16 -> 12 | B55: ='01_인적정보'!B16 -> BSS-012 | C55: ='01_인적정보'!C16 -> 하은주 | D55: ='01_인적정보'!H16 -> G5 | E55: ='07_결과취합'!N55 -> 0 | F55: ='07_결과취합'!O55 -> 0 | G55: ='07_결과취합'!P55 -> 0 | H55: ='07_결과취합'!Q55 -> 0 | I55: ='07_결과취합'!R55 -> 0 | J55: ='07_결과취합'!S55 -> 0 | K55: ='07_결과취합'!T55 -> 0 | L55: ='07_결과취합'!U55 -> 0 | ... O55: ='07_결과취합'!X55 -> 0 | P55: =IF(COUNTBLANK(E55:O55)>0,"",'02_의사결정·종합결과'!$E$53*(IF(E55="S",5,IF(E55="A",4,IF(E55="B",3,IF(E55="C",2,IF(E55="D",1,0))))))+'02_의사결정·종합결과'!$E$54*(IF(F55="S",5,IF(F55="A",4,IF(F55="B",3,IF(F55="C",2,IF(F55="D",1,0))))))+'02_의사결정·종합결과'!$E$55*(IF(G55="S",5,IF(G55="A",4,IF(G55="B",3,IF(G55="C",2,IF(G55="D",1,0))))))+'02_의사결정·종합결과'!$E$56*(IF(H55="S",5,IF(H55="A",4,IF(H55="B",3,IF(H55="C",2,IF(H55="D",1,0))))))+'02_의사결정·종합결과'!$E$57*(IF(I55="S",5,IF(I55="A",4,IF(I55="B",3,IF(I55="C",2,IF(I55="D",1,0))))))+'02_의사결정·종합결과'!$E$58*(IF(J55="S",5,IF(J55="A",4,IF(J55="B",3,IF(J55="C",2,IF(J55="D",1,0))))))+'02_의사결정·종합결과'!$E$59*(IF(K55="S",5,IF(K55="A",4,IF(K55="B",3,IF(K55="C",2,IF(K55="D",1,0))))))+'02_의사결정·종합결과'!$E$60*(IF(L55="S",5,IF(L55="A",4,IF(L55="B",3,IF(L55="C",2,IF(L55="D",1,0))))))+'02_의사결정·종합결과'!$E$61*(IF(M55="S",5,IF(M55="A",4,IF(M55="B",3,IF(M55="C",2,IF(M55="D",1,0))))))+'02_의사결정·종합결과'!$E$62*(IF(N55="S",5,IF(N55="A",4,IF(N55="B",3,IF(N55="C",2,IF(N55="D",1,0))))))+'02_의사결정·종합결과'!$E$63*(IF(O55="S",5,IF(O55="A",4,IF(O55="B",3,IF(O55="C",2,IF(O55="D",1,0))))))) -> 0 | Q55: =IF(P55="","",IF(P55>=4.5,"S",IF(P55>=3.5,"A",IF(P55>=2.5,"B",IF(P55>=1.5,"C","D"))))) -> D
... A77: ='01_인적정보'!A38 -> 34 | B77: ='01_인적정보'!B38 -> BSS-034 | C77: ='01_인적정보'!C38 -> 엄보근 | D77: ='01_인적정보'!H38 -> G1 | E77: ='07_결과취합'!N77 -> 0 | F77: ='07_결과취합'!O77 -> 0 | G77: ='07_결과취합'!P77 -> 0 | H77: ='07_결과취합'!Q77 -> 0 | I77: ='07_결과취합'!R77 -> 0 | J77: ='07_결과취합'!S77 -> 0 | K77: ='07_결과취합'!T77 -> 0 | L77: ='07_결과취합'!U77 -> 0 | ... O77: ='07_결과취합'!X77 -> 0 | P77: =IF(COUNTBLANK(E77:O77)>0,"",'02_의사결정·종합결과'!$E$53*(IF(E77="S",5,IF(E77="A",4,IF(E77="B",3,IF(E77="C",2,IF(E77="D",1,0))))))+'02_의사결정·종합결과'!$E$54*(IF(F77="S",5,IF(F77="A",4,IF(F77="B",3,IF(F77="C",2,IF(F77="D",1,0))))))+'02_의사결정·종합결과'!$E$55*(IF(G77="S",5,IF(G77="A",4,IF(G77="B",3,IF(G77="C",2,IF(G77="D",1,0))))))+'02_의사결정·종합결과'!$E$56*(IF(H77="S",5,IF(H77="A",4,IF(H77="B",3,IF(H77="C",2,IF(H77="D",1,0))))))+'02_의사결정·종합결과'!$E$57*(IF(I77="S",5,IF(I77="A",4,IF(I77="B",3,IF(I77="C",2,IF(I77="D",1,0))))))+'02_의사결정·종합결과'!$E$58*(IF(J77="S",5,IF(J77="A",4,IF(J77="B",3,IF(J77="C",2,IF(J77="D",1,0))))))+'02_의사결정·종합결과'!$E$59*(IF(K77="S",5,IF(K77="A",4,IF(K77="B",3,IF(K77="C",2,IF(K77="D",1,0))))))+'02_의사결정·종합결과'!$E$60*(IF(L77="S",5,IF(L77="A",4,IF(L77="B",3,IF(L77="C",2,IF(L77="D",1,0))))))+'02_의사결정·종합결과'!$E$61*(IF(M77="S",5,IF(M77="A",4,IF(M77="B",3,IF(M77="C",2,IF(M77="D",1,0))))))+'02_의사결정·종합결과'!$E$62*(IF(N77="S",5,IF(N77="A",4,IF(N77="B",3,IF(N77="C",2,IF(N77="D",1,0))))))+'02_의사결정·종합결과'!$E$63*(IF(O77="S",5,IF(O77="A",4,IF(O77="B",3,IF(O77="C",2,IF(O77="D",1,0))))))) -> 0 | Q77: =IF(P77="","",IF(P77>=4.5,"S",IF(P77>=3.5,"A",IF(P77>=2.5,"B",IF(P77>=1.5,"C","D"))))) -> D

Sheet 06_직무역량평가
A1: 직무역량평가 — 직무 책무·과업 기반 전문역량
A2: 직무 프로파일의 책무·과업을 평가 항목으로 활용 (부서별 평가시트에서 책무별 등급 부여 → 여기 종합 표시)
A4: ■ 상반기 직무역량평가
A5: No. | B5: 사번 | C5: 성명 | D5: 직무 | E5: 역할등급 | F5: 직무 책무 수 | G5: 평가 책무 수 | H5: 1차 종합 | I5: 2차 종합 | J5: 확정등급 | K5: 점수 | L5: 소견
A6: ='01_인적정보'!A5 -> 1 | B6: ='01_인적정보'!B5 -> BSS-001 | C6: ='01_인적정보'!C5 -> 이화형 | D6: ='01_인적정보'!E5 -> 프로젝트영업 | E6: ='01_인적정보'!H5 -> G6 | F6: =COUNTIF('14_직무책무DB'!$B$5:$B$70,D6) -> 5 | H6: ='07_결과취합'!Y6 -> 0 | I6: ='07_결과취합'!Z6 -> 0 | J6: =IF(I6<>"",I6,H6) -> 0 | K6: =IF(J6="","",IF(J6="S",5,IF(J6="A",4,IF(J6="B",3,IF(J6="C",2,IF(J6="D",1,0)))))) -> 0
A7: ='01_인적정보'!A6 -> 2 | B7: ='01_인적정보'!B6 -> BSS-002 | C7: ='01_인적정보'!C6 -> 강전용 | D7: ='01_인적정보'!E6 -> 연구개발(R&D) | E7: ='01_인적정보'!H6 -> G6 | F7: =COUNTIF('14_직무책무DB'!$B$5:$B$70,D7) -> 10 | H7: ='07_결과취합'!Y7 -> 0 | I7: ='07_결과취합'!Z7 -> 0 | J7: =IF(I7<>"",I7,H7) -> 0 | K7: =IF(J7="","",IF(J7="S",5,IF(J7="A",4,IF(J7="B",3,IF(J7="C",2,IF(J7="D",1,0)))))) -> 0
A8: ='01_인적정보'!A7 -> 3 | B8: ='01_인적정보'!B7 -> BSS-003 | C8: ='01_인적정보'!C7 -> 김현민 | D8: ='01_인적정보'!E7 -> BIM컨설팅 | E8: ='01_인적정보'!H7 -> G6 | F8: =COUNTIF('14_직무책무DB'!$B$5:$B$70,D8) -> 14 | H8: ='07_결과취합'!Y8 -> 0 | I8: ='07_결과취합'!Z8 -> 0 | J8: =IF(I8<>"",I8,H8) -> 0 | K8: =IF(J8="","",IF(J8="S",5,IF(J8="A",4,IF(J8="B",3,IF(J8="C",2,IF(J8="D",1,0)))))) -> 0
A9: ='01_인적정보'!A8 -> 4 | B9: ='01_인적정보'!B8 -> BSS-004 | C9: ='01_인적정보'!C8 -> 이일곤 | D9: ='01_인적정보'!E8 -> 경영전략기획 | E9: ='01_인적정보'!H8 -> G6 | F9: =COUNTIF('14_직무책무DB'!$B$5:$B$70,D9) -> 19 | H9: ='07_결과취합'!Y9 -> 0 | I9: ='07_결과취합'!Z9 -> 0 | J9: =IF(I9<>"",I9,H9) -> 0 | K9: =IF(J9="","",IF(J9="S",5,IF(J9="A",4,IF(J9="B",3,IF(J9="C",2,IF(J9="D",1,0)))))) -> 0
A10: ='01_인적정보'!A9 -> 5 | B10: ='01_인적정보'!B9 -> BSS-005 | C10: ='01_인적정보'!C9 -> 송헌영 | D10: ='01_인적정보'!E9 -> 경영전략기획 | E10: ='01_인적정보'!H9 -> G6 | F10: =COUNTIF('14_직무책무DB'!$B$5:$B$70,D10) -> 19 | H10: ='07_결과취합'!Y10 -> 0 | I10: ='07_결과취합'!Z10 -> 0 | J10: =IF(I10<>"",I10,H10) -> 0 | K10: =IF(J10="","",IF(J10="S",5,IF(J10="A",4,IF(J10="B",3,IF(J10="C",2,IF(J10="D",1,0)))))) -> 0
A11: ='01_인적정보'!A10 -> 6 | B11: ='01_인적정보'!B10 -> BSS-006 | C11: ='01_인적정보'!C10 -> 이재용 | D11: ='01_인적정보'!E10 -> 경영전략기획 | E11: ='01_인적정보'!H10 -> G6 | F11: =COUNTIF('14_직무책무DB'!$B$5:$B$70,D11) -> 19 | H11: ='07_결과취합'!Y11 -> 0 | I11: ='07_결과취합'!Z11 -> 0 | J11: =IF(I11<>"",I11,H11) -> 0 | K11: =IF(J11="","",IF(J11="S",5,IF(J11="A",4,IF(J11="B",3,IF(J11="C",2,IF(J11="D",1,0)))))) -> 0
A12: ='01_인적정보'!A11 -> 7 | B12: ='01_인적정보'!B11 -> BSS-007 | C12: ='01_인적정보'!C11 -> 이진행 | D12: ='01_인적정보'!E11 -> 교육·기술지원 | E12: ='01_인적정보'!H11 -> G5 | F12: =COUNTIF('14_직무책무DB'!$B$5:$B$70,D12) -> 0 | H12: ='07_결과취합'!Y12 -> 0 | I12: ='07_결과취합'!Z12 -> 0 | J12: =IF(I12<>"",I12,H12) -> 0 | K12: =IF(J12="","",IF(J12="S",5,IF(J12="A",4,IF(J12="B",3,IF(J12="C",2,IF(J12="D",1,0)))))) -> 0
A13: ='01_인적정보'!A12 -> 8 | B13: ='01_인적정보'!B12 -> BSS-008 | C13: ='01_인적정보'!C12 -> 김민수 | D13: ='01_인적정보'!E12 -> 교육·기술지원 | E13: ='01_인적정보'!H12 -> G5 | F13: =COUNTIF('14_직무책무DB'!$B$5:$B$70,D13) -> 0 | H13: ='07_결과취합'!Y13 -> 0 | I13: ='07_결과취합'!Z13 -> 0 | J13: =IF(I13<>"",I13,H13) -> 0 | K13: =IF(J13="","",IF(J13="S",5,IF(J13="A",4,IF(J13="B",3,IF(J13="C",2,IF(J13="D",1,0)))))) -> 0
A14: ='01_인적정보'!A13 -> 9 | B14: ='01_인적정보'!B13 -> BSS-009 | C14: ='01_인적정보'!C13 -> 박남식 | D14: ='01_인적정보'!E13 -> BIM컨설팅 | E14: ='01_인적정보'!H13 -> G5 | F14: =COUNTIF('14_직무책무DB'!$B$5:$B$70,D14) -> 14 | H14: ='07_결과취합'!Y14 -> 0 | I14: ='07_결과취합'!Z14 -> 0 | J14: =IF(I14<>"",I14,H14) -> 0 | K14: =IF(J14="","",IF(J14="S",5,IF(J14="A",4,IF(J14="B",3,IF(J14="C",2,IF(J14="D",1,0)))))) -> 0
A15: ='01_인적정보'!A14 -> 10 | B15: ='01_인적정보'!B14 -> BSS-010 | C15: ='01_인적정보'!C14 -> 신재민 | D15: ='01_인적정보'!E14 -> BIM컨설팅 | E15: ='01_인적정보'!H14 -> G5 | F15: =COUNTIF('14_직무책무DB'!$B$5:$B$70,D15) -> 14 | H15: ='07_결과취합'!Y15 -> 0 | I15: ='07_결과취합'!Z15 -> 0 | J15: =IF(I15<>"",I15,H15) -> 0 | K15: =IF(J15="","",IF(J15="S",5,IF(J15="A",4,IF(J15="B",3,IF(J15="C",2,IF(J15="D",1,0)))))) -> 0
A16: ='01_인적정보'!A15 -> 11 | B16: ='01_인적정보'!B15 -> BSS-011 | C16: ='01_인적정보'!C15 -> 마장엽 | D16: ='01_인적정보'!E15 -> BIM컨설팅 | E16: ='01_인적정보'!H15 -> G5 | F16: =COUNTIF('14_직무책무DB'!$B$5:$B$70,D16) -> 14 | H16: ='07_결과취합'!Y16 -> 0 | I16: ='07_결과취합'!Z16 -> 0 | J16: =IF(I16<>"",I16,H16) -> 0 | K16: =IF(J16="","",IF(J16="S",5,IF(J16="A",4,IF(J16="B",3,IF(J16="C",2,IF(J16="D",1,0)))))) -> 0
A17: ='01_인적정보'!A16 -> 12 | B17: ='01_인적정보'!B16 -> BSS-012 | C17: ='01_인적정보'!C16 -> 하은주 | D17: ='01_인적정보'!E16 -> 경영전략기획 | E17: ='01_인적정보'!H16 -> G5 | F17: =COUNTIF('14_직무책무DB'!$B$5:$B$70,D17) -> 19 | H17: ='07_결과취합'!Y17 -> 0 | I17: ='07_결과취합'!Z17 -> 0 | J17: =IF(I17<>"",I17,H17) -> 0 | K17: =IF(J17="","",IF(J17="S",5,IF(J17="A",4,IF(J17="B",3,IF(J17="C",2,IF(J17="D",1,0)))))) -> 0
... A39: ='01_인적정보'!A38 -> 34 | B39: ='01_인적정보'!B38 -> BSS-034 | C39: ='01_인적정보'!C38 -> 엄보근 | D39: ='01_인적정보'!E38 -> BIM컨설팅 | E39: ='01_인적정보'!H38 -> G1 | F39: =COUNTIF('14_직무책무DB'!$B$5:$B$70,D39) -> 14 | H39: ='07_결과취합'!Y39 -> 0 | I39: ='07_결과취합'!Z39 -> 0 | J39: =IF(I39<>"",I39,H39) -> 0 | K39: =IF(J39="","",IF(J39="S",5,IF(J39="A",4,IF(J39="B",3,IF(J39="C",2,IF(J39="D",1,0)))))) -> 0
A42: ■ 하반기 직무역량평가
A43: No. | B43: 사번 | C43: 성명 | D43: 직무 | E43: 역할등급 | F43: 직무 책무 수 | G43: 평가 책무 수 | H43: 1차 종합 | I43: 2차 종합 | J43: 확정등급 | K43: 점수 | L43: 소견
A44: ='01_인적정보'!A5 -> 1 | B44: ='01_인적정보'!B5 -> BSS-001 | C44: ='01_인적정보'!C5 -> 이화형 | D44: ='01_인적정보'!E5 -> 프로젝트영업 | E44: ='01_인적정보'!H5 -> G6 | F44: =COUNTIF('14_직무책무DB'!$B$5:$B$70,D44) -> 5 | H44: ='07_결과취합'!Y44 -> 0 | I44: ='07_결과취합'!Z44 -> 0 | J44: =IF(I44<>"",I44,H44) -> 0 | K44: =IF(J44="","",IF(J44="S",5,IF(J44="A",4,IF(J44="B",3,IF(J44="C",2,IF(J44="D",1,0)))))) -> 0
A45: ='01_인적정보'!A6 -> 2 | B45: ='01_인적정보'!B6 -> BSS-002 | C45: ='01_인적정보'!C6 -> 강전용 | D45: ='01_인적정보'!E6 -> 연구개발(R&D) | E45: ='01_인적정보'!H6 -> G6 | F45: =COUNTIF('14_직무책무DB'!$B$5:$B$70,D45) -> 10 | H45: ='07_결과취합'!Y45 -> 0 | I45: ='07_결과취합'!Z45 -> 0 | J45: =IF(I45<>"",I45,H45) -> 0 | K45: =IF(J45="","",IF(J45="S",5,IF(J45="A",4,IF(J45="B",3,IF(J45="C",2,IF(J45="D",1,0)))))) -> 0
A46: ='01_인적정보'!A7 -> 3 | B46: ='01_인적정보'!B7 -> BSS-003 | C46: ='01_인적정보'!C7 -> 김현민 | D46: ='01_인적정보'!E7 -> BIM컨설팅 | E46: ='01_인적정보'!H7 -> G6 | F46: =COUNTIF('14_직무책무DB'!$B$5:$B$70,D46) -> 14 | H46: ='07_결과취합'!Y46 -> 0 | I46: ='07_결과취합'!Z46 -> 0 | J46: =IF(I46<>"",I46,H46) -> 0 | K46: =IF(J46="","",IF(J46="S",5,IF(J46="A",4,IF(J46="B",3,IF(J46="C",2,IF(J46="D",1,0)))))) -> 0
A47: ='01_인적정보'!A8 -> 4 | B47: ='01_인적정보'!B8 -> BSS-004 | C47: ='01_인적정보'!C8 -> 이일곤 | D47: ='01_인적정보'!E8 -> 경영전략기획 | E47: ='01_인적정보'!H8 -> G6 | F47: =COUNTIF('14_직무책무DB'!$B$5:$B$70,D47) -> 19 | H47: ='07_결과취합'!Y47 -> 0 | I47: ='07_결과취합'!Z47 -> 0 | J47: =IF(I47<>"",I47,H47) -> 0 | K47: =IF(J47="","",IF(J47="S",5,IF(J47="A",4,IF(J47="B",3,IF(J47="C",2,IF(J47="D",1,0)))))) -> 0
A48: ='01_인적정보'!A9 -> 5 | B48: ='01_인적정보'!B9 -> BSS-005 | C48: ='01_인적정보'!C9 -> 송헌영 | D48: ='01_인적정보'!E9 -> 경영전략기획 | E48: ='01_인적정보'!H9 -> G6 | F48: =COUNTIF('14_직무책무DB'!$B$5:$B$70,D48) -> 19 | H48: ='07_결과취합'!Y48 -> 0 | I48: ='07_결과취합'!Z48 -> 0 | J48: =IF(I48<>"",I48,H48) -> 0 | K48: =IF(J48="","",IF(J48="S",5,IF(J48="A",4,IF(J48="B",3,IF(J48="C",2,IF(J48="D",1,0)))))) -> 0
A49: ='01_인적정보'!A10 -> 6 | B49: ='01_인적정보'!B10 -> BSS-006 | C49: ='01_인적정보'!C10 -> 이재용 | D49: ='01_인적정보'!E10 -> 경영전략기획 | E49: ='01_인적정보'!H10 -> G6 | F49: =COUNTIF('14_직무책무DB'!$B$5:$B$70,D49) -> 19 | H49: ='07_결과취합'!Y49 -> 0 | I49: ='07_결과취합'!Z49 -> 0 | J49: =IF(I49<>"",I49,H49) -> 0 | K49: =IF(J49="","",IF(J49="S",5,IF(J49="A",4,IF(J49="B",3,IF(J49="C",2,IF(J49="D",1,0)))))) -> 0
A50: ='01_인적정보'!A11 -> 7 | B50: ='01_인적정보'!B11 -> BSS-007 | C50: ='01_인적정보'!C11 -> 이진행 | D50: ='01_인적정보'!E11 -> 교육·기술지원 | E50: ='01_인적정보'!H11 -> G5 | F50: =COUNTIF('14_직무책무DB'!$B$5:$B$70,D50) -> 0 | H50: ='07_결과취합'!Y50 -> 0 | I50: ='07_결과취합'!Z50 -> 0 | J50: =IF(I50<>"",I50,H50) -> 0 | K50: =IF(J50="","",IF(J50="S",5,IF(J50="A",4,IF(J50="B",3,IF(J50="C",2,IF(J50="D",1,0)))))) -> 0
A51: ='01_인적정보'!A12 -> 8 | B51: ='01_인적정보'!B12 -> BSS-008 | C51: ='01_인적정보'!C12 -> 김민수 | D51: ='01_인적정보'!E12 -> 교육·기술지원 | E51: ='01_인적정보'!H12 -> G5 | F51: =COUNTIF('14_직무책무DB'!$B$5:$B$70,D51) -> 0 | H51: ='07_결과취합'!Y51 -> 0 | I51: ='07_결과취합'!Z51 -> 0 | J51: =IF(I51<>"",I51,H51) -> 0 | K51: =IF(J51="","",IF(J51="S",5,IF(J51="A",4,IF(J51="B",3,IF(J51="C",2,IF(J51="D",1,0)))))) -> 0
A52: ='01_인적정보'!A13 -> 9 | B52: ='01_인적정보'!B13 -> BSS-009 | C52: ='01_인적정보'!C13 -> 박남식 | D52: ='01_인적정보'!E13 -> BIM컨설팅 | E52: ='01_인적정보'!H13 -> G5 | F52: =COUNTIF('14_직무책무DB'!$B$5:$B$70,D52) -> 14 | H52: ='07_결과취합'!Y52 -> 0 | I52: ='07_결과취합'!Z52 -> 0 | J52: =IF(I52<>"",I52,H52) -> 0 | K52: =IF(J52="","",IF(J52="S",5,IF(J52="A",4,IF(J52="B",3,IF(J52="C",2,IF(J52="D",1,0)))))) -> 0
A53: ='01_인적정보'!A14 -> 10 | B53: ='01_인적정보'!B14 -> BSS-010 | C53: ='01_인적정보'!C14 -> 신재민 | D53: ='01_인적정보'!E14 -> BIM컨설팅 | E53: ='01_인적정보'!H14 -> G5 | F53: =COUNTIF('14_직무책무DB'!$B$5:$B$70,D53) -> 14 | H53: ='07_결과취합'!Y53 -> 0 | I53: ='07_결과취합'!Z53 -> 0 | J53: =IF(I53<>"",I53,H53) -> 0 | K53: =IF(J53="","",IF(J53="S",5,IF(J53="A",4,IF(J53="B",3,IF(J53="C",2,IF(J53="D",1,0)))))) -> 0
A54: ='01_인적정보'!A15 -> 11 | B54: ='01_인적정보'!B15 -> BSS-011 | C54: ='01_인적정보'!C15 -> 마장엽 | D54: ='01_인적정보'!E15 -> BIM컨설팅 | E54: ='01_인적정보'!H15 -> G5 | F54: =COUNTIF('14_직무책무DB'!$B$5:$B$70,D54) -> 14 | H54: ='07_결과취합'!Y54 -> 0 | I54: ='07_결과취합'!Z54 -> 0 | J54: =IF(I54<>"",I54,H54) -> 0 | K54: =IF(J54="","",IF(J54="S",5,IF(J54="A",4,IF(J54="B",3,IF(J54="C",2,IF(J54="D",1,0)))))) -> 0
A55: ='01_인적정보'!A16 -> 12 | B55: ='01_인적정보'!B16 -> BSS-012 | C55: ='01_인적정보'!C16 -> 하은주 | D55: ='01_인적정보'!E16 -> 경영전략기획 | E55: ='01_인적정보'!H16 -> G5 | F55: =COUNTIF('14_직무책무DB'!$B$5:$B$70,D55) -> 19 | H55: ='07_결과취합'!Y55 -> 0 | I55: ='07_결과취합'!Z55 -> 0 | J55: =IF(I55<>"",I55,H55) -> 0 | K55: =IF(J55="","",IF(J55="S",5,IF(J55="A",4,IF(J55="B",3,IF(J55="C",2,IF(J55="D",1,0)))))) -> 0
... A77: ='01_인적정보'!A38 -> 34 | B77: ='01_인적정보'!B38 -> BSS-034 | C77: ='01_인적정보'!C38 -> 엄보근 | D77: ='01_인적정보'!E38 -> BIM컨설팅 | E77: ='01_인적정보'!H38 -> G1 | F77: =COUNTIF('14_직무책무DB'!$B$5:$B$70,D77) -> 14 | H77: ='07_결과취합'!Y77 -> 0 | I77: ='07_결과취합'!Z77 -> 0 | J77: =IF(I77<>"",I77,H77) -> 0 | K77: =IF(J77="","",IF(J77="S",5,IF(J77="A",4,IF(J77="B",3,IF(J77="C",2,IF(J77="D",1,0)))))) -> 0

Sheet 07_결과취합
A1: 결과 취합 시트 (부서별 평가지 → 통합 입력)
A2: HR 담당자가 부서별 평가시트의 등급을 회수해 노란셀에 입력. 04~06 시트가 자동 참조합니다.
A4: ■ 상반기 평가 결과 취합 (역할평가 + 공통역량 + 직무역량)
A5: No. | B5: 사번 | C5: 성명 | D5: 직군 | E5: 직무 | F5: 역할등급 | G5: 역할-책임 | H5: 역할-의사결정 | I5: 역할-성과 | J5: 역할-코칭 | K5: 역할-산출물 | L5: 역할 1차 | M5: 역할 2차 | N5: 직무 전문성 | O5: 분석력 | P5: 기획/실행력 | Q5: 자원·시간 관리 | R5: 협업 능력 | S5: 소통 능력 | T5: 윤리/책임감 | U5: 업무 태도 | V5: 혁신 역량 | W5: 프로세스 개선 | X5: 지속가능 기여 | Y5: 직무 1차 | Z5: 직무 2차 | AA5: 종합 소견
A6: ='01_인적정보'!A5 -> 1 | B6: ='01_인적정보'!B5 -> BSS-001 | C6: ='01_인적정보'!C5 -> 이화형 | D6: ='01_인적정보'!D5 -> 영업 | E6: ='01_인적정보'!E5 -> 프로젝트영업 | F6: ='01_인적정보'!H5 -> G6
A7: ='01_인적정보'!A6 -> 2 | B7: ='01_인적정보'!B6 -> BSS-002 | C7: ='01_인적정보'!C6 -> 강전용 | D7: ='01_인적정보'!D6 -> 연구&개발 | E7: ='01_인적정보'!E6 -> 연구개발(R&D) | F7: ='01_인적정보'!H6 -> G6
A8: ='01_인적정보'!A7 -> 3 | B8: ='01_인적정보'!B7 -> BSS-003 | C8: ='01_인적정보'!C7 -> 김현민 | D8: ='01_인적정보'!D7 -> 설계 | E8: ='01_인적정보'!E7 -> BIM컨설팅 | F8: ='01_인적정보'!H7 -> G6
A9: ='01_인적정보'!A8 -> 4 | B9: ='01_인적정보'!B8 -> BSS-004 | C9: ='01_인적정보'!C8 -> 이일곤 | D9: ='01_인적정보'!D8 -> 경영관리 | E9: ='01_인적정보'!E8 -> 경영전략기획 | F9: ='01_인적정보'!H8 -> G6
A10: ='01_인적정보'!A9 -> 5 | B10: ='01_인적정보'!B9 -> BSS-005 | C10: ='01_인적정보'!C9 -> 송헌영 | D10: ='01_인적정보'!D9 -> 경영관리 | E10: ='01_인적정보'!E9 -> 경영전략기획 | F10: ='01_인적정보'!H9 -> G6
A11: ='01_인적정보'!A10 -> 6 | B11: ='01_인적정보'!B10 -> BSS-006 | C11: ='01_인적정보'!C10 -> 이재용 | D11: ='01_인적정보'!D10 -> 경영관리 | E11: ='01_인적정보'!E10 -> 경영전략기획 | F11: ='01_인적정보'!H10 -> G6
A12: ='01_인적정보'!A11 -> 7 | B12: ='01_인적정보'!B11 -> BSS-007 | C12: ='01_인적정보'!C11 -> 이진행 | D12: ='01_인적정보'!D11 -> 교육 및 기술지원 | E12: ='01_인적정보'!E11 -> 교육·기술지원 | F12: ='01_인적정보'!H11 -> G5
A13: ='01_인적정보'!A12 -> 8 | B13: ='01_인적정보'!B12 -> BSS-008 | C13: ='01_인적정보'!C12 -> 김민수 | D13: ='01_인적정보'!D12 -> 교육 및 기술지원 | E13: ='01_인적정보'!E12 -> 교육·기술지원 | F13: ='01_인적정보'!H12 -> G5
A14: ='01_인적정보'!A13 -> 9 | B14: ='01_인적정보'!B13 -> BSS-009 | C14: ='01_인적정보'!C13 -> 박남식 | D14: ='01_인적정보'!D13 -> 설계 | E14: ='01_인적정보'!E13 -> BIM컨설팅 | F14: ='01_인적정보'!H13 -> G5
A15: ='01_인적정보'!A14 -> 10 | B15: ='01_인적정보'!B14 -> BSS-010 | C15: ='01_인적정보'!C14 -> 신재민 | D15: ='01_인적정보'!D14 -> 설계 | E15: ='01_인적정보'!E14 -> BIM컨설팅 | F15: ='01_인적정보'!H14 -> G5
A16: ='01_인적정보'!A15 -> 11 | B16: ='01_인적정보'!B15 -> BSS-011 | C16: ='01_인적정보'!C15 -> 마장엽 | D16: ='01_인적정보'!D15 -> 설계 | E16: ='01_인적정보'!E15 -> BIM컨설팅 | F16: ='01_인적정보'!H15 -> G5
A17: ='01_인적정보'!A16 -> 12 | B17: ='01_인적정보'!B16 -> BSS-012 | C17: ='01_인적정보'!C16 -> 하은주 | D17: ='01_인적정보'!D16 -> 경영관리 | E17: ='01_인적정보'!E16 -> 경영전략기획 | F17: ='01_인적정보'!H16 -> G5
... A39: ='01_인적정보'!A38 -> 34 | B39: ='01_인적정보'!B38 -> BSS-034 | C39: ='01_인적정보'!C38 -> 엄보근 | D39: ='01_인적정보'!D38 -> 설계 | E39: ='01_인적정보'!E38 -> BIM컨설팅 | F39: ='01_인적정보'!H38 -> G1
A42: ■ 하반기 평가 결과 취합
A43: No. | B43: 사번 | C43: 성명 | D43: 직군 | E43: 직무 | F43: 역할등급 | G43: 역할-책임 | H43: 역할-의사결정 | I43: 역할-성과 | J43: 역할-코칭 | K43: 역할-산출물 | L43: 역할 1차 | M43: 역할 2차 | N43: 직무 전문성 | O43: 분석력 | P43: 기획/실행력 | Q43: 자원·시간 관리 | R43: 협업 능력 | S43: 소통 능력 | T43: 윤리/책임감 | U43: 업무 태도 | V43: 혁신 역량 | W43: 프로세스 개선 | X43: 지속가능 기여 | Y43: 직무 1차 | Z43: 직무 2차 | AA43: 종합 소견
A44: ='01_인적정보'!A5 -> 1 | B44: ='01_인적정보'!B5 -> BSS-001 | C44: ='01_인적정보'!C5 -> 이화형 | D44: ='01_인적정보'!D5 -> 영업 | E44: ='01_인적정보'!E5 -> 프로젝트영업 | F44: ='01_인적정보'!H5 -> G6
A45: ='01_인적정보'!A6 -> 2 | B45: ='01_인적정보'!B6 -> BSS-002 | C45: ='01_인적정보'!C6 -> 강전용 | D45: ='01_인적정보'!D6 -> 연구&개발 | E45: ='01_인적정보'!E6 -> 연구개발(R&D) | F45: ='01_인적정보'!H6 -> G6
A46: ='01_인적정보'!A7 -> 3 | B46: ='01_인적정보'!B7 -> BSS-003 | C46: ='01_인적정보'!C7 -> 김현민 | D46: ='01_인적정보'!D7 -> 설계 | E46: ='01_인적정보'!E7 -> BIM컨설팅 | F46: ='01_인적정보'!H7 -> G6
A47: ='01_인적정보'!A8 -> 4 | B47: ='01_인적정보'!B8 -> BSS-004 | C47: ='01_인적정보'!C8 -> 이일곤 | D47: ='01_인적정보'!D8 -> 경영관리 | E47: ='01_인적정보'!E8 -> 경영전략기획 | F47: ='01_인적정보'!H8 -> G6
A48: ='01_인적정보'!A9 -> 5 | B48: ='01_인적정보'!B9 -> BSS-005 | C48: ='01_인적정보'!C9 -> 송헌영 | D48: ='01_인적정보'!D9 -> 경영관리 | E48: ='01_인적정보'!E9 -> 경영전략기획 | F48: ='01_인적정보'!H9 -> G6
A49: ='01_인적정보'!A10 -> 6 | B49: ='01_인적정보'!B10 -> BSS-006 | C49: ='01_인적정보'!C10 -> 이재용 | D49: ='01_인적정보'!D10 -> 경영관리 | E49: ='01_인적정보'!E10 -> 경영전략기획 | F49: ='01_인적정보'!H10 -> G6
A50: ='01_인적정보'!A11 -> 7 | B50: ='01_인적정보'!B11 -> BSS-007 | C50: ='01_인적정보'!C11 -> 이진행 | D50: ='01_인적정보'!D11 -> 교육 및 기술지원 | E50: ='01_인적정보'!E11 -> 교육·기술지원 | F50: ='01_인적정보'!H11 -> G5
A51: ='01_인적정보'!A12 -> 8 | B51: ='01_인적정보'!B12 -> BSS-008 | C51: ='01_인적정보'!C12 -> 김민수 | D51: ='01_인적정보'!D12 -> 교육 및 기술지원 | E51: ='01_인적정보'!E12 -> 교육·기술지원 | F51: ='01_인적정보'!H12 -> G5
A52: ='01_인적정보'!A13 -> 9 | B52: ='01_인적정보'!B13 -> BSS-009 | C52: ='01_인적정보'!C13 -> 박남식 | D52: ='01_인적정보'!D13 -> 설계 | E52: ='01_인적정보'!E13 -> BIM컨설팅 | F52: ='01_인적정보'!H13 -> G5
A53: ='01_인적정보'!A14 -> 10 | B53: ='01_인적정보'!B14 -> BSS-010 | C53: ='01_인적정보'!C14 -> 신재민 | D53: ='01_인적정보'!D14 -> 설계 | E53: ='01_인적정보'!E14 -> BIM컨설팅 | F53: ='01_인적정보'!H14 -> G5
A54: ='01_인적정보'!A15 -> 11 | B54: ='01_인적정보'!B15 -> BSS-011 | C54: ='01_인적정보'!C15 -> 마장엽 | D54: ='01_인적정보'!D15 -> 설계 | E54: ='01_인적정보'!E15 -> BIM컨설팅 | F54: ='01_인적정보'!H15 -> G5
A55: ='01_인적정보'!A16 -> 12 | B55: ='01_인적정보'!B16 -> BSS-012 | C55: ='01_인적정보'!C16 -> 하은주 | D55: ='01_인적정보'!D16 -> 경영관리 | E55: ='01_인적정보'!E16 -> 경영전략기획 | F55: ='01_인적정보'!H16 -> G5
... A77: ='01_인적정보'!A38 -> 34 | B77: ='01_인적정보'!B38 -> BSS-034 | C77: ='01_인적정보'!C38 -> 엄보근 | D77: ='01_인적정보'!D38 -> 설계 | E77: ='01_인적정보'!E38 -> BIM컨설팅 | F77: ='01_인적정보'!H38 -> G1

Sheet 07.5_결과입력_매핑가이드
A1: 부서별 평가지 → 07_결과취합 시트 입력 매핑 가이드
A2: 각 부서에서 회수한 평가지의 등급을 07_결과취합 시트의 어느 컬럼에 입력해야 하는지 정확히 안내
A4: ▶ 평가지 회수 → 마스터 입력 흐름
A5: ① 평가자(부서장)로부터 각 부서 평가지 파일을 회수 (이메일·공유폴더)
A6: ② 평가지 각 시트의 [3축 종합 평가 결과] 영역에서 평가 대상자별 사번·등급 확인
A7: ③ 본 매핑 가이드대로 [07_결과취합] 시트의 사번 행을 찾아 등급(S/A/B/C/D)을 입력
A8: ④ 04~06 평가 시트가 자동으로 07_결과취합을 참조 → 08_종합평가에서 최종 등급 산출
A9: ⑤ 09_보상연계, 10_성과급관리, 11_페이밴드검증, 12_시뮬레이션 자동 갱신
A11: ▶ 평가지의 각 영역 → 07_결과취합 컬럼 매핑
A12: 평가지 영역 | C12: 07_결과취합 컬럼 (상반기 6~39행, 하반기 44~77행)
A13: ① 역할평가 | C13: 5개 항목 각각 | I13: G~K 컬럼 (역할-책임·의사결정·성과·코칭·산출물) | L13: 평가지 R-1~R-5 등급을 순서대로
A14: ① 역할평가 | C14: 종합 등급 | I14: L (역할 1차) / M (역할 2차) | L14: 상반기=L, 하반기=L이지만 H1/H2 영역 구분
A15: ② 공통역량평가 | C15: 11개 등급 | I15: N~X 컬럼 (직무전문성·분석력·...·지속가능기여) | L15: 평가지 C-1~C-11 등급을 순서대로
A16: ③ 직무역량평가 | C16: 종합 등급 | I16: Y (직무 1차) / Z (직무 2차) | L16: 평가지의 직무역량 종합 등급
A17: 종합 소견 | C17: 텍스트 | I17: AA (종합 소견) | L17: 강점/개선/육성 방향 통합 요약
A20: ▶ 사번별 입력 행 위치 (07_결과취합 시트)
A21: No. | B21: 사번 | C21: 성명 | D21: 부서 | E21: 직무 | F21: 역할등급 | G21: 상반기 입력 행 | H21: 하반기 입력 행 | I21: 사용 양식 파일
A22: 1 | B22: BSS-001 | C22: 이화형 | D22: 스마트사업부 | E22: 프로젝트영업 | F22: G6 | G22: 6행 | H22: 44행 | I22: 01_스마트사업부/평가지_스마트사업부_2026.xlsx
A23: 2 | B23: BSS-002 | C23: 강전용 | D23: R&D 본부 | E23: 연구개발(R&D) | F23: G6 | G23: 7행 | H23: 45행 | I23: 02_R&D본부/평가지_R&D본부_2026.xlsx
A24: 3 | B24: BSS-003 | C24: 김현민 | D24: 컨설팅본부 | E24: BIM컨설팅 | F24: G6 | G24: 8행 | H24: 46행 | I24: 03_컨설팅본부/평가지_컨설팅본부_2026.xlsx
A25: 4 | B25: BSS-004 | C25: 이일곤 | D25: 경영전략실 | E25: 경영전략기획 | F25: G6 | G25: 9행 | H25: 47행 | I25: 04_경영전략실/평가지_경영전략실_2026.xlsx
A26: 5 | B26: BSS-005 | C26: 송헌영 | D26: 경영전략실 | E26: 경영전략기획 | F26: G6 | G26: 10행 | H26: 48행 | I26: 04_경영전략실/평가지_경영전략실_2026.xlsx
A27: 6 | B27: BSS-006 | C27: 이재용 | D27: 경영전략실 | E27: 경영전략기획 | F27: G6 | G27: 11행 | H27: 49행 | I27: 04_경영전략실/평가지_경영전략실_2026.xlsx
A28: 7 | B28: BSS-007 | C28: 이진행 | D28: 솔루션본부 | E28: 교육·기술지원 | F28: G5 | G28: 12행 | H28: 50행 | I28: 05_솔루션본부/평가지_솔루션본부_2026.xlsx
A29: 8 | B29: BSS-008 | C29: 김민수 | D29: 솔루션본부 | E29: 교육·기술지원 | F29: G5 | G29: 13행 | H29: 51행 | I29: 05_솔루션본부/평가지_솔루션본부_2026.xlsx
A30: 9 | B30: BSS-009 | C30: 박남식 | D30: 컨설팅본부 | E30: BIM컨설팅 | F30: G5 | G30: 14행 | H30: 52행 | I30: 03_컨설팅본부/평가지_컨설팅본부_2026.xlsx
A31: 10 | B31: BSS-010 | C31: 신재민 | D31: 컨설팅본부 | E31: BIM컨설팅 | F31: G5 | G31: 15행 | H31: 53행 | I31: 03_컨설팅본부/평가지_컨설팅본부_2026.xlsx
A32: 11 | B32: BSS-011 | C32: 마장엽 | D32: 컨설팅본부 | E32: BIM컨설팅 | F32: G5 | G32: 16행 | H32: 54행 | I32: 03_컨설팅본부/평가지_컨설팅본부_2026.xlsx
A33: 12 | B33: BSS-012 | C33: 하은주 | D33: 마케팅팀 | E33: 경영전략기획 | F33: G5 | G33: 17행 | H33: 55행 | I33: 06_마케팅팀/평가지_마케팅팀_2026.xlsx
... A55: 34 | B55: BSS-034 | C55: 엄보근 | D55: 컨설팅본부 | E55: BIM컨설팅 | F55: G1 | G55: 39행 | H55: 77행 | I55: 03_컨설팅본부/평가지_컨설팅본부_2026.xlsx

Sheet 08_종합평가
A1: 종합 성과평가 — 3축 통합 (역할 + 공통역량 + 직무역량) + 최종 등급
A2: 직급별 가변 가중치 적용 → 종합점수 → 절대평가 / 상대평가(강제분포) → 최종 등급 자동 산출
A4: ■ 종합평가 — 모든 평가의 결과가 자동 통합됩니다
A5: No. | B5: 사번 | C5: 성명 | D5: 직군 | E5: 직무 | F5: 역할등급 | G5: 역할 (상) | H5: 역할 (하) | I5: 역할 점수 | J5: 공통 (상) | K5: 공통 (하) | L5: 공통 점수 | M5: 직무 (상) | N5: 직무 (하) | O5: 직무 점수 | P5: 가중 (역할) | Q5: 가중 (공통) | R5: 가중 (직무) | S5: 종합점수 | T5: 절대등급 | U5: 최종등급
A6: ='01_인적정보'!A5 -> 1 | B6: ='01_인적정보'!B5 -> BSS-001 | C6: ='01_인적정보'!C5 -> 이화형 | D6: ='01_인적정보'!D5 -> 영업 | E6: ='01_인적정보'!E5 -> 프로젝트영업 | F6: ='01_인적정보'!H5 -> G6 | G6: ='04_역할평가'!O13 -> 0 | H6: ='04_역할평가'!O51 -> 0 | I6: =IF(OR(G6="",H6=""),"",(IF(G6="S",5,IF(G6="A",4,IF(G6="B",3,IF(G6="C",2,IF(G6="D",1,0))))))*'02_의사결정·종합결과'!$B$7+(IF(H6="S",5,IF(H6="A",4,IF(H6="B",3,IF(H6="C",2,IF(H6="D",1,0))))))*'02_의사결정·종합결과'!$B$8) -> 0 | J6: ='05_공통역량평가'!Q6 -> D | K6: ='05_공통역량평가'!Q44 -> D | L6: =IF(OR(J6="",K6=""),"",(IF(J6="S",5,IF(J6="A",4,IF(J6="B",3,IF(J6="C",2,IF(J6="D",1,0))))))*'02_의사결정·종합결과'!$B$7+(IF(K6="S",5,IF(K6="A",4,IF(K6="B",3,IF(K6="C",2,IF(K6="D",1,0))))))*'02_의사결정·종합결과'!$B$8) -> 1 | M6: ='06_직무역량평가'!J6 -> 0 | N6: ='06_직무역량평가'!J44 -> 0 | O6: =IF(OR(M6="",N6=""),"",(IF(M6="S",5,IF(M6="A",4,IF(M6="B",3,IF(M6="C",2,IF(M6="D",1,0))))))*'02_의사결정·종합결과'!$B$7+(IF(N6="S",5,IF(N6="A",4,IF(N6="B",3,IF(N6="C",2,IF(N6="D",1,0))))))*'02_의사결정·종합결과'!$B$8) -> 0 | P6: =IFERROR(VLOOKUP(IF(LEFT(F6,2)="G5","G5",F6),'02_의사결정·종합결과'!$A$15:$D$20,2,FALSE),0) -> 0.4 | Q6: =IFERROR(VLOOKUP(IF(LEFT(F6,2)="G5","G5",F6),'02_의사결정·종합결과'!$A$15:$D$20,3,FALSE),0) -> 0.25 | R6: =IFERROR(VLOOKUP(IF(LEFT(F6,2)="G5","G5",F6),'02_의사결정·종합결과'!$A$15:$D$20,4,FALSE),0) -> 0.35 | S6: =IF(OR(I6="",L6="",O6=""),"",I6*P6+L6*Q6+O6*R6) -> 0.25 | T6: =IF(S6="","",IF(S6>=4.5,"S",IF(S6>=3.5,"A",IF(S6>=2.5,"B",IF(S6>=1.5,"C","D"))))) -> D | U6: =IF('02_의사결정·종합결과'!$B$6="절대평가",T6,IFERROR(IF(S6="","",IF(_xludf.PERCENTRANK.INC($S$6:$S$39,S6)>=1-'02_의사결정·종합결과'!$B$11,"S",IF(_xludf.PERCENTRANK.INC($S$6:$S$39,S6)>=1-'02_의사결정·종합결과'!$B$11-'02_의사결정·종합결과'!$C$11,"A",IF(_xludf.PERCENTRANK.INC($S$6:$S$39,S6)>='02_의사결정·종합결과'!$E$11+'02_의사결정·종합결과'!$F$11,"B",IF(_xludf.PERCENTRANK.INC($S$6:$S$39,S6)>='02_의사결정·종합결과'!$F$11,"C","D"))))),"")) -> D
A7: ='01_인적정보'!A6 -> 2 | B7: ='01_인적정보'!B6 -> BSS-002 | C7: ='01_인적정보'!C6 -> 강전용 | D7: ='01_인적정보'!D6 -> 연구&개발 | E7: ='01_인적정보'!E6 -> 연구개발(R&D) | F7: ='01_인적정보'!H6 -> G6 | G7: ='04_역할평가'!O14 -> 0 | H7: ='04_역할평가'!O52 -> 0 | I7: =IF(OR(G7="",H7=""),"",(IF(G7="S",5,IF(G7="A",4,IF(G7="B",3,IF(G7="C",2,IF(G7="D",1,0))))))*'02_의사결정·종합결과'!$B$7+(IF(H7="S",5,IF(H7="A",4,IF(H7="B",3,IF(H7="C",2,IF(H7="D",1,0))))))*'02_의사결정·종합결과'!$B$8) -> 0 | J7: ='05_공통역량평가'!Q7 -> D | K7: ='05_공통역량평가'!Q45 -> D | L7: =IF(OR(J7="",K7=""),"",(IF(J7="S",5,IF(J7="A",4,IF(J7="B",3,IF(J7="C",2,IF(J7="D",1,0))))))*'02_의사결정·종합결과'!$B$7+(IF(K7="S",5,IF(K7="A",4,IF(K7="B",3,IF(K7="C",2,IF(K7="D",1,0))))))*'02_의사결정·종합결과'!$B$8) -> 1 | M7: ='06_직무역량평가'!J7 -> 0 | N7: ='06_직무역량평가'!J45 -> 0 | O7: =IF(OR(M7="",N7=""),"",(IF(M7="S",5,IF(M7="A",4,IF(M7="B",3,IF(M7="C",2,IF(M7="D",1,0))))))*'02_의사결정·종합결과'!$B$7+(IF(N7="S",5,IF(N7="A",4,IF(N7="B",3,IF(N7="C",2,IF(N7="D",1,0))))))*'02_의사결정·종합결과'!$B$8) -> 0 | P7: =IFERROR(VLOOKUP(IF(LEFT(F7,2)="G5","G5",F7),'02_의사결정·종합결과'!$A$15:$D$20,2,FALSE),0) -> 0.4 | Q7: =IFERROR(VLOOKUP(IF(LEFT(F7,2)="G5","G5",F7),'02_의사결정·종합결과'!$A$15:$D$20,3,FALSE),0) -> 0.25 | R7: =IFERROR(VLOOKUP(IF(LEFT(F7,2)="G5","G5",F7),'02_의사결정·종합결과'!$A$15:$D$20,4,FALSE),0) -> 0.35 | S7: =IF(OR(I7="",L7="",O7=""),"",I7*P7+L7*Q7+O7*R7) -> 0.25 | T7: =IF(S7="","",IF(S7>=4.5,"S",IF(S7>=3.5,"A",IF(S7>=2.5,"B",IF(S7>=1.5,"C","D"))))) -> D | U7: =IF('02_의사결정·종합결과'!$B$6="절대평가",T7,IFERROR(IF(S7="","",IF(_xludf.PERCENTRANK.INC($S$6:$S$39,S7)>=1-'02_의사결정·종합결과'!$B$11,"S",IF(_xludf.PERCENTRANK.INC($S$6:$S$39,S7)>=1-'02_의사결정·종합결과'!$B$11-'02_의사결정·종합결과'!$C$11,"A",IF(_xludf.PERCENTRANK.INC($S$6:$S$39,S7)>='02_의사결정·종합결과'!$E$11+'02_의사결정·종합결과'!$F$11,"B",IF(_xludf.PERCENTRANK.INC($S$6:$S$39,S7)>='02_의사결정·종합결과'!$F$11,"C","D"))))),"")) -> D
A8: ='01_인적정보'!A7 -> 3 | B8: ='01_인적정보'!B7 -> BSS-003 | C8: ='01_인적정보'!C7 -> 김현민 | D8: ='01_인적정보'!D7 -> 설계 | E8: ='01_인적정보'!E7 -> BIM컨설팅 | F8: ='01_인적정보'!H7 -> G6 | G8: ='04_역할평가'!O15 -> 0 | H8: ='04_역할평가'!O53 -> 0 | I8: =IF(OR(G8="",H8=""),"",(IF(G8="S",5,IF(G8="A",4,IF(G8="B",3,IF(G8="C",2,IF(G8="D",1,0))))))*'02_의사결정·종합결과'!$B$7+(IF(H8="S",5,IF(H8="A",4,IF(H8="B",3,IF(H8="C",2,IF(H8="D",1,0))))))*'02_의사결정·종합결과'!$B$8) -> 0 | J8: ='05_공통역량평가'!Q8 -> D | K8: ='05_공통역량평가'!Q46 -> D | L8: =IF(OR(J8="",K8=""),"",(IF(J8="S",5,IF(J8="A",4,IF(J8="B",3,IF(J8="C",2,IF(J8="D",1,0))))))*'02_의사결정·종합결과'!$B$7+(IF(K8="S",5,IF(K8="A",4,IF(K8="B",3,IF(K8="C",2,IF(K8="D",1,0))))))*'02_의사결정·종합결과'!$B$8) -> 1 | M8: ='06_직무역량평가'!J8 -> 0 | N8: ='06_직무역량평가'!J46 -> 0 | O8: =IF(OR(M8="",N8=""),"",(IF(M8="S",5,IF(M8="A",4,IF(M8="B",3,IF(M8="C",2,IF(M8="D",1,0))))))*'02_의사결정·종합결과'!$B$7+(IF(N8="S",5,IF(N8="A",4,IF(N8="B",3,IF(N8="C",2,IF(N8="D",1,0))))))*'02_의사결정·종합결과'!$B$8) -> 0 | P8: =IFERROR(VLOOKUP(IF(LEFT(F8,2)="G5","G5",F8),'02_의사결정·종합결과'!$A$15:$D$20,2,FALSE),0) -> 0.4 | Q8: =IFERROR(VLOOKUP(IF(LEFT(F8,2)="G5","G5",F8),'02_의사결정·종합결과'!$A$15:$D$20,3,FALSE),0) -> 0.25 | R8: =IFERROR(VLOOKUP(IF(LEFT(F8,2)="G5","G5",F8),'02_의사결정·종합결과'!$A$15:$D$20,4,FALSE),0) -> 0.35 | S8: =IF(OR(I8="",L8="",O8=""),"",I8*P8+L8*Q8+O8*R8) -> 0.25 | T8: =IF(S8="","",IF(S8>=4.5,"S",IF(S8>=3.5,"A",IF(S8>=2.5,"B",IF(S8>=1.5,"C","D"))))) -> D | U8: =IF('02_의사결정·종합결과'!$B$6="절대평가",T8,IFERROR(IF(S8="","",IF(_xludf.PERCENTRANK.INC($S$6:$S$39,S8)>=1-'02_의사결정·종합결과'!$B$11,"S",IF(_xludf.PERCENTRANK.INC($S$6:$S$39,S8)>=1-'02_의사결정·종합결과'!$B$11-'02_의사결정·종합결과'!$C$11,"A",IF(_xludf.PERCENTRANK.INC($S$6:$S$39,S8)>='02_의사결정·종합결과'!$E$11+'02_의사결정·종합결과'!$F$11,"B",IF(_xludf.PERCENTRANK.INC($S$6:$S$39,S8)>='02_의사결정·종합결과'!$F$11,"C","D"))))),"")) -> D
A9: ='01_인적정보'!A8 -> 4 | B9: ='01_인적정보'!B8 -> BSS-004 | C9: ='01_인적정보'!C8 -> 이일곤 | D9: ='01_인적정보'!D8 -> 경영관리 | E9: ='01_인적정보'!E8 -> 경영전략기획 | F9: ='01_인적정보'!H8 -> G6 | G9: ='04_역할평가'!O16 -> 0 | H9: ='04_역할평가'!O54 -> 0 | I9: =IF(OR(G9="",H9=""),"",(IF(G9="S",5,IF(G9="A",4,IF(G9="B",3,IF(G9="C",2,IF(G9="D",1,0))))))*'02_의사결정·종합결과'!$B$7+(IF(H9="S",5,IF(H9="A",4,IF(H9="B",3,IF(H9="C",2,IF(H9="D",1,0))))))*'02_의사결정·종합결과'!$B$8) -> 0 | J9: ='05_공통역량평가'!Q9 -> D | K9: ='05_공통역량평가'!Q47 -> D | L9: =IF(OR(J9="",K9=""),"",(IF(J9="S",5,IF(J9="A",4,IF(J9="B",3,IF(J9="C",2,IF(J9="D",1,0))))))*'02_의사결정·종합결과'!$B$7+(IF(K9="S",5,IF(K9="A",4,IF(K9="B",3,IF(K9="C",2,IF(K9="D",1,0))))))*'02_의사결정·종합결과'!$B$8) -> 1 | M9: ='06_직무역량평가'!J9 -> 0 | N9: ='06_직무역량평가'!J47 -> 0 | O9: =IF(OR(M9="",N9=""),"",(IF(M9="S",5,IF(M9="A",4,IF(M9="B",3,IF(M9="C",2,IF(M9="D",1,0))))))*'02_의사결정·종합결과'!$B$7+(IF(N9="S",5,IF(N9="A",4,IF(N9="B",3,IF(N9="C",2,IF(N9="D",1,0))))))*'02_의사결정·종합결과'!$B$8) -> 0 | P9: =IFERROR(VLOOKUP(IF(LEFT(F9,2)="G5","G5",F9),'02_의사결정·종합결과'!$A$15:$D$20,2,FALSE),0) -> 0.4 | Q9: =IFERROR(VLOOKUP(IF(LEFT(F9,2)="G5","G5",F9),'02_의사결정·종합결과'!$A$15:$D$20,3,FALSE),0) -> 0.25 | R9: =IFERROR(VLOOKUP(IF(LEFT(F9,2)="G5","G5",F9),'02_의사결정·종합결과'!$A$15:$D$20,4,FALSE),0) -> 0.35 | S9: =IF(OR(I9="",L9="",O9=""),"",I9*P9+L9*Q9+O9*R9) -> 0.25 | T9: =IF(S9="","",IF(S9>=4.5,"S",IF(S9>=3.5,"A",IF(S9>=2.5,"B",IF(S9>=1.5,"C","D"))))) -> D | U9: =IF('02_의사결정·종합결과'!$B$6="절대평가",T9,IFERROR(IF(S9="","",IF(_xludf.PERCENTRANK.INC($S$6:$S$39,S9)>=1-'02_의사결정·종합결과'!$B$11,"S",IF(_xludf.PERCENTRANK.INC($S$6:$S$39,S9)>=1-'02_의사결정·종합결과'!$B$11-'02_의사결정·종합결과'!$C$11,"A",IF(_xludf.PERCENTRANK.INC($S$6:$S$39,S9)>='02_의사결정·종합결과'!$E$11+'02_의사결정·종합결과'!$F$11,"B",IF(_xludf.PERCENTRANK.INC($S$6:$S$39,S9)>='02_의사결정·종합결과'!$F$11,"C","D"))))),"")) -> D
A10: ='01_인적정보'!A9 -> 5 | B10: ='01_인적정보'!B9 -> BSS-005 | C10: ='01_인적정보'!C9 -> 송헌영 | D10: ='01_인적정보'!D9 -> 경영관리 | E10: ='01_인적정보'!E9 -> 경영전략기획 | F10: ='01_인적정보'!H9 -> G6 | G10: ='04_역할평가'!O17 -> 0 | H10: ='04_역할평가'!O55 -> 0 | I10: =IF(OR(G10="",H10=""),"",(IF(G10="S",5,IF(G10="A",4,IF(G10="B",3,IF(G10="C",2,IF(G10="D",1,0))))))*'02_의사결정·종합결과'!$B$7+(IF(H10="S",5,IF(H10="A",4,IF(H10="B",3,IF(H10="C",2,IF(H10="D",1,0))))))*'02_의사결정·종합결과'!$B$8) -> 0 | J10: ='05_공통역량평가'!Q10 -> D | K10: ='05_공통역량평가'!Q48 -> D | L10: =IF(OR(J10="",K10=""),"",(IF(J10="S",5,IF(J10="A",4,IF(J10="B",3,IF(J10="C",2,IF(J10="D",1,0))))))*'02_의사결정·종합결과'!$B$7+(IF(K10="S",5,IF(K10="A",4,IF(K10="B",3,IF(K10="C",2,IF(K10="D",1,0))))))*'02_의사결정·종합결과'!$B$8) -> 1 | M10: ='06_직무역량평가'!J10 -> 0 | N10: ='06_직무역량평가'!J48 -> 0 | O10: =IF(OR(M10="",N10=""),"",(IF(M10="S",5,IF(M10="A",4,IF(M10="B",3,IF(M10="C",2,IF(M10="D",1,0))))))*'02_의사결정·종합결과'!$B$7+(IF(N10="S",5,IF(N10="A",4,IF(N10="B",3,IF(N10="C",2,IF(N10="D",1,0))))))*'02_의사결정·종합결과'!$B$8) -> 0 | P10: =IFERROR(VLOOKUP(IF(LEFT(F10,2)="G5","G5",F10),'02_의사결정·종합결과'!$A$15:$D$20,2,FALSE),0) -> 0.4 | Q10: =IFERROR(VLOOKUP(IF(LEFT(F10,2)="G5","G5",F10),'02_의사결정·종합결과'!$A$15:$D$20,3,FALSE),0) -> 0.25 | R10: =IFERROR(VLOOKUP(IF(LEFT(F10,2)="G5","G5",F10),'02_의사결정·종합결과'!$A$15:$D$20,4,FALSE),0) -> 0.35 | S10: =IF(OR(I10="",L10="",O10=""),"",I10*P10+L10*Q10+O10*R10) -> 0.25 | T10: =IF(S10="","",IF(S10>=4.5,"S",IF(S10>=3.5,"A",IF(S10>=2.5,"B",IF(S10>=1.5,"C","D"))))) -> D | U10: =IF('02_의사결정·종합결과'!$B$6="절대평가",T10,IFERROR(IF(S10="","",IF(_xludf.PERCENTRANK.INC($S$6:$S$39,S10)>=1-'02_의사결정·종합결과'!$B$11,"S",IF(_xludf.PERCENTRANK.INC($S$6:$S$39,S10)>=1-'02_의사결정·종합결과'!$B$11-'02_의사결정·종합결과'!$C$11,"A",IF(_xludf.PERCENTRANK.INC($S$6:$S$39,S10)>='02_의사결정·종합결과'!$E$11+'02_의사결정·종합결과'!$F$11,"B",IF(_xludf.PERCENTRANK.INC($S$6:$S$39,S10)>='02_의사결정·종합결과'!$F$11,"C","D"))))),"")) -> D
A11: ='01_인적정보'!A10 -> 6 | B11: ='01_인적정보'!B10 -> BSS-006 | C11: ='01_인적정보'!C10 -> 이재용 | D11: ='01_인적정보'!D10 -> 경영관리 | E11: ='01_인적정보'!E10 -> 경영전략기획 | F11: ='01_인적정보'!H10 -> G6 | G11: ='04_역할평가'!O18 -> 0 | H11: ='04_역할평가'!O56 -> 0 | I11: =IF(OR(G11="",H11=""),"",(IF(G11="S",5,IF(G11="A",4,IF(G11="B",3,IF(G11="C",2,IF(G11="D",1,0))))))*'02_의사결정·종합결과'!$B$7+(IF(H11="S",5,IF(H11="A",4,IF(H11="B",3,IF(H11="C",2,IF(H11="D",1,0))))))*'02_의사결정·종합결과'!$B$8) -> 0 | J11: ='05_공통역량평가'!Q11 -> D | K11: ='05_공통역량평가'!Q49 -> D | L11: =IF(OR(J11="",K11=""),"",(IF(J11="S",5,IF(J11="A",4,IF(J11="B",3,IF(J11="C",2,IF(J11="D",1,0))))))*'02_의사결정·종합결과'!$B$7+(IF(K11="S",5,IF(K11="A",4,IF(K11="B",3,IF(K11="C",2,IF(K11="D",1,0))))))*'02_의사결정·종합결과'!$B$8) -> 1 | M11: ='06_직무역량평가'!J11 -> 0 | N11: ='06_직무역량평가'!J49 -> 0 | O11: =IF(OR(M11="",N11=""),"",(IF(M11="S",5,IF(M11="A",4,IF(M11="B",3,IF(M11="C",2,IF(M11="D",1,0))))))*'02_의사결정·종합결과'!$B$7+(IF(N11="S",5,IF(N11="A",4,IF(N11="B",3,IF(N11="C",2,IF(N11="D",1,0))))))*'02_의사결정·종합결과'!$B$8) -> 0 | P11: =IFERROR(VLOOKUP(IF(LEFT(F11,2)="G5","G5",F11),'02_의사결정·종합결과'!$A$15:$D$20,2,FALSE),0) -> 0.4 | Q11: =IFERROR(VLOOKUP(IF(LEFT(F11,2)="G5","G5",F11),'02_의사결정·종합결과'!$A$15:$D$20,3,FALSE),0) -> 0.25 | R11: =IFERROR(VLOOKUP(IF(LEFT(F11,2)="G5","G5",F11),'02_의사결정·종합결과'!$A$15:$D$20,4,FALSE),0) -> 0.35 | S11: =IF(OR(I11="",L11="",O11=""),"",I11*P11+L11*Q11+O11*R11) -> 0.25 | T11: =IF(S11="","",IF(S11>=4.5,"S",IF(S11>=3.5,"A",IF(S11>=2.5,"B",IF(S11>=1.5,"C","D"))))) -> D | U11: =IF('02_의사결정·종합결과'!$B$6="절대평가",T11,IFERROR(IF(S11="","",IF(_xludf.PERCENTRANK.INC($S$6:$S$39,S11)>=1-'02_의사결정·종합결과'!$B$11,"S",IF(_xludf.PERCENTRANK.INC($S$6:$S$39,S11)>=1-'02_의사결정·종합결과'!$B$11-'02_의사결정·종합결과'!$C$11,"A",IF(_xludf.PERCENTRANK.INC($S$6:$S$39,S11)>='02_의사결정·종합결과'!$E$11+'02_의사결정·종합결과'!$F$11,"B",IF(_xludf.PERCENTRANK.INC($S$6:$S$39,S11)>='02_의사결정·종합결과'!$F$11,"C","D"))))),"")) -> D
A12: ='01_인적정보'!A11 -> 7 | B12: ='01_인적정보'!B11 -> BSS-007 | C12: ='01_인적정보'!C11 -> 이진행 | D12: ='01_인적정보'!D11 -> 교육 및 기술지원 | E12: ='01_인적정보'!E11 -> 교육·기술지원 | F12: ='01_인적정보'!H11 -> G5 | G12: ='04_역할평가'!O19 -> 0 | H12: ='04_역할평가'!O57 -> 0 | I12: =IF(OR(G12="",H12=""),"",(IF(G12="S",5,IF(G12="A",4,IF(G12="B",3,IF(G12="C",2,IF(G12="D",1,0))))))*'02_의사결정·종합결과'!$B$7+(IF(H12="S",5,IF(H12="A",4,IF(H12="B",3,IF(H12="C",2,IF(H12="D",1,0))))))*'02_의사결정·종합결과'!$B$8) -> 0 | J12: ='05_공통역량평가'!Q12 -> D | K12: ='05_공통역량평가'!Q50 -> D | L12: =IF(OR(J12="",K12=""),"",(IF(J12="S",5,IF(J12="A",4,IF(J12="B",3,IF(J12="C",2,IF(J12="D",1,0))))))*'02_의사결정·종합결과'!$B$7+(IF(K12="S",5,IF(K12="A",4,IF(K12="B",3,IF(K12="C",2,IF(K12="D",1,0))))))*'02_의사결정·종합결과'!$B$8) -> 1 | M12: ='06_직무역량평가'!J12 -> 0 | N12: ='06_직무역량평가'!J50 -> 0 | O12: =IF(OR(M12="",N12=""),"",(IF(M12="S",5,IF(M12="A",4,IF(M12="B",3,IF(M12="C",2,IF(M12="D",1,0))))))*'02_의사결정·종합결과'!$B$7+(IF(N12="S",5,IF(N12="A",4,IF(N12="B",3,IF(N12="C",2,IF(N12="D",1,0))))))*'02_의사결정·종합결과'!$B$8) -> 0 | P12: =IFERROR(VLOOKUP(IF(LEFT(F12,2)="G5","G5",F12),'02_의사결정·종합결과'!$A$15:$D$20,2,FALSE),0) -> 0.35 | Q12: =IFERROR(VLOOKUP(IF(LEFT(F12,2)="G5","G5",F12),'02_의사결정·종합결과'!$A$15:$D$20,3,FALSE),0) -> 0.3 | R12: =IFERROR(VLOOKUP(IF(LEFT(F12,2)="G5","G5",F12),'02_의사결정·종합결과'!$A$15:$D$20,4,FALSE),0) -> 0.35 | S12: =IF(OR(I12="",L12="",O12=""),"",I12*P12+L12*Q12+O12*R12) -> 0.3 | T12: =IF(S12="","",IF(S12>=4.5,"S",IF(S12>=3.5,"A",IF(S12>=2.5,"B",IF(S12>=1.5,"C","D"))))) -> D | U12: =IF('02_의사결정·종합결과'!$B$6="절대평가",T12,IFERROR(IF(S12="","",IF(_xludf.PERCENTRANK.INC($S$6:$S$39,S12)>=1-'02_의사결정·종합결과'!$B$11,"S",IF(_xludf.PERCENTRANK.INC($S$6:$S$39,S12)>=1-'02_의사결정·종합결과'!$B$11-'02_의사결정·종합결과'!$C$11,"A",IF(_xludf.PERCENTRANK.INC($S$6:$S$39,S12)>='02_의사결정·종합결과'!$E$11+'02_의사결정·종합결과'!$F$11,"B",IF(_xludf.PERCENTRANK.INC($S$6:$S$39,S12)>='02_의사결정·종합결과'!$F$11,"C","D"))))),"")) -> D
A13: ='01_인적정보'!A12 -> 8 | B13: ='01_인적정보'!B12 -> BSS-008 | C13: ='01_인적정보'!C12 -> 김민수 | D13: ='01_인적정보'!D12 -> 교육 및 기술지원 | E13: ='01_인적정보'!E12 -> 교육·기술지원 | F13: ='01_인적정보'!H12 -> G5 | G13: ='04_역할평가'!O20 -> 0 | H13: ='04_역할평가'!O58 -> 0 | I13: =IF(OR(G13="",H13=""),"",(IF(G13="S",5,IF(G13="A",4,IF(G13="B",3,IF(G13="C",2,IF(G13="D",1,0))))))*'02_의사결정·종합결과'!$B$7+(IF(H13="S",5,IF(H13="A",4,IF(H13="B",3,IF(H13="C",2,IF(H13="D",1,0))))))*'02_의사결정·종합결과'!$B$8) -> 0 | J13: ='05_공통역량평가'!Q13 -> D | K13: ='05_공통역량평가'!Q51 -> D | L13: =IF(OR(J13="",K13=""),"",(IF(J13="S",5,IF(J13="A",4,IF(J13="B",3,IF(J13="C",2,IF(J13="D",1,0))))))*'02_의사결정·종합결과'!$B$7+(IF(K13="S",5,IF(K13="A",4,IF(K13="B",3,IF(K13="C",2,IF(K13="D",1,0))))))*'02_의사결정·종합결과'!$B$8) -> 1 | M13: ='06_직무역량평가'!J13 -> 0 | N13: ='06_직무역량평가'!J51 -> 0 | O13: =IF(OR(M13="",N13=""),"",(IF(M13="S",5,IF(M13="A",4,IF(M13="B",3,IF(M13="C",2,IF(M13="D",1,0))))))*'02_의사결정·종합결과'!$B$7+(IF(N13="S",5,IF(N13="A",4,IF(N13="B",3,IF(N13="C",2,IF(N13="D",1,0))))))*'02_의사결정·종합결과'!$B$8) -> 0 | P13: =IFERROR(VLOOKUP(IF(LEFT(F13,2)="G5","G5",F13),'02_의사결정·종합결과'!$A$15:$D$20,2,FALSE),0) -> 0.35 | Q13: =IFERROR(VLOOKUP(IF(LEFT(F13,2)="G5","G5",F13),'02_의사결정·종합결과'!$A$15:$D$20,3,FALSE),0) -> 0.3 | R13: =IFERROR(VLOOKUP(IF(LEFT(F13,2)="G5","G5",F13),'02_의사결정·종합결과'!$A$15:$D$20,4,FALSE),0) -> 0.35 | S13: =IF(OR(I13="",L13="",O13=""),"",I13*P13+L13*Q13+O13*R13) -> 0.3 | T13: =IF(S13="","",IF(S13>=4.5,"S",IF(S13>=3.5,"A",IF(S13>=2.5,"B",IF(S13>=1.5,"C","D"))))) -> D | U13: =IF('02_의사결정·종합결과'!$B$6="절대평가",T13,IFERROR(IF(S13="","",IF(_xludf.PERCENTRANK.INC($S$6:$S$39,S13)>=1-'02_의사결정·종합결과'!$B$11,"S",IF(_xludf.PERCENTRANK.INC($S$6:$S$39,S13)>=1-'02_의사결정·종합결과'!$B$11-'02_의사결정·종합결과'!$C$11,"A",IF(_xludf.PERCENTRANK.INC($S$6:$S$39,S13)>='02_의사결정·종합결과'!$E$11+'02_의사결정·종합결과'!$F$11,"B",IF(_xludf.PERCENTRANK.INC($S$6:$S$39,S13)>='02_의사결정·종합결과'!$F$11,"C","D"))))),"")) -> D
A14: ='01_인적정보'!A13 -> 9 | B14: ='01_인적정보'!B13 -> BSS-009 | C14: ='01_인적정보'!C13 -> 박남식 | D14: ='01_인적정보'!D13 -> 설계 | E14: ='01_인적정보'!E13 -> BIM컨설팅 | F14: ='01_인적정보'!H13 -> G5 | G14: ='04_역할평가'!O21 -> 0 | H14: ='04_역할평가'!O59 -> 0 | I14: =IF(OR(G14="",H14=""),"",(IF(G14="S",5,IF(G14="A",4,IF(G14="B",3,IF(G14="C",2,IF(G14="D",1,0))))))*'02_의사결정·종합결과'!$B$7+(IF(H14="S",5,IF(H14="A",4,IF(H14="B",3,IF(H14="C",2,IF(H14="D",1,0))))))*'02_의사결정·종합결과'!$B$8) -> 0 | J14: ='05_공통역량평가'!Q14 -> D | K14: ='05_공통역량평가'!Q52 -> D | L14: =IF(OR(J14="",K14=""),"",(IF(J14="S",5,IF(J14="A",4,IF(J14="B",3,IF(J14="C",2,IF(J14="D",1,0))))))*'02_의사결정·종합결과'!$B$7+(IF(K14="S",5,IF(K14="A",4,IF(K14="B",3,IF(K14="C",2,IF(K14="D",1,0))))))*'02_의사결정·종합결과'!$B$8) -> 1 | M14: ='06_직무역량평가'!J14 -> 0 | N14: ='06_직무역량평가'!J52 -> 0 | O14: =IF(OR(M14="",N14=""),"",(IF(M14="S",5,IF(M14="A",4,IF(M14="B",3,IF(M14="C",2,IF(M14="D",1,0))))))*'02_의사결정·종합결과'!$B$7+(IF(N14="S",5,IF(N14="A",4,IF(N14="B",3,IF(N14="C",2,IF(N14="D",1,0))))))*'02_의사결정·종합결과'!$B$8) -> 0 | P14: =IFERROR(VLOOKUP(IF(LEFT(F14,2)="G5","G5",F14),'02_의사결정·종합결과'!$A$15:$D$20,2,FALSE),0) -> 0.35 | Q14: =IFERROR(VLOOKUP(IF(LEFT(F14,2)="G5","G5",F14),'02_의사결정·종합결과'!$A$15:$D$20,3,FALSE),0) -> 0.3 | R14: =IFERROR(VLOOKUP(IF(LEFT(F14,2)="G5","G5",F14),'02_의사결정·종합결과'!$A$15:$D$20,4,FALSE),0) -> 0.35 | S14: =IF(OR(I14="",L14="",O14=""),"",I14*P14+L14*Q14+O14*R14) -> 0.3 | T14: =IF(S14="","",IF(S14>=4.5,"S",IF(S14>=3.5,"A",IF(S14>=2.5,"B",IF(S14>=1.5,"C","D"))))) -> D | U14: =IF('02_의사결정·종합결과'!$B$6="절대평가",T14,IFERROR(IF(S14="","",IF(_xludf.PERCENTRANK.INC($S$6:$S$39,S14)>=1-'02_의사결정·종합결과'!$B$11,"S",IF(_xludf.PERCENTRANK.INC($S$6:$S$39,S14)>=1-'02_의사결정·종합결과'!$B$11-'02_의사결정·종합결과'!$C$11,"A",IF(_xludf.PERCENTRANK.INC($S$6:$S$39,S14)>='02_의사결정·종합결과'!$E$11+'02_의사결정·종합결과'!$F$11,"B",IF(_xludf.PERCENTRANK.INC($S$6:$S$39,S14)>='02_의사결정·종합결과'!$F$11,"C","D"))))),"")) -> D
A15: ='01_인적정보'!A14 -> 10 | B15: ='01_인적정보'!B14 -> BSS-010 | C15: ='01_인적정보'!C14 -> 신재민 | D15: ='01_인적정보'!D14 -> 설계 | E15: ='01_인적정보'!E14 -> BIM컨설팅 | F15: ='01_인적정보'!H14 -> G5 | G15: ='04_역할평가'!O22 -> 0 | H15: ='04_역할평가'!O60 -> 0 | I15: =IF(OR(G15="",H15=""),"",(IF(G15="S",5,IF(G15="A",4,IF(G15="B",3,IF(G15="C",2,IF(G15="D",1,0))))))*'02_의사결정·종합결과'!$B$7+(IF(H15="S",5,IF(H15="A",4,IF(H15="B",3,IF(H15="C",2,IF(H15="D",1,0))))))*'02_의사결정·종합결과'!$B$8) -> 0 | J15: ='05_공통역량평가'!Q15 -> D | K15: ='05_공통역량평가'!Q53 -> D | L15: =IF(OR(J15="",K15=""),"",(IF(J15="S",5,IF(J15="A",4,IF(J15="B",3,IF(J15="C",2,IF(J15="D",1,0))))))*'02_의사결정·종합결과'!$B$7+(IF(K15="S",5,IF(K15="A",4,IF(K15="B",3,IF(K15="C",2,IF(K15="D",1,0))))))*'02_의사결정·종합결과'!$B$8) -> 1 | M15: ='06_직무역량평가'!J15 -> 0 | N15: ='06_직무역량평가'!J53 -> 0 | O15: =IF(OR(M15="",N15=""),"",(IF(M15="S",5,IF(M15="A",4,IF(M15="B",3,IF(M15="C",2,IF(M15="D",1,0))))))*'02_의사결정·종합결과'!$B$7+(IF(N15="S",5,IF(N15="A",4,IF(N15="B",3,IF(N15="C",2,IF(N15="D",1,0))))))*'02_의사결정·종합결과'!$B$8) -> 0 | P15: =IFERROR(VLOOKUP(IF(LEFT(F15,2)="G5","G5",F15),'02_의사결정·종합결과'!$A$15:$D$20,2,FALSE),0) -> 0.35 | Q15: =IFERROR(VLOOKUP(IF(LEFT(F15,2)="G5","G5",F15),'02_의사결정·종합결과'!$A$15:$D$20,3,FALSE),0) -> 0.3 | R15: =IFERROR(VLOOKUP(IF(LEFT(F15,2)="G5","G5",F15),'02_의사결정·종합결과'!$A$15:$D$20,4,FALSE),0) -> 0.35 | S15: =IF(OR(I15="",L15="",O15=""),"",I15*P15+L15*Q15+O15*R15) -> 0.3 | T15: =IF(S15="","",IF(S15>=4.5,"S",IF(S15>=3.5,"A",IF(S15>=2.5,"B",IF(S15>=1.5,"C","D"))))) -> D | U15: =IF('02_의사결정·종합결과'!$B$6="절대평가",T15,IFERROR(IF(S15="","",IF(_xludf.PERCENTRANK.INC($S$6:$S$39,S15)>=1-'02_의사결정·종합결과'!$B$11,"S",IF(_xludf.PERCENTRANK.INC($S$6:$S$39,S15)>=1-'02_의사결정·종합결과'!$B$11-'02_의사결정·종합결과'!$C$11,"A",IF(_xludf.PERCENTRANK.INC($S$6:$S$39,S15)>='02_의사결정·종합결과'!$E$11+'02_의사결정·종합결과'!$F$11,"B",IF(_xludf.PERCENTRANK.INC($S$6:$S$39,S15)>='02_의사결정·종합결과'!$F$11,"C","D"))))),"")) -> D
A16: ='01_인적정보'!A15 -> 11 | B16: ='01_인적정보'!B15 -> BSS-011 | C16: ='01_인적정보'!C15 -> 마장엽 | D16: ='01_인적정보'!D15 -> 설계 | E16: ='01_인적정보'!E15 -> BIM컨설팅 | F16: ='01_인적정보'!H15 -> G5 | G16: ='04_역할평가'!O23 -> 0 | H16: ='04_역할평가'!O61 -> 0 | I16: =IF(OR(G16="",H16=""),"",(IF(G16="S",5,IF(G16="A",4,IF(G16="B",3,IF(G16="C",2,IF(G16="D",1,0))))))*'02_의사결정·종합결과'!$B$7+(IF(H16="S",5,IF(H16="A",4,IF(H16="B",3,IF(H16="C",2,IF(H16="D",1,0))))))*'02_의사결정·종합결과'!$B$8) -> 0 | J16: ='05_공통역량평가'!Q16 -> D | K16: ='05_공통역량평가'!Q54 -> D | L16: =IF(OR(J16="",K16=""),"",(IF(J16="S",5,IF(J16="A",4,IF(J16="B",3,IF(J16="C",2,IF(J16="D",1,0))))))*'02_의사결정·종합결과'!$B$7+(IF(K16="S",5,IF(K16="A",4,IF(K16="B",3,IF(K16="C",2,IF(K16="D",1,0))))))*'02_의사결정·종합결과'!$B$8) -> 1 | M16: ='06_직무역량평가'!J16 -> 0 | N16: ='06_직무역량평가'!J54 -> 0 | O16: =IF(OR(M16="",N16=""),"",(IF(M16="S",5,IF(M16="A",4,IF(M16="B",3,IF(M16="C",2,IF(M16="D",1,0))))))*'02_의사결정·종합결과'!$B$7+(IF(N16="S",5,IF(N16="A",4,IF(N16="B",3,IF(N16="C",2,IF(N16="D",1,0))))))*'02_의사결정·종합결과'!$B$8) -> 0 | P16: =IFERROR(VLOOKUP(IF(LEFT(F16,2)="G5","G5",F16),'02_의사결정·종합결과'!$A$15:$D$20,2,FALSE),0) -> 0.35 | Q16: =IFERROR(VLOOKUP(IF(LEFT(F16,2)="G5","G5",F16),'02_의사결정·종합결과'!$A$15:$D$20,3,FALSE),0) -> 0.3 | R16: =IFERROR(VLOOKUP(IF(LEFT(F16,2)="G5","G5",F16),'02_의사결정·종합결과'!$A$15:$D$20,4,FALSE),0) -> 0.35 | S16: =IF(OR(I16="",L16="",O16=""),"",I16*P16+L16*Q16+O16*R16) -> 0.3 | T16: =IF(S16="","",IF(S16>=4.5,"S",IF(S16>=3.5,"A",IF(S16>=2.5,"B",IF(S16>=1.5,"C","D"))))) -> D | U16: =IF('02_의사결정·종합결과'!$B$6="절대평가",T16,IFERROR(IF(S16="","",IF(_xludf.PERCENTRANK.INC($S$6:$S$39,S16)>=1-'02_의사결정·종합결과'!$B$11,"S",IF(_xludf.PERCENTRANK.INC($S$6:$S$39,S16)>=1-'02_의사결정·종합결과'!$B$11-'02_의사결정·종합결과'!$C$11,"A",IF(_xludf.PERCENTRANK.INC($S$6:$S$39,S16)>='02_의사결정·종합결과'!$E$11+'02_의사결정·종합결과'!$F$11,"B",IF(_xludf.PERCENTRANK.INC($S$6:$S$39,S16)>='02_의사결정·종합결과'!$F$11,"C","D"))))),"")) -> D
A17: ='01_인적정보'!A16 -> 12 | B17: ='01_인적정보'!B16 -> BSS-012 | C17: ='01_인적정보'!C16 -> 하은주 | D17: ='01_인적정보'!D16 -> 경영관리 | E17: ='01_인적정보'!E16 -> 경영전략기획 | F17: ='01_인적정보'!H16 -> G5 | G17: ='04_역할평가'!O24 -> 0 | H17: ='04_역할평가'!O62 -> 0 | I17: =IF(OR(G17="",H17=""),"",(IF(G17="S",5,IF(G17="A",4,IF(G17="B",3,IF(G17="C",2,IF(G17="D",1,0))))))*'02_의사결정·종합결과'!$B$7+(IF(H17="S",5,IF(H17="A",4,IF(H17="B",3,IF(H17="C",2,IF(H17="D",1,0))))))*'02_의사결정·종합결과'!$B$8) -> 0 | J17: ='05_공통역량평가'!Q17 -> D | K17: ='05_공통역량평가'!Q55 -> D | L17: =IF(OR(J17="",K17=""),"",(IF(J17="S",5,IF(J17="A",4,IF(J17="B",3,IF(J17="C",2,IF(J17="D",1,0))))))*'02_의사결정·종합결과'!$B$7+(IF(K17="S",5,IF(K17="A",4,IF(K17="B",3,IF(K17="C",2,IF(K17="D",1,0))))))*'02_의사결정·종합결과'!$B$8) -> 1 | M17: ='06_직무역량평가'!J17 -> 0 | N17: ='06_직무역량평가'!J55 -> 0 | O17: =IF(OR(M17="",N17=""),"",(IF(M17="S",5,IF(M17="A",4,IF(M17="B",3,IF(M17="C",2,IF(M17="D",1,0))))))*'02_의사결정·종합결과'!$B$7+(IF(N17="S",5,IF(N17="A",4,IF(N17="B",3,IF(N17="C",2,IF(N17="D",1,0))))))*'02_의사결정·종합결과'!$B$8) -> 0 | P17: =IFERROR(VLOOKUP(IF(LEFT(F17,2)="G5","G5",F17),'02_의사결정·종합결과'!$A$15:$D$20,2,FALSE),0) -> 0.35 | Q17: =IFERROR(VLOOKUP(IF(LEFT(F17,2)="G5","G5",F17),'02_의사결정·종합결과'!$A$15:$D$20,3,FALSE),0) -> 0.3 | R17: =IFERROR(VLOOKUP(IF(LEFT(F17,2)="G5","G5",F17),'02_의사결정·종합결과'!$A$15:$D$20,4,FALSE),0) -> 0.35 | S17: =IF(OR(I17="",L17="",O17=""),"",I17*P17+L17*Q17+O17*R17) -> 0.3 | T17: =IF(S17="","",IF(S17>=4.5,"S",IF(S17>=3.5,"A",IF(S17>=2.5,"B",IF(S17>=1.5,"C","D"))))) -> D | U17: =IF('02_의사결정·종합결과'!$B$6="절대평가",T17,IFERROR(IF(S17="","",IF(_xludf.PERCENTRANK.INC($S$6:$S$39,S17)>=1-'02_의사결정·종합결과'!$B$11,"S",IF(_xludf.PERCENTRANK.INC($S$6:$S$39,S17)>=1-'02_의사결정·종합결과'!$B$11-'02_의사결정·종합결과'!$C$11,"A",IF(_xludf.PERCENTRANK.INC($S$6:$S$39,S17)>='02_의사결정·종합결과'!$E$11+'02_의사결정·종합결과'!$F$11,"B",IF(_xludf.PERCENTRANK.INC($S$6:$S$39,S17)>='02_의사결정·종합결과'!$F$11,"C","D"))))),"")) -> D
... A39: ='01_인적정보'!A38 -> 34 | B39: ='01_인적정보'!B38 -> BSS-034 | C39: ='01_인적정보'!C38 -> 엄보근 | D39: ='01_인적정보'!D38 -> 설계 | E39: ='01_인적정보'!E38 -> BIM컨설팅 | F39: ='01_인적정보'!H38 -> G1 | G39: ='04_역할평가'!O46 -> 0 | H39: ='04_역할평가'!O84 -> 0 | I39: =IF(OR(G39="",H39=""),"",(IF(G39="S",5,IF(G39="A",4,IF(G39="B",3,IF(G39="C",2,IF(G39="D",1,0))))))*'02_의사결정·종합결과'!$B$7+(IF(H39="S",5,IF(H39="A",4,IF(H39="B",3,IF(H39="C",2,IF(H39="D",1,0))))))*'02_의사결정·종합결과'!$B$8) -> 0 | J39: ='05_공통역량평가'!Q39 -> D | K39: ='05_공통역량평가'!Q77 -> D | L39: =IF(OR(J39="",K39=""),"",(IF(J39="S",5,IF(J39="A",4,IF(J39="B",3,IF(J39="C",2,IF(J39="D",1,0))))))*'02_의사결정·종합결과'!$B$7+(IF(K39="S",5,IF(K39="A",4,IF(K39="B",3,IF(K39="C",2,IF(K39="D",1,0))))))*'02_의사결정·종합결과'!$B$8) -> 1 | M39: ='06_직무역량평가'!J39 -> 0 | N39: ='06_직무역량평가'!J77 -> 0 | O39: =IF(OR(M39="",N39=""),"",(IF(M39="S",5,IF(M39="A",4,IF(M39="B",3,IF(M39="C",2,IF(M39="D",1,0))))))*'02_의사결정·종합결과'!$B$7+(IF(N39="S",5,IF(N39="A",4,IF(N39="B",3,IF(N39="C",2,IF(N39="D",1,0))))))*'02_의사결정·종합결과'!$B$8) -> 0 | P39: =IFERROR(VLOOKUP(IF(LEFT(F39,2)="G5","G5",F39),'02_의사결정·종합결과'!$A$15:$D$20,2,FALSE),0) -> 0.15 | Q39: =IFERROR(VLOOKUP(IF(LEFT(F39,2)="G5","G5",F39),'02_의사결정·종합결과'!$A$15:$D$20,3,FALSE),0) -> 0.35 | R39: =IFERROR(VLOOKUP(IF(LEFT(F39,2)="G5","G5",F39),'02_의사결정·종합결과'!$A$15:$D$20,4,FALSE),0) -> 0.5 | S39: =IF(OR(I39="",L39="",O39=""),"",I39*P39+L39*Q39+O39*R39) -> 0.35 | T39: =IF(S39="","",IF(S39>=4.5,"S",IF(S39>=3.5,"A",IF(S39>=2.5,"B",IF(S39>=1.5,"C","D"))))) -> D | U39: =IF('02_의사결정·종합결과'!$B$6="절대평가",T39,IFERROR(IF(S39="","",IF(_xludf.PERCENTRANK.INC($S$6:$S$39,S39)>=1-'02_의사결정·종합결과'!$B$11,"S",IF(_xludf.PERCENTRANK.INC($S$6:$S$39,S39)>=1-'02_의사결정·종합결과'!$B$11-'02_의사결정·종합결과'!$C$11,"A",IF(_xludf.PERCENTRANK.INC($S$6:$S$39,S39)>='02_의사결정·종합결과'!$E$11+'02_의사결정·종합결과'!$F$11,"B",IF(_xludf.PERCENTRANK.INC($S$6:$S$39,S39)>='02_의사결정·종합결과'!$F$11,"C","D"))))),"")) -> D

Sheet 09_보상연계
A1: 성과평가 → 보상 연계 (기본연봉 인상 시뮬레이션)
A2: 08_종합평가의 최종등급 → 인상률 → 차년도 기본연봉 자동 산출. 페이밴드 적합 자동 확인
A4: ■ 인상 시뮬레이션
A5: No. | B5: 사번 | C5: 성명 | D5: 직군 | E5: 부서 | F5: 현재 기본연봉 | G5: 최종등급 | H5: 평가인상률 | I5: 승진여부 | J5: 승진인상률 | K5: 총인상률 | L5: 페이밴드 Min | M5: 페이밴드 Max | N5: 신규 연봉(안) | O5: 연봉확정 | P5: 인상액
A6: ='01_인적정보'!A5 -> 1 | B6: ='01_인적정보'!B5 -> BSS-001 | C6: ='01_인적정보'!C5 -> 이화형 | D6: ='01_인적정보'!D5 -> 영업 | E6: ='01_인적정보'!F5 -> 스마트사업부 | F6: 72500000 | G6: ='08_종합평가'!U6 -> D | H6: =IF(G6="","",IF(G6="S",'02_의사결정·종합결과'!$B$24,IF(G6="A",'02_의사결정·종합결과'!$C$24,IF(G6="B",'02_의사결정·종합결과'!$D$24,IF(G6="C",'02_의사결정·종합결과'!$E$24,'02_의사결정·종합결과'!$F$24))))) -> 0.02 | J6: =IF(I6="Y",'02_의사결정·종합결과'!$B$26,0) -> 0 | K6: =IF(H6="","",H6+J6) -> 0.02 | L6: =IFERROR(VLOOKUP(IF(LEFT('01_인적정보'!H5,2)="G5","G5",'01_인적정보'!H5),'02_의사결정·종합결과'!$A$30:$D$35,2,FALSE),0) -> 58000000 | M6: =IFERROR(VLOOKUP(IF(LEFT('01_인적정보'!H5,2)="G5","G5",'01_인적정보'!H5),'02_의사결정·종합결과'!$A$30:$D$35,4,FALSE),0) -> 80000000 | N6: =IF(K6="","",ROUND(F6*(1+K6),-4)) -> 73950000 | O6: =N6 -> 73950000 | P6: =IF(O6="","",O6-F6) -> 1450000
A7: ='01_인적정보'!A6 -> 2 | B7: ='01_인적정보'!B6 -> BSS-002 | C7: ='01_인적정보'!C6 -> 강전용 | D7: ='01_인적정보'!D6 -> 연구&개발 | E7: ='01_인적정보'!F6 -> R&D 본부 | F7: 68870000 | G7: ='08_종합평가'!U7 -> D | H7: =IF(G7="","",IF(G7="S",'02_의사결정·종합결과'!$B$24,IF(G7="A",'02_의사결정·종합결과'!$C$24,IF(G7="B",'02_의사결정·종합결과'!$D$24,IF(G7="C",'02_의사결정·종합결과'!$E$24,'02_의사결정·종합결과'!$F$24))))) -> 0.02 | J7: =IF(I7="Y",'02_의사결정·종합결과'!$B$26,0) -> 0 | K7: =IF(H7="","",H7+J7) -> 0.02 | L7: =IFERROR(VLOOKUP(IF(LEFT('01_인적정보'!H6,2)="G5","G5",'01_인적정보'!H6),'02_의사결정·종합결과'!$A$30:$D$35,2,FALSE),0) -> 58000000 | M7: =IFERROR(VLOOKUP(IF(LEFT('01_인적정보'!H6,2)="G5","G5",'01_인적정보'!H6),'02_의사결정·종합결과'!$A$30:$D$35,4,FALSE),0) -> 80000000 | N7: =IF(K7="","",ROUND(F7*(1+K7),-4)) -> 70250000 | O7: =N7 -> 70250000 | P7: =IF(O7="","",O7-F7) -> 1380000
A8: ='01_인적정보'!A7 -> 3 | B8: ='01_인적정보'!B7 -> BSS-003 | C8: ='01_인적정보'!C7 -> 김현민 | D8: ='01_인적정보'!D7 -> 설계 | E8: ='01_인적정보'!F7 -> 컨설팅본부 | F8: 67500000 | G8: ='08_종합평가'!U8 -> D | H8: =IF(G8="","",IF(G8="S",'02_의사결정·종합결과'!$B$24,IF(G8="A",'02_의사결정·종합결과'!$C$24,IF(G8="B",'02_의사결정·종합결과'!$D$24,IF(G8="C",'02_의사결정·종합결과'!$E$24,'02_의사결정·종합결과'!$F$24))))) -> 0.02 | J8: =IF(I8="Y",'02_의사결정·종합결과'!$B$26,0) -> 0 | K8: =IF(H8="","",H8+J8) -> 0.02 | L8: =IFERROR(VLOOKUP(IF(LEFT('01_인적정보'!H7,2)="G5","G5",'01_인적정보'!H7),'02_의사결정·종합결과'!$A$30:$D$35,2,FALSE),0) -> 58000000 | M8: =IFERROR(VLOOKUP(IF(LEFT('01_인적정보'!H7,2)="G5","G5",'01_인적정보'!H7),'02_의사결정·종합결과'!$A$30:$D$35,4,FALSE),0) -> 80000000 | N8: =IF(K8="","",ROUND(F8*(1+K8),-4)) -> 68850000 | O8: =N8 -> 68850000 | P8: =IF(O8="","",O8-F8) -> 1350000
A9: ='01_인적정보'!A8 -> 4 | B9: ='01_인적정보'!B8 -> BSS-004 | C9: ='01_인적정보'!C8 -> 이일곤 | D9: ='01_인적정보'!D8 -> 경영관리 | E9: ='01_인적정보'!F8 -> 경영전략실 | F9: 64530000 | G9: ='08_종합평가'!U9 -> D | H9: =IF(G9="","",IF(G9="S",'02_의사결정·종합결과'!$B$24,IF(G9="A",'02_의사결정·종합결과'!$C$24,IF(G9="B",'02_의사결정·종합결과'!$D$24,IF(G9="C",'02_의사결정·종합결과'!$E$24,'02_의사결정·종합결과'!$F$24))))) -> 0.02 | J9: =IF(I9="Y",'02_의사결정·종합결과'!$B$26,0) -> 0 | K9: =IF(H9="","",H9+J9) -> 0.02 | L9: =IFERROR(VLOOKUP(IF(LEFT('01_인적정보'!H8,2)="G5","G5",'01_인적정보'!H8),'02_의사결정·종합결과'!$A$30:$D$35,2,FALSE),0) -> 58000000 | M9: =IFERROR(VLOOKUP(IF(LEFT('01_인적정보'!H8,2)="G5","G5",'01_인적정보'!H8),'02_의사결정·종합결과'!$A$30:$D$35,4,FALSE),0) -> 80000000 | N9: =IF(K9="","",ROUND(F9*(1+K9),-4)) -> 65820000 | O9: =N9 -> 65820000 | P9: =IF(O9="","",O9-F9) -> 1290000
A10: ='01_인적정보'!A9 -> 5 | B10: ='01_인적정보'!B9 -> BSS-005 | C10: ='01_인적정보'!C9 -> 송헌영 | D10: ='01_인적정보'!D9 -> 경영관리 | E10: ='01_인적정보'!F9 -> 경영전략실 | F10: 65180000 | G10: ='08_종합평가'!U10 -> D | H10: =IF(G10="","",IF(G10="S",'02_의사결정·종합결과'!$B$24,IF(G10="A",'02_의사결정·종합결과'!$C$24,IF(G10="B",'02_의사결정·종합결과'!$D$24,IF(G10="C",'02_의사결정·종합결과'!$E$24,'02_의사결정·종합결과'!$F$24))))) -> 0.02 | J10: =IF(I10="Y",'02_의사결정·종합결과'!$B$26,0) -> 0 | K10: =IF(H10="","",H10+J10) -> 0.02 | L10: =IFERROR(VLOOKUP(IF(LEFT('01_인적정보'!H9,2)="G5","G5",'01_인적정보'!H9),'02_의사결정·종합결과'!$A$30:$D$35,2,FALSE),0) -> 58000000 | M10: =IFERROR(VLOOKUP(IF(LEFT('01_인적정보'!H9,2)="G5","G5",'01_인적정보'!H9),'02_의사결정·종합결과'!$A$30:$D$35,4,FALSE),0) -> 80000000 | N10: =IF(K10="","",ROUND(F10*(1+K10),-4)) -> 66480000 | O10: =N10 -> 66480000 | P10: =IF(O10="","",O10-F10) -> 1300000
A11: ='01_인적정보'!A10 -> 6 | B11: ='01_인적정보'!B10 -> BSS-006 | C11: ='01_인적정보'!C10 -> 이재용 | D11: ='01_인적정보'!D10 -> 경영관리 | E11: ='01_인적정보'!F10 -> 경영전략실 | F11: 62000000 | G11: ='08_종합평가'!U11 -> D | H11: =IF(G11="","",IF(G11="S",'02_의사결정·종합결과'!$B$24,IF(G11="A",'02_의사결정·종합결과'!$C$24,IF(G11="B",'02_의사결정·종합결과'!$D$24,IF(G11="C",'02_의사결정·종합결과'!$E$24,'02_의사결정·종합결과'!$F$24))))) -> 0.02 | J11: =IF(I11="Y",'02_의사결정·종합결과'!$B$26,0) -> 0 | K11: =IF(H11="","",H11+J11) -> 0.02 | L11: =IFERROR(VLOOKUP(IF(LEFT('01_인적정보'!H10,2)="G5","G5",'01_인적정보'!H10),'02_의사결정·종합결과'!$A$30:$D$35,2,FALSE),0) -> 58000000 | M11: =IFERROR(VLOOKUP(IF(LEFT('01_인적정보'!H10,2)="G5","G5",'01_인적정보'!H10),'02_의사결정·종합결과'!$A$30:$D$35,4,FALSE),0) -> 80000000 | N11: =IF(K11="","",ROUND(F11*(1+K11),-4)) -> 63240000 | O11: =N11 -> 63240000 | P11: =IF(O11="","",O11-F11) -> 1240000
A12: ='01_인적정보'!A11 -> 7 | B12: ='01_인적정보'!B11 -> BSS-007 | C12: ='01_인적정보'!C11 -> 이진행 | D12: ='01_인적정보'!D11 -> 교육 및 기술지원 | E12: ='01_인적정보'!F11 -> 솔루션본부 | F12: 59700000 | G12: ='08_종합평가'!U12 -> D | H12: =IF(G12="","",IF(G12="S",'02_의사결정·종합결과'!$B$24,IF(G12="A",'02_의사결정·종합결과'!$C$24,IF(G12="B",'02_의사결정·종합결과'!$D$24,IF(G12="C",'02_의사결정·종합결과'!$E$24,'02_의사결정·종합결과'!$F$24))))) -> 0.02 | J12: =IF(I12="Y",'02_의사결정·종합결과'!$B$26,0) -> 0 | K12: =IF(H12="","",H12+J12) -> 0.02 | L12: =IFERROR(VLOOKUP(IF(LEFT('01_인적정보'!H11,2)="G5","G5",'01_인적정보'!H11),'02_의사결정·종합결과'!$A$30:$D$35,2,FALSE),0) -> 53000000 | M12: =IFERROR(VLOOKUP(IF(LEFT('01_인적정보'!H11,2)="G5","G5",'01_인적정보'!H11),'02_의사결정·종합결과'!$A$30:$D$35,4,FALSE),0) -> 73000000 | N12: =IF(K12="","",ROUND(F12*(1+K12),-4)) -> 60890000 | O12: =N12 -> 60890000 | P12: =IF(O12="","",O12-F12) -> 1190000
A13: ='01_인적정보'!A12 -> 8 | B13: ='01_인적정보'!B12 -> BSS-008 | C13: ='01_인적정보'!C12 -> 김민수 | D13: ='01_인적정보'!D12 -> 교육 및 기술지원 | E13: ='01_인적정보'!F12 -> 솔루션본부 | F13: 59050000 | G13: ='08_종합평가'!U13 -> D | H13: =IF(G13="","",IF(G13="S",'02_의사결정·종합결과'!$B$24,IF(G13="A",'02_의사결정·종합결과'!$C$24,IF(G13="B",'02_의사결정·종합결과'!$D$24,IF(G13="C",'02_의사결정·종합결과'!$E$24,'02_의사결정·종합결과'!$F$24))))) -> 0.02 | J13: =IF(I13="Y",'02_의사결정·종합결과'!$B$26,0) -> 0 | K13: =IF(H13="","",H13+J13) -> 0.02 | L13: =IFERROR(VLOOKUP(IF(LEFT('01_인적정보'!H12,2)="G5","G5",'01_인적정보'!H12),'02_의사결정·종합결과'!$A$30:$D$35,2,FALSE),0) -> 53000000 | M13: =IFERROR(VLOOKUP(IF(LEFT('01_인적정보'!H12,2)="G5","G5",'01_인적정보'!H12),'02_의사결정·종합결과'!$A$30:$D$35,4,FALSE),0) -> 73000000 | N13: =IF(K13="","",ROUND(F13*(1+K13),-4)) -> 60230000 | O13: =N13 -> 60230000 | P13: =IF(O13="","",O13-F13) -> 1180000
A14: ='01_인적정보'!A13 -> 9 | B14: ='01_인적정보'!B13 -> BSS-009 | C14: ='01_인적정보'!C13 -> 박남식 | D14: ='01_인적정보'!D13 -> 설계 | E14: ='01_인적정보'!F13 -> 컨설팅본부 | F14: 59050000 | G14: ='08_종합평가'!U14 -> D | H14: =IF(G14="","",IF(G14="S",'02_의사결정·종합결과'!$B$24,IF(G14="A",'02_의사결정·종합결과'!$C$24,IF(G14="B",'02_의사결정·종합결과'!$D$24,IF(G14="C",'02_의사결정·종합결과'!$E$24,'02_의사결정·종합결과'!$F$24))))) -> 0.02 | J14: =IF(I14="Y",'02_의사결정·종합결과'!$B$26,0) -> 0 | K14: =IF(H14="","",H14+J14) -> 0.02 | L14: =IFERROR(VLOOKUP(IF(LEFT('01_인적정보'!H13,2)="G5","G5",'01_인적정보'!H13),'02_의사결정·종합결과'!$A$30:$D$35,2,FALSE),0) -> 53000000 | M14: =IFERROR(VLOOKUP(IF(LEFT('01_인적정보'!H13,2)="G5","G5",'01_인적정보'!H13),'02_의사결정·종합결과'!$A$30:$D$35,4,FALSE),0) -> 73000000 | N14: =IF(K14="","",ROUND(F14*(1+K14),-4)) -> 60230000 | O14: =N14 -> 60230000 | P14: =IF(O14="","",O14-F14) -> 1180000
A15: ='01_인적정보'!A14 -> 10 | B15: ='01_인적정보'!B14 -> BSS-010 | C15: ='01_인적정보'!C14 -> 신재민 | D15: ='01_인적정보'!D14 -> 설계 | E15: ='01_인적정보'!F14 -> 컨설팅본부 | F15: 59050000 | G15: ='08_종합평가'!U15 -> D | H15: =IF(G15="","",IF(G15="S",'02_의사결정·종합결과'!$B$24,IF(G15="A",'02_의사결정·종합결과'!$C$24,IF(G15="B",'02_의사결정·종합결과'!$D$24,IF(G15="C",'02_의사결정·종합결과'!$E$24,'02_의사결정·종합결과'!$F$24))))) -> 0.02 | J15: =IF(I15="Y",'02_의사결정·종합결과'!$B$26,0) -> 0 | K15: =IF(H15="","",H15+J15) -> 0.02 | L15: =IFERROR(VLOOKUP(IF(LEFT('01_인적정보'!H14,2)="G5","G5",'01_인적정보'!H14),'02_의사결정·종합결과'!$A$30:$D$35,2,FALSE),0) -> 53000000 | M15: =IFERROR(VLOOKUP(IF(LEFT('01_인적정보'!H14,2)="G5","G5",'01_인적정보'!H14),'02_의사결정·종합결과'!$A$30:$D$35,4,FALSE),0) -> 73000000 | N15: =IF(K15="","",ROUND(F15*(1+K15),-4)) -> 60230000 | O15: =N15 -> 60230000 | P15: =IF(O15="","",O15-F15) -> 1180000
A16: ='01_인적정보'!A15 -> 11 | B16: ='01_인적정보'!B15 -> BSS-011 | C16: ='01_인적정보'!C15 -> 마장엽 | D16: ='01_인적정보'!D15 -> 설계 | E16: ='01_인적정보'!F15 -> 컨설팅본부 | F16: 57760000 | G16: ='08_종합평가'!U16 -> D | H16: =IF(G16="","",IF(G16="S",'02_의사결정·종합결과'!$B$24,IF(G16="A",'02_의사결정·종합결과'!$C$24,IF(G16="B",'02_의사결정·종합결과'!$D$24,IF(G16="C",'02_의사결정·종합결과'!$E$24,'02_의사결정·종합결과'!$F$24))))) -> 0.02 | J16: =IF(I16="Y",'02_의사결정·종합결과'!$B$26,0) -> 0 | K16: =IF(H16="","",H16+J16) -> 0.02 | L16: =IFERROR(VLOOKUP(IF(LEFT('01_인적정보'!H15,2)="G5","G5",'01_인적정보'!H15),'02_의사결정·종합결과'!$A$30:$D$35,2,FALSE),0) -> 53000000 | M16: =IFERROR(VLOOKUP(IF(LEFT('01_인적정보'!H15,2)="G5","G5",'01_인적정보'!H15),'02_의사결정·종합결과'!$A$30:$D$35,4,FALSE),0) -> 73000000 | N16: =IF(K16="","",ROUND(F16*(1+K16),-4)) -> 58920000 | O16: =N16 -> 58920000 | P16: =IF(O16="","",O16-F16) -> 1160000
A17: ='01_인적정보'!A16 -> 12 | B17: ='01_인적정보'!B16 -> BSS-012 | C17: ='01_인적정보'!C16 -> 하은주 | D17: ='01_인적정보'!D16 -> 경영관리 | E17: ='01_인적정보'!F16 -> 마케팅팀 | F17: 57760000 | G17: ='08_종합평가'!U17 -> D | H17: =IF(G17="","",IF(G17="S",'02_의사결정·종합결과'!$B$24,IF(G17="A",'02_의사결정·종합결과'!$C$24,IF(G17="B",'02_의사결정·종합결과'!$D$24,IF(G17="C",'02_의사결정·종합결과'!$E$24,'02_의사결정·종합결과'!$F$24))))) -> 0.02 | J17: =IF(I17="Y",'02_의사결정·종합결과'!$B$26,0) -> 0 | K17: =IF(H17="","",H17+J17) -> 0.02 | L17: =IFERROR(VLOOKUP(IF(LEFT('01_인적정보'!H16,2)="G5","G5",'01_인적정보'!H16),'02_의사결정·종합결과'!$A$30:$D$35,2,FALSE),0) -> 53000000 | M17: =IFERROR(VLOOKUP(IF(LEFT('01_인적정보'!H16,2)="G5","G5",'01_인적정보'!H16),'02_의사결정·종합결과'!$A$30:$D$35,4,FALSE),0) -> 73000000 | N17: =IF(K17="","",ROUND(F17*(1+K17),-4)) -> 58920000 | O17: =N17 -> 58920000 | P17: =IF(O17="","",O17-F17) -> 1160000
... A39: ='01_인적정보'!A38 -> 34 | B39: ='01_인적정보'!B38 -> BSS-034 | C39: ='01_인적정보'!C38 -> 엄보근 | D39: ='01_인적정보'!D38 -> 설계 | E39: ='01_인적정보'!F38 -> 컨설팅본부 | F39: 32000000 | G39: ='08_종합평가'!U39 -> D | H39: =IF(G39="","",IF(G39="S",'02_의사결정·종합결과'!$B$24,IF(G39="A",'02_의사결정·종합결과'!$C$24,IF(G39="B",'02_의사결정·종합결과'!$D$24,IF(G39="C",'02_의사결정·종합결과'!$E$24,'02_의사결정·종합결과'!$F$24))))) -> 0.02 | J39: =IF(I39="Y",'02_의사결정·종합결과'!$B$26,0) -> 0 | K39: =IF(H39="","",H39+J39) -> 0.02 | L39: =IFERROR(VLOOKUP(IF(LEFT('01_인적정보'!H38,2)="G5","G5",'01_인적정보'!H38),'02_의사결정·종합결과'!$A$30:$D$35,2,FALSE),0) -> 33000000 | M39: =IFERROR(VLOOKUP(IF(LEFT('01_인적정보'!H38,2)="G5","G5",'01_인적정보'!H38),'02_의사결정·종합결과'!$A$30:$D$35,4,FALSE),0) -> 44000000 | N39: =IF(K39="","",ROUND(F39*(1+K39),-4)) -> 32640000 | O39: =N39 -> 32640000 | P39: =IF(O39="","",O39-F39) -> 640000
A41: 합계 | F41: =SUM(F6:F39) -> 1687275000 | K41: =IFERROR(AVERAGE(K6:K39),0) -> 0.02 | N41: =SUM(N6:N39) -> 1721010000 | O41: =SUM(O6:O39) -> 1721010000 | P41: =SUM(P6:P39) -> 33735000

Sheet 10_성과급관리
A1: 성과급(인센티브) 관리 — 등급별 자동 산출
A2: 08_종합평가의 최종등급에 따라 성과급 자동 산정. 전사 KPI 달성률 가산 계수 조정 가능
A4: ■ 전사 KPI 달성률 → 성과급 재원 가산 계수
A5: 전사 KPI 연간 등급 | B5: ='03_전사업적평가'!I19 | C5: KPI 가산 계수 (등급에 따라 자동) | D5: =IF(B5="S",1.2,IF(B5="A",1.1,IF(B5="B",1,IF(B5="C",0.9,IF(B5="D",0.8,1))))) -> 1 | E5: 수동 조정 | F5: 1 | G5: S/A 등급 시 가산, C/D 등급 시 감산. 수동 조정란에 직접 값을 입력해 덮어쓸 수 있습니다.
A7: ■ 개인별 성과급 산출
A8: No. | B8: 사번 | C8: 성명 | D8: 직군 | E8: 부서 | F8: 역할등급 | G8: 현재 기본연봉 | H8: 최종등급 | I8: 지급률 | J8: 성과급(산출) | K8: KPI 가산 적용 | L8: 성과급(확정) | M8: 지급일자 | N8: 비고
A9: ='01_인적정보'!A5 -> 1 | B9: ='01_인적정보'!B5 -> BSS-001 | C9: ='01_인적정보'!C5 -> 이화형 | D9: ='01_인적정보'!D5 -> 영업 | E9: ='01_인적정보'!F5 -> 스마트사업부 | F9: ='01_인적정보'!H5 -> G6 | G9: ='09_보상연계'!F6 -> 72500000 | H9: ='08_종합평가'!U6 -> D | I9: =IF(H9="","",IF(H9="S",'02_의사결정·종합결과'!$B$25,IF(H9="A",'02_의사결정·종합결과'!$C$25,IF(H9="B",'02_의사결정·종합결과'!$D$25,IF(H9="C",'02_의사결정·종합결과'!$E$25,'02_의사결정·종합결과'!$F$25))))) -> 0 | J9: =IF(OR(G9="",I9=""),"",ROUND(G9*I9,-4)) -> 0 | K9: =IF(J9="","",ROUND(J9*$F$5,-4)) -> 0 | L9: =K9 -> 0
A10: ='01_인적정보'!A6 -> 2 | B10: ='01_인적정보'!B6 -> BSS-002 | C10: ='01_인적정보'!C6 -> 강전용 | D10: ='01_인적정보'!D6 -> 연구&개발 | E10: ='01_인적정보'!F6 -> R&D 본부 | F10: ='01_인적정보'!H6 -> G6 | G10: ='09_보상연계'!F7 -> 68870000 | H10: ='08_종합평가'!U7 -> D | I10: =IF(H10="","",IF(H10="S",'02_의사결정·종합결과'!$B$25,IF(H10="A",'02_의사결정·종합결과'!$C$25,IF(H10="B",'02_의사결정·종합결과'!$D$25,IF(H10="C",'02_의사결정·종합결과'!$E$25,'02_의사결정·종합결과'!$F$25))))) -> 0 | J10: =IF(OR(G10="",I10=""),"",ROUND(G10*I10,-4)) -> 0 | K10: =IF(J10="","",ROUND(J10*$F$5,-4)) -> 0 | L10: =K10 -> 0
A11: ='01_인적정보'!A7 -> 3 | B11: ='01_인적정보'!B7 -> BSS-003 | C11: ='01_인적정보'!C7 -> 김현민 | D11: ='01_인적정보'!D7 -> 설계 | E11: ='01_인적정보'!F7 -> 컨설팅본부 | F11: ='01_인적정보'!H7 -> G6 | G11: ='09_보상연계'!F8 -> 67500000 | H11: ='08_종합평가'!U8 -> D | I11: =IF(H11="","",IF(H11="S",'02_의사결정·종합결과'!$B$25,IF(H11="A",'02_의사결정·종합결과'!$C$25,IF(H11="B",'02_의사결정·종합결과'!$D$25,IF(H11="C",'02_의사결정·종합결과'!$E$25,'02_의사결정·종합결과'!$F$25))))) -> 0 | J11: =IF(OR(G11="",I11=""),"",ROUND(G11*I11,-4)) -> 0 | K11: =IF(J11="","",ROUND(J11*$F$5,-4)) -> 0 | L11: =K11 -> 0
A12: ='01_인적정보'!A8 -> 4 | B12: ='01_인적정보'!B8 -> BSS-004 | C12: ='01_인적정보'!C8 -> 이일곤 | D12: ='01_인적정보'!D8 -> 경영관리 | E12: ='01_인적정보'!F8 -> 경영전략실 | F12: ='01_인적정보'!H8 -> G6 | G12: ='09_보상연계'!F9 -> 64530000 | H12: ='08_종합평가'!U9 -> D | I12: =IF(H12="","",IF(H12="S",'02_의사결정·종합결과'!$B$25,IF(H12="A",'02_의사결정·종합결과'!$C$25,IF(H12="B",'02_의사결정·종합결과'!$D$25,IF(H12="C",'02_의사결정·종합결과'!$E$25,'02_의사결정·종합결과'!$F$25))))) -> 0 | J12: =IF(OR(G12="",I12=""),"",ROUND(G12*I12,-4)) -> 0 | K12: =IF(J12="","",ROUND(J12*$F$5,-4)) -> 0 | L12: =K12 -> 0
A13: ='01_인적정보'!A9 -> 5 | B13: ='01_인적정보'!B9 -> BSS-005 | C13: ='01_인적정보'!C9 -> 송헌영 | D13: ='01_인적정보'!D9 -> 경영관리 | E13: ='01_인적정보'!F9 -> 경영전략실 | F13: ='01_인적정보'!H9 -> G6 | G13: ='09_보상연계'!F10 -> 65180000 | H13: ='08_종합평가'!U10 -> D | I13: =IF(H13="","",IF(H13="S",'02_의사결정·종합결과'!$B$25,IF(H13="A",'02_의사결정·종합결과'!$C$25,IF(H13="B",'02_의사결정·종합결과'!$D$25,IF(H13="C",'02_의사결정·종합결과'!$E$25,'02_의사결정·종합결과'!$F$25))))) -> 0 | J13: =IF(OR(G13="",I13=""),"",ROUND(G13*I13,-4)) -> 0 | K13: =IF(J13="","",ROUND(J13*$F$5,-4)) -> 0 | L13: =K13 -> 0
A14: ='01_인적정보'!A10 -> 6 | B14: ='01_인적정보'!B10 -> BSS-006 | C14: ='01_인적정보'!C10 -> 이재용 | D14: ='01_인적정보'!D10 -> 경영관리 | E14: ='01_인적정보'!F10 -> 경영전략실 | F14: ='01_인적정보'!H10 -> G6 | G14: ='09_보상연계'!F11 -> 62000000 | H14: ='08_종합평가'!U11 -> D | I14: =IF(H14="","",IF(H14="S",'02_의사결정·종합결과'!$B$25,IF(H14="A",'02_의사결정·종합결과'!$C$25,IF(H14="B",'02_의사결정·종합결과'!$D$25,IF(H14="C",'02_의사결정·종합결과'!$E$25,'02_의사결정·종합결과'!$F$25))))) -> 0 | J14: =IF(OR(G14="",I14=""),"",ROUND(G14*I14,-4)) -> 0 | K14: =IF(J14="","",ROUND(J14*$F$5,-4)) -> 0 | L14: =K14 -> 0
A15: ='01_인적정보'!A11 -> 7 | B15: ='01_인적정보'!B11 -> BSS-007 | C15: ='01_인적정보'!C11 -> 이진행 | D15: ='01_인적정보'!D11 -> 교육 및 기술지원 | E15: ='01_인적정보'!F11 -> 솔루션본부 | F15: ='01_인적정보'!H11 -> G5 | G15: ='09_보상연계'!F12 -> 59700000 | H15: ='08_종합평가'!U12 -> D | I15: =IF(H15="","",IF(H15="S",'02_의사결정·종합결과'!$B$25,IF(H15="A",'02_의사결정·종합결과'!$C$25,IF(H15="B",'02_의사결정·종합결과'!$D$25,IF(H15="C",'02_의사결정·종합결과'!$E$25,'02_의사결정·종합결과'!$F$25))))) -> 0 | J15: =IF(OR(G15="",I15=""),"",ROUND(G15*I15,-4)) -> 0 | K15: =IF(J15="","",ROUND(J15*$F$5,-4)) -> 0 | L15: =K15 -> 0
A16: ='01_인적정보'!A12 -> 8 | B16: ='01_인적정보'!B12 -> BSS-008 | C16: ='01_인적정보'!C12 -> 김민수 | D16: ='01_인적정보'!D12 -> 교육 및 기술지원 | E16: ='01_인적정보'!F12 -> 솔루션본부 | F16: ='01_인적정보'!H12 -> G5 | G16: ='09_보상연계'!F13 -> 59050000 | H16: ='08_종합평가'!U13 -> D | I16: =IF(H16="","",IF(H16="S",'02_의사결정·종합결과'!$B$25,IF(H16="A",'02_의사결정·종합결과'!$C$25,IF(H16="B",'02_의사결정·종합결과'!$D$25,IF(H16="C",'02_의사결정·종합결과'!$E$25,'02_의사결정·종합결과'!$F$25))))) -> 0 | J16: =IF(OR(G16="",I16=""),"",ROUND(G16*I16,-4)) -> 0 | K16: =IF(J16="","",ROUND(J16*$F$5,-4)) -> 0 | L16: =K16 -> 0
A17: ='01_인적정보'!A13 -> 9 | B17: ='01_인적정보'!B13 -> BSS-009 | C17: ='01_인적정보'!C13 -> 박남식 | D17: ='01_인적정보'!D13 -> 설계 | E17: ='01_인적정보'!F13 -> 컨설팅본부 | F17: ='01_인적정보'!H13 -> G5 | G17: ='09_보상연계'!F14 -> 59050000 | H17: ='08_종합평가'!U14 -> D | I17: =IF(H17="","",IF(H17="S",'02_의사결정·종합결과'!$B$25,IF(H17="A",'02_의사결정·종합결과'!$C$25,IF(H17="B",'02_의사결정·종합결과'!$D$25,IF(H17="C",'02_의사결정·종합결과'!$E$25,'02_의사결정·종합결과'!$F$25))))) -> 0 | J17: =IF(OR(G17="",I17=""),"",ROUND(G17*I17,-4)) -> 0 | K17: =IF(J17="","",ROUND(J17*$F$5,-4)) -> 0 | L17: =K17 -> 0
A18: ='01_인적정보'!A14 -> 10 | B18: ='01_인적정보'!B14 -> BSS-010 | C18: ='01_인적정보'!C14 -> 신재민 | D18: ='01_인적정보'!D14 -> 설계 | E18: ='01_인적정보'!F14 -> 컨설팅본부 | F18: ='01_인적정보'!H14 -> G5 | G18: ='09_보상연계'!F15 -> 59050000 | H18: ='08_종합평가'!U15 -> D | I18: =IF(H18="","",IF(H18="S",'02_의사결정·종합결과'!$B$25,IF(H18="A",'02_의사결정·종합결과'!$C$25,IF(H18="B",'02_의사결정·종합결과'!$D$25,IF(H18="C",'02_의사결정·종합결과'!$E$25,'02_의사결정·종합결과'!$F$25))))) -> 0 | J18: =IF(OR(G18="",I18=""),"",ROUND(G18*I18,-4)) -> 0 | K18: =IF(J18="","",ROUND(J18*$F$5,-4)) -> 0 | L18: =K18 -> 0
A19: ='01_인적정보'!A15 -> 11 | B19: ='01_인적정보'!B15 -> BSS-011 | C19: ='01_인적정보'!C15 -> 마장엽 | D19: ='01_인적정보'!D15 -> 설계 | E19: ='01_인적정보'!F15 -> 컨설팅본부 | F19: ='01_인적정보'!H15 -> G5 | G19: ='09_보상연계'!F16 -> 57760000 | H19: ='08_종합평가'!U16 -> D | I19: =IF(H19="","",IF(H19="S",'02_의사결정·종합결과'!$B$25,IF(H19="A",'02_의사결정·종합결과'!$C$25,IF(H19="B",'02_의사결정·종합결과'!$D$25,IF(H19="C",'02_의사결정·종합결과'!$E$25,'02_의사결정·종합결과'!$F$25))))) -> 0 | J19: =IF(OR(G19="",I19=""),"",ROUND(G19*I19,-4)) -> 0 | K19: =IF(J19="","",ROUND(J19*$F$5,-4)) -> 0 | L19: =K19 -> 0
A20: ='01_인적정보'!A16 -> 12 | B20: ='01_인적정보'!B16 -> BSS-012 | C20: ='01_인적정보'!C16 -> 하은주 | D20: ='01_인적정보'!D16 -> 경영관리 | E20: ='01_인적정보'!F16 -> 마케팅팀 | F20: ='01_인적정보'!H16 -> G5 | G20: ='09_보상연계'!F17 -> 57760000 | H20: ='08_종합평가'!U17 -> D | I20: =IF(H20="","",IF(H20="S",'02_의사결정·종합결과'!$B$25,IF(H20="A",'02_의사결정·종합결과'!$C$25,IF(H20="B",'02_의사결정·종합결과'!$D$25,IF(H20="C",'02_의사결정·종합결과'!$E$25,'02_의사결정·종합결과'!$F$25))))) -> 0 | J20: =IF(OR(G20="",I20=""),"",ROUND(G20*I20,-4)) -> 0 | K20: =IF(J20="","",ROUND(J20*$F$5,-4)) -> 0 | L20: =K20 -> 0
... A42: ='01_인적정보'!A38 -> 34 | B42: ='01_인적정보'!B38 -> BSS-034 | C42: ='01_인적정보'!C38 -> 엄보근 | D42: ='01_인적정보'!D38 -> 설계 | E42: ='01_인적정보'!F38 -> 컨설팅본부 | F42: ='01_인적정보'!H38 -> G1 | G42: ='09_보상연계'!F39 -> 32000000 | H42: ='08_종합평가'!U39 -> D | I42: =IF(H42="","",IF(H42="S",'02_의사결정·종합결과'!$B$25,IF(H42="A",'02_의사결정·종합결과'!$C$25,IF(H42="B",'02_의사결정·종합결과'!$D$25,IF(H42="C",'02_의사결정·종합결과'!$E$25,'02_의사결정·종합결과'!$F$25))))) -> 0 | J42: =IF(OR(G42="",I42=""),"",ROUND(G42*I42,-4)) -> 0 | K42: =IF(J42="","",ROUND(J42*$F$5,-4)) -> 0 | L42: =K42 -> 0
A44: 합계 | G44: =SUM(G9:G42) -> 1687275000 | J44: =SUM(J9:J42) -> 0 | K44: =SUM(K9:K42) -> 0 | L44: =SUM(L9:L42) -> 0
A47: ■ 부서별 성과급 통계
A48: 부서 | B48: 총인원 | C48: S | D48: A | E48: B | F48: C | G48: D | H48: 성과급 총액 | I48: 평균 성과급
A49: 스마트사업부 | B49: =COUNTIF($E$9:$E$42,"스마트사업부") -> 1 | C49: =COUNTIFS($E$9:$E$42,"스마트사업부",$H$9:$H$42,"S") -> 0 | D49: =COUNTIFS($E$9:$E$42,"스마트사업부",$H$9:$H$42,"A") -> 0 | E49: =COUNTIFS($E$9:$E$42,"스마트사업부",$H$9:$H$42,"B") -> 0 | F49: =COUNTIFS($E$9:$E$42,"스마트사업부",$H$9:$H$42,"C") -> 0 | G49: =COUNTIFS($E$9:$E$42,"스마트사업부",$H$9:$H$42,"D") -> 1 | H49: =SUMIF($E$9:$E$42,"스마트사업부",$L$9:$L$42) -> 0 | I49: =IFERROR(H49/B49,0) -> 0
A50: R&D 본부 | B50: =COUNTIF($E$9:$E$42,"R&D 본부") -> 1 | C50: =COUNTIFS($E$9:$E$42,"R&D 본부",$H$9:$H$42,"S") -> 0 | D50: =COUNTIFS($E$9:$E$42,"R&D 본부",$H$9:$H$42,"A") -> 0 | E50: =COUNTIFS($E$9:$E$42,"R&D 본부",$H$9:$H$42,"B") -> 0 | F50: =COUNTIFS($E$9:$E$42,"R&D 본부",$H$9:$H$42,"C") -> 0 | G50: =COUNTIFS($E$9:$E$42,"R&D 본부",$H$9:$H$42,"D") -> 1 | H50: =SUMIF($E$9:$E$42,"R&D 본부",$L$9:$L$42) -> 0 | I50: =IFERROR(H50/B50,0) -> 0
A51: 컨설팅본부 | B51: =COUNTIF($E$9:$E$42,"컨설팅본부") -> 22 | C51: =COUNTIFS($E$9:$E$42,"컨설팅본부",$H$9:$H$42,"S") -> 0 | D51: =COUNTIFS($E$9:$E$42,"컨설팅본부",$H$9:$H$42,"A") -> 0 | E51: =COUNTIFS($E$9:$E$42,"컨설팅본부",$H$9:$H$42,"B") -> 0 | F51: =COUNTIFS($E$9:$E$42,"컨설팅본부",$H$9:$H$42,"C") -> 0 | G51: =COUNTIFS($E$9:$E$42,"컨설팅본부",$H$9:$H$42,"D") -> 22 | H51: =SUMIF($E$9:$E$42,"컨설팅본부",$L$9:$L$42) -> 0 | I51: =IFERROR(H51/B51,0) -> 0
A52: 경영전략실 | B52: =COUNTIF($E$9:$E$42,"경영전략실") -> 3 | C52: =COUNTIFS($E$9:$E$42,"경영전략실",$H$9:$H$42,"S") -> 0 | D52: =COUNTIFS($E$9:$E$42,"경영전략실",$H$9:$H$42,"A") -> 0 | E52: =COUNTIFS($E$9:$E$42,"경영전략실",$H$9:$H$42,"B") -> 0 | F52: =COUNTIFS($E$9:$E$42,"경영전략실",$H$9:$H$42,"C") -> 0 | G52: =COUNTIFS($E$9:$E$42,"경영전략실",$H$9:$H$42,"D") -> 3 | H52: =SUMIF($E$9:$E$42,"경영전략실",$L$9:$L$42) -> 0 | I52: =IFERROR(H52/B52,0) -> 0
A53: 솔루션본부 | B53: =COUNTIF($E$9:$E$42,"솔루션본부") -> 5 | C53: =COUNTIFS($E$9:$E$42,"솔루션본부",$H$9:$H$42,"S") -> 0 | D53: =COUNTIFS($E$9:$E$42,"솔루션본부",$H$9:$H$42,"A") -> 0 | E53: =COUNTIFS($E$9:$E$42,"솔루션본부",$H$9:$H$42,"B") -> 0 | F53: =COUNTIFS($E$9:$E$42,"솔루션본부",$H$9:$H$42,"C") -> 0 | G53: =COUNTIFS($E$9:$E$42,"솔루션본부",$H$9:$H$42,"D") -> 5 | H53: =SUMIF($E$9:$E$42,"솔루션본부",$L$9:$L$42) -> 0 | I53: =IFERROR(H53/B53,0) -> 0
A54: 마케팅팀 | B54: =COUNTIF($E$9:$E$42,"마케팅팀") -> 2 | C54: =COUNTIFS($E$9:$E$42,"마케팅팀",$H$9:$H$42,"S") -> 0 | D54: =COUNTIFS($E$9:$E$42,"마케팅팀",$H$9:$H$42,"A") -> 0 | E54: =COUNTIFS($E$9:$E$42,"마케팅팀",$H$9:$H$42,"B") -> 0 | F54: =COUNTIFS($E$9:$E$42,"마케팅팀",$H$9:$H$42,"C") -> 0 | G54: =COUNTIFS($E$9:$E$42,"마케팅팀",$H$9:$H$42,"D") -> 2 | H54: =SUMIF($E$9:$E$42,"마케팅팀",$L$9:$L$42) -> 0 | I54: =IFERROR(H54/B54,0) -> 0

Sheet 11_페이밴드검증
A1: 페이밴드 적합성 검증
A2: 현재·인상 후 연봉이 페이밴드 범위에 있는지 자동 검증. 이탈자 조정 필요액 자동 산출
A4: ■ 직급별 페이밴드 (02_의사결정에서 자동 참조)
A5: 역할등급 | B5: 최소(Min) | C5: 중위(Mid) | D5: 최대(Max) | E5: Range Spread | F5: 해당인원 | G5: 범위 내 | H5: 이탈
A6: G1 | B6: ='02_의사결정·종합결과'!B30 -> 33000000 | C6: ='02_의사결정·종합결과'!C30 -> 38500000 | D6: ='02_의사결정·종합결과'!D30 -> 44000000 | E6: =(D6-B6)/B6 -> 0.33333333 | F6: =SUMPRODUCT(--(IF(LEFT($F$16:$F$49,2)="G5","G5",$F$16:$F$49)=A6)) -> #VALUE! | G6: =SUMPRODUCT(--(IF(LEFT($F$16:$F$49,2)="G5","G5",$F$16:$F$49)=A6),--($O$16:$O$49="적합")) -> #VALUE! | H6: =F6-G6 -> #VALUE!
A7: G2 | B7: ='02_의사결정·종합결과'!B31 -> 36000000 | C7: ='02_의사결정·종합결과'!C31 -> 42500000 | D7: ='02_의사결정·종합결과'!D31 -> 49000000 | E7: =(D7-B7)/B7 -> 0.36111111 | F7: =SUMPRODUCT(--(IF(LEFT($F$16:$F$49,2)="G5","G5",$F$16:$F$49)=A7)) -> #VALUE! | G7: =SUMPRODUCT(--(IF(LEFT($F$16:$F$49,2)="G5","G5",$F$16:$F$49)=A7),--($O$16:$O$49="적합")) -> #VALUE! | H7: =F7-G7 -> #VALUE!
A8: G3 | B8: ='02_의사결정·종합결과'!B32 -> 42000000 | C8: ='02_의사결정·종합결과'!C32 -> 49500000 | D8: ='02_의사결정·종합결과'!D32 -> 57000000 | E8: =(D8-B8)/B8 -> 0.35714286 | F8: =SUMPRODUCT(--(IF(LEFT($F$16:$F$49,2)="G5","G5",$F$16:$F$49)=A8)) -> #VALUE! | G8: =SUMPRODUCT(--(IF(LEFT($F$16:$F$49,2)="G5","G5",$F$16:$F$49)=A8),--($O$16:$O$49="적합")) -> #VALUE! | H8: =F8-G8 -> #VALUE!
A9: G4 | B9: ='02_의사결정·종합결과'!B33 -> 49000000 | C9: ='02_의사결정·종합결과'!C33 -> 57500000 | D9: ='02_의사결정·종합결과'!D33 -> 66000000 | E9: =(D9-B9)/B9 -> 0.34693878 | F9: =SUMPRODUCT(--(IF(LEFT($F$16:$F$49,2)="G5","G5",$F$16:$F$49)=A9)) -> #VALUE! | G9: =SUMPRODUCT(--(IF(LEFT($F$16:$F$49,2)="G5","G5",$F$16:$F$49)=A9),--($O$16:$O$49="적합")) -> #VALUE! | H9: =F9-G9 -> #VALUE!
A10: G5 | B10: ='02_의사결정·종합결과'!B34 -> 53000000 | C10: ='02_의사결정·종합결과'!C34 -> 63000000 | D10: ='02_의사결정·종합결과'!D34 -> 73000000 | E10: =(D10-B10)/B10 -> 0.37735849 | F10: =SUMPRODUCT(--(IF(LEFT($F$16:$F$49,2)="G5","G5",$F$16:$F$49)=A10)) -> #VALUE! | G10: =SUMPRODUCT(--(IF(LEFT($F$16:$F$49,2)="G5","G5",$F$16:$F$49)=A10),--($O$16:$O$49="적합")) -> #VALUE! | H10: =F10-G10 -> #VALUE!
A11: G6 | B11: ='02_의사결정·종합결과'!B35 -> 58000000 | C11: ='02_의사결정·종합결과'!C35 -> 69000000 | D11: ='02_의사결정·종합결과'!D35 -> 80000000 | E11: =(D11-B11)/B11 -> 0.37931034 | F11: =SUMPRODUCT(--(IF(LEFT($F$16:$F$49,2)="G5","G5",$F$16:$F$49)=A11)) -> #VALUE! | G11: =SUMPRODUCT(--(IF(LEFT($F$16:$F$49,2)="G5","G5",$F$16:$F$49)=A11),--($O$16:$O$49="적합")) -> #VALUE! | H11: =F11-G11 -> #VALUE!
A14: ■ 개인별 적합성 검증
A15: No. | B15: 사번 | C15: 성명 | D15: 직군 | E15: 부서 | F15: 역할등급 | G15: 현재연봉 | H15: Band Min | I15: Band Mid | J15: Band Max | K15: 현재 위치 | L15: 현재 적합 | M15: 인상후연봉 | N15: 인상후 위치 | O15: 인상후 적합 | P15: 종합 판정 | Q15: 조정 필요액
A16: ='01_인적정보'!A5 -> 1 | B16: ='01_인적정보'!B5 -> BSS-001 | C16: ='01_인적정보'!C5 -> 이화형 | D16: ='01_인적정보'!D5 -> 영업 | E16: ='01_인적정보'!F5 -> 스마트사업부 | F16: ='01_인적정보'!H5 -> G6 | G16: ='09_보상연계'!F6 -> 72500000 | H16: =IFERROR(VLOOKUP(IF(LEFT(F16,2)="G5","G5",F16),$A$6:$D$11,2,FALSE),0) -> 58000000 | I16: =IFERROR(VLOOKUP(IF(LEFT(F16,2)="G5","G5",F16),$A$6:$D$11,3,FALSE),0) -> 69000000 | J16: =IFERROR(VLOOKUP(IF(LEFT(F16,2)="G5","G5",F16),$A$6:$D$11,4,FALSE),0) -> 80000000 | K16: =IFERROR((G16-H16)/(J16-H16),"") -> 0.65909091 | L16: =IF(G16="","",IF(AND(G16>=H16,G16<=J16),"적합","이탈")) -> 적합 | M16: ='09_보상연계'!O6 -> 73950000 | N16: =IFERROR((M16-H16)/(J16-H16),"") -> 0.725 | O16: =IF(M16="","",IF(AND(M16>=H16,M16<=J16),"적합","이탈")) -> 적합 | P16: =IF(OR(L16="",O16=""),"",IF(AND(L16="적합",O16="적합"),"적합",IF(AND(L16="이탈",O16="적합"),"개선",IF(AND(L16="적합",O16="이탈"),"신규이탈","지속이탈")))) -> 적합 | Q16: =IF(O16="이탈",IF(M16<H16,H16-M16,IF(M16>J16,J16-M16,0)),0) -> 0
A17: ='01_인적정보'!A6 -> 2 | B17: ='01_인적정보'!B6 -> BSS-002 | C17: ='01_인적정보'!C6 -> 강전용 | D17: ='01_인적정보'!D6 -> 연구&개발 | E17: ='01_인적정보'!F6 -> R&D 본부 | F17: ='01_인적정보'!H6 -> G6 | G17: ='09_보상연계'!F7 -> 68870000 | H17: =IFERROR(VLOOKUP(IF(LEFT(F17,2)="G5","G5",F17),$A$6:$D$11,2,FALSE),0) -> 58000000 | I17: =IFERROR(VLOOKUP(IF(LEFT(F17,2)="G5","G5",F17),$A$6:$D$11,3,FALSE),0) -> 69000000 | J17: =IFERROR(VLOOKUP(IF(LEFT(F17,2)="G5","G5",F17),$A$6:$D$11,4,FALSE),0) -> 80000000 | K17: =IFERROR((G17-H17)/(J17-H17),"") -> 0.49409091 | L17: =IF(G17="","",IF(AND(G17>=H17,G17<=J17),"적합","이탈")) -> 적합 | M17: ='09_보상연계'!O7 -> 70250000 | N17: =IFERROR((M17-H17)/(J17-H17),"") -> 0.55681818 | O17: =IF(M17="","",IF(AND(M17>=H17,M17<=J17),"적합","이탈")) -> 적합 | P17: =IF(OR(L17="",O17=""),"",IF(AND(L17="적합",O17="적합"),"적합",IF(AND(L17="이탈",O17="적합"),"개선",IF(AND(L17="적합",O17="이탈"),"신규이탈","지속이탈")))) -> 적합 | Q17: =IF(O17="이탈",IF(M17<H17,H17-M17,IF(M17>J17,J17-M17,0)),0) -> 0
A18: ='01_인적정보'!A7 -> 3 | B18: ='01_인적정보'!B7 -> BSS-003 | C18: ='01_인적정보'!C7 -> 김현민 | D18: ='01_인적정보'!D7 -> 설계 | E18: ='01_인적정보'!F7 -> 컨설팅본부 | F18: ='01_인적정보'!H7 -> G6 | G18: ='09_보상연계'!F8 -> 67500000 | H18: =IFERROR(VLOOKUP(IF(LEFT(F18,2)="G5","G5",F18),$A$6:$D$11,2,FALSE),0) -> 58000000 | I18: =IFERROR(VLOOKUP(IF(LEFT(F18,2)="G5","G5",F18),$A$6:$D$11,3,FALSE),0) -> 69000000 | J18: =IFERROR(VLOOKUP(IF(LEFT(F18,2)="G5","G5",F18),$A$6:$D$11,4,FALSE),0) -> 80000000 | K18: =IFERROR((G18-H18)/(J18-H18),"") -> 0.43181818 | L18: =IF(G18="","",IF(AND(G18>=H18,G18<=J18),"적합","이탈")) -> 적합 | M18: ='09_보상연계'!O8 -> 68850000 | N18: =IFERROR((M18-H18)/(J18-H18),"") -> 0.49318182 | O18: =IF(M18="","",IF(AND(M18>=H18,M18<=J18),"적합","이탈")) -> 적합 | P18: =IF(OR(L18="",O18=""),"",IF(AND(L18="적합",O18="적합"),"적합",IF(AND(L18="이탈",O18="적합"),"개선",IF(AND(L18="적합",O18="이탈"),"신규이탈","지속이탈")))) -> 적합 | Q18: =IF(O18="이탈",IF(M18<H18,H18-M18,IF(M18>J18,J18-M18,0)),0) -> 0
A19: ='01_인적정보'!A8 -> 4 | B19: ='01_인적정보'!B8 -> BSS-004 | C19: ='01_인적정보'!C8 -> 이일곤 | D19: ='01_인적정보'!D8 -> 경영관리 | E19: ='01_인적정보'!F8 -> 경영전략실 | F19: ='01_인적정보'!H8 -> G6 | G19: ='09_보상연계'!F9 -> 64530000 | H19: =IFERROR(VLOOKUP(IF(LEFT(F19,2)="G5","G5",F19),$A$6:$D$11,2,FALSE),0) -> 58000000 | I19: =IFERROR(VLOOKUP(IF(LEFT(F19,2)="G5","G5",F19),$A$6:$D$11,3,FALSE),0) -> 69000000 | J19: =IFERROR(VLOOKUP(IF(LEFT(F19,2)="G5","G5",F19),$A$6:$D$11,4,FALSE),0) -> 80000000 | K19: =IFERROR((G19-H19)/(J19-H19),"") -> 0.29681818 | L19: =IF(G19="","",IF(AND(G19>=H19,G19<=J19),"적합","이탈")) -> 적합 | M19: ='09_보상연계'!O9 -> 65820000 | N19: =IFERROR((M19-H19)/(J19-H19),"") -> 0.35545455 | O19: =IF(M19="","",IF(AND(M19>=H19,M19<=J19),"적합","이탈")) -> 적합 | P19: =IF(OR(L19="",O19=""),"",IF(AND(L19="적합",O19="적합"),"적합",IF(AND(L19="이탈",O19="적합"),"개선",IF(AND(L19="적합",O19="이탈"),"신규이탈","지속이탈")))) -> 적합 | Q19: =IF(O19="이탈",IF(M19<H19,H19-M19,IF(M19>J19,J19-M19,0)),0) -> 0
A20: ='01_인적정보'!A9 -> 5 | B20: ='01_인적정보'!B9 -> BSS-005 | C20: ='01_인적정보'!C9 -> 송헌영 | D20: ='01_인적정보'!D9 -> 경영관리 | E20: ='01_인적정보'!F9 -> 경영전략실 | F20: ='01_인적정보'!H9 -> G6 | G20: ='09_보상연계'!F10 -> 65180000 | H20: =IFERROR(VLOOKUP(IF(LEFT(F20,2)="G5","G5",F20),$A$6:$D$11,2,FALSE),0) -> 58000000 | I20: =IFERROR(VLOOKUP(IF(LEFT(F20,2)="G5","G5",F20),$A$6:$D$11,3,FALSE),0) -> 69000000 | J20: =IFERROR(VLOOKUP(IF(LEFT(F20,2)="G5","G5",F20),$A$6:$D$11,4,FALSE),0) -> 80000000 | K20: =IFERROR((G20-H20)/(J20-H20),"") -> 0.32636364 | L20: =IF(G20="","",IF(AND(G20>=H20,G20<=J20),"적합","이탈")) -> 적합 | M20: ='09_보상연계'!O10 -> 66480000 | N20: =IFERROR((M20-H20)/(J20-H20),"") -> 0.38545455 | O20: =IF(M20="","",IF(AND(M20>=H20,M20<=J20),"적합","이탈")) -> 적합 | P20: =IF(OR(L20="",O20=""),"",IF(AND(L20="적합",O20="적합"),"적합",IF(AND(L20="이탈",O20="적합"),"개선",IF(AND(L20="적합",O20="이탈"),"신규이탈","지속이탈")))) -> 적합 | Q20: =IF(O20="이탈",IF(M20<H20,H20-M20,IF(M20>J20,J20-M20,0)),0) -> 0
A21: ='01_인적정보'!A10 -> 6 | B21: ='01_인적정보'!B10 -> BSS-006 | C21: ='01_인적정보'!C10 -> 이재용 | D21: ='01_인적정보'!D10 -> 경영관리 | E21: ='01_인적정보'!F10 -> 경영전략실 | F21: ='01_인적정보'!H10 -> G6 | G21: ='09_보상연계'!F11 -> 62000000 | H21: =IFERROR(VLOOKUP(IF(LEFT(F21,2)="G5","G5",F21),$A$6:$D$11,2,FALSE),0) -> 58000000 | I21: =IFERROR(VLOOKUP(IF(LEFT(F21,2)="G5","G5",F21),$A$6:$D$11,3,FALSE),0) -> 69000000 | J21: =IFERROR(VLOOKUP(IF(LEFT(F21,2)="G5","G5",F21),$A$6:$D$11,4,FALSE),0) -> 80000000 | K21: =IFERROR((G21-H21)/(J21-H21),"") -> 0.18181818 | L21: =IF(G21="","",IF(AND(G21>=H21,G21<=J21),"적합","이탈")) -> 적합 | M21: ='09_보상연계'!O11 -> 63240000 | N21: =IFERROR((M21-H21)/(J21-H21),"") -> 0.23818182 | O21: =IF(M21="","",IF(AND(M21>=H21,M21<=J21),"적합","이탈")) -> 적합 | P21: =IF(OR(L21="",O21=""),"",IF(AND(L21="적합",O21="적합"),"적합",IF(AND(L21="이탈",O21="적합"),"개선",IF(AND(L21="적합",O21="이탈"),"신규이탈","지속이탈")))) -> 적합 | Q21: =IF(O21="이탈",IF(M21<H21,H21-M21,IF(M21>J21,J21-M21,0)),0) -> 0
A22: ='01_인적정보'!A11 -> 7 | B22: ='01_인적정보'!B11 -> BSS-007 | C22: ='01_인적정보'!C11 -> 이진행 | D22: ='01_인적정보'!D11 -> 교육 및 기술지원 | E22: ='01_인적정보'!F11 -> 솔루션본부 | F22: ='01_인적정보'!H11 -> G5 | G22: ='09_보상연계'!F12 -> 59700000 | H22: =IFERROR(VLOOKUP(IF(LEFT(F22,2)="G5","G5",F22),$A$6:$D$11,2,FALSE),0) -> 53000000 | I22: =IFERROR(VLOOKUP(IF(LEFT(F22,2)="G5","G5",F22),$A$6:$D$11,3,FALSE),0) -> 63000000 | J22: =IFERROR(VLOOKUP(IF(LEFT(F22,2)="G5","G5",F22),$A$6:$D$11,4,FALSE),0) -> 73000000 | K22: =IFERROR((G22-H22)/(J22-H22),"") -> 0.335 | L22: =IF(G22="","",IF(AND(G22>=H22,G22<=J22),"적합","이탈")) -> 적합 | M22: ='09_보상연계'!O12 -> 60890000 | N22: =IFERROR((M22-H22)/(J22-H22),"") -> 0.3945 | O22: =IF(M22="","",IF(AND(M22>=H22,M22<=J22),"적합","이탈")) -> 적합 | P22: =IF(OR(L22="",O22=""),"",IF(AND(L22="적합",O22="적합"),"적합",IF(AND(L22="이탈",O22="적합"),"개선",IF(AND(L22="적합",O22="이탈"),"신규이탈","지속이탈")))) -> 적합 | Q22: =IF(O22="이탈",IF(M22<H22,H22-M22,IF(M22>J22,J22-M22,0)),0) -> 0
A23: ='01_인적정보'!A12 -> 8 | B23: ='01_인적정보'!B12 -> BSS-008 | C23: ='01_인적정보'!C12 -> 김민수 | D23: ='01_인적정보'!D12 -> 교육 및 기술지원 | E23: ='01_인적정보'!F12 -> 솔루션본부 | F23: ='01_인적정보'!H12 -> G5 | G23: ='09_보상연계'!F13 -> 59050000 | H23: =IFERROR(VLOOKUP(IF(LEFT(F23,2)="G5","G5",F23),$A$6:$D$11,2,FALSE),0) -> 53000000 | I23: =IFERROR(VLOOKUP(IF(LEFT(F23,2)="G5","G5",F23),$A$6:$D$11,3,FALSE),0) -> 63000000 | J23: =IFERROR(VLOOKUP(IF(LEFT(F23,2)="G5","G5",F23),$A$6:$D$11,4,FALSE),0) -> 73000000 | K23: =IFERROR((G23-H23)/(J23-H23),"") -> 0.3025 | L23: =IF(G23="","",IF(AND(G23>=H23,G23<=J23),"적합","이탈")) -> 적합 | M23: ='09_보상연계'!O13 -> 60230000 | N23: =IFERROR((M23-H23)/(J23-H23),"") -> 0.3615 | O23: =IF(M23="","",IF(AND(M23>=H23,M23<=J23),"적합","이탈")) -> 적합 | P23: =IF(OR(L23="",O23=""),"",IF(AND(L23="적합",O23="적합"),"적합",IF(AND(L23="이탈",O23="적합"),"개선",IF(AND(L23="적합",O23="이탈"),"신규이탈","지속이탈")))) -> 적합 | Q23: =IF(O23="이탈",IF(M23<H23,H23-M23,IF(M23>J23,J23-M23,0)),0) -> 0
A24: ='01_인적정보'!A13 -> 9 | B24: ='01_인적정보'!B13 -> BSS-009 | C24: ='01_인적정보'!C13 -> 박남식 | D24: ='01_인적정보'!D13 -> 설계 | E24: ='01_인적정보'!F13 -> 컨설팅본부 | F24: ='01_인적정보'!H13 -> G5 | G24: ='09_보상연계'!F14 -> 59050000 | H24: =IFERROR(VLOOKUP(IF(LEFT(F24,2)="G5","G5",F24),$A$6:$D$11,2,FALSE),0) -> 53000000 | I24: =IFERROR(VLOOKUP(IF(LEFT(F24,2)="G5","G5",F24),$A$6:$D$11,3,FALSE),0) -> 63000000 | J24: =IFERROR(VLOOKUP(IF(LEFT(F24,2)="G5","G5",F24),$A$6:$D$11,4,FALSE),0) -> 73000000 | K24: =IFERROR((G24-H24)/(J24-H24),"") -> 0.3025 | L24: =IF(G24="","",IF(AND(G24>=H24,G24<=J24),"적합","이탈")) -> 적합 | M24: ='09_보상연계'!O14 -> 60230000 | N24: =IFERROR((M24-H24)/(J24-H24),"") -> 0.3615 | O24: =IF(M24="","",IF(AND(M24>=H24,M24<=J24),"적합","이탈")) -> 적합 | P24: =IF(OR(L24="",O24=""),"",IF(AND(L24="적합",O24="적합"),"적합",IF(AND(L24="이탈",O24="적합"),"개선",IF(AND(L24="적합",O24="이탈"),"신규이탈","지속이탈")))) -> 적합 | Q24: =IF(O24="이탈",IF(M24<H24,H24-M24,IF(M24>J24,J24-M24,0)),0) -> 0
A25: ='01_인적정보'!A14 -> 10 | B25: ='01_인적정보'!B14 -> BSS-010 | C25: ='01_인적정보'!C14 -> 신재민 | D25: ='01_인적정보'!D14 -> 설계 | E25: ='01_인적정보'!F14 -> 컨설팅본부 | F25: ='01_인적정보'!H14 -> G5 | G25: ='09_보상연계'!F15 -> 59050000 | H25: =IFERROR(VLOOKUP(IF(LEFT(F25,2)="G5","G5",F25),$A$6:$D$11,2,FALSE),0) -> 53000000 | I25: =IFERROR(VLOOKUP(IF(LEFT(F25,2)="G5","G5",F25),$A$6:$D$11,3,FALSE),0) -> 63000000 | J25: =IFERROR(VLOOKUP(IF(LEFT(F25,2)="G5","G5",F25),$A$6:$D$11,4,FALSE),0) -> 73000000 | K25: =IFERROR((G25-H25)/(J25-H25),"") -> 0.3025 | L25: =IF(G25="","",IF(AND(G25>=H25,G25<=J25),"적합","이탈")) -> 적합 | M25: ='09_보상연계'!O15 -> 60230000 | N25: =IFERROR((M25-H25)/(J25-H25),"") -> 0.3615 | O25: =IF(M25="","",IF(AND(M25>=H25,M25<=J25),"적합","이탈")) -> 적합 | P25: =IF(OR(L25="",O25=""),"",IF(AND(L25="적합",O25="적합"),"적합",IF(AND(L25="이탈",O25="적합"),"개선",IF(AND(L25="적합",O25="이탈"),"신규이탈","지속이탈")))) -> 적합 | Q25: =IF(O25="이탈",IF(M25<H25,H25-M25,IF(M25>J25,J25-M25,0)),0) -> 0
A26: ='01_인적정보'!A15 -> 11 | B26: ='01_인적정보'!B15 -> BSS-011 | C26: ='01_인적정보'!C15 -> 마장엽 | D26: ='01_인적정보'!D15 -> 설계 | E26: ='01_인적정보'!F15 -> 컨설팅본부 | F26: ='01_인적정보'!H15 -> G5 | G26: ='09_보상연계'!F16 -> 57760000 | H26: =IFERROR(VLOOKUP(IF(LEFT(F26,2)="G5","G5",F26),$A$6:$D$11,2,FALSE),0) -> 53000000 | I26: =IFERROR(VLOOKUP(IF(LEFT(F26,2)="G5","G5",F26),$A$6:$D$11,3,FALSE),0) -> 63000000 | J26: =IFERROR(VLOOKUP(IF(LEFT(F26,2)="G5","G5",F26),$A$6:$D$11,4,FALSE),0) -> 73000000 | K26: =IFERROR((G26-H26)/(J26-H26),"") -> 0.238 | L26: =IF(G26="","",IF(AND(G26>=H26,G26<=J26),"적합","이탈")) -> 적합 | M26: ='09_보상연계'!O16 -> 58920000 | N26: =IFERROR((M26-H26)/(J26-H26),"") -> 0.296 | O26: =IF(M26="","",IF(AND(M26>=H26,M26<=J26),"적합","이탈")) -> 적합 | P26: =IF(OR(L26="",O26=""),"",IF(AND(L26="적합",O26="적합"),"적합",IF(AND(L26="이탈",O26="적합"),"개선",IF(AND(L26="적합",O26="이탈"),"신규이탈","지속이탈")))) -> 적합 | Q26: =IF(O26="이탈",IF(M26<H26,H26-M26,IF(M26>J26,J26-M26,0)),0) -> 0
A27: ='01_인적정보'!A16 -> 12 | B27: ='01_인적정보'!B16 -> BSS-012 | C27: ='01_인적정보'!C16 -> 하은주 | D27: ='01_인적정보'!D16 -> 경영관리 | E27: ='01_인적정보'!F16 -> 마케팅팀 | F27: ='01_인적정보'!H16 -> G5 | G27: ='09_보상연계'!F17 -> 57760000 | H27: =IFERROR(VLOOKUP(IF(LEFT(F27,2)="G5","G5",F27),$A$6:$D$11,2,FALSE),0) -> 53000000 | I27: =IFERROR(VLOOKUP(IF(LEFT(F27,2)="G5","G5",F27),$A$6:$D$11,3,FALSE),0) -> 63000000 | J27: =IFERROR(VLOOKUP(IF(LEFT(F27,2)="G5","G5",F27),$A$6:$D$11,4,FALSE),0) -> 73000000 | K27: =IFERROR((G27-H27)/(J27-H27),"") -> 0.238 | L27: =IF(G27="","",IF(AND(G27>=H27,G27<=J27),"적합","이탈")) -> 적합 | M27: ='09_보상연계'!O17 -> 58920000 | N27: =IFERROR((M27-H27)/(J27-H27),"") -> 0.296 | O27: =IF(M27="","",IF(AND(M27>=H27,M27<=J27),"적합","이탈")) -> 적합 | P27: =IF(OR(L27="",O27=""),"",IF(AND(L27="적합",O27="적합"),"적합",IF(AND(L27="이탈",O27="적합"),"개선",IF(AND(L27="적합",O27="이탈"),"신규이탈","지속이탈")))) -> 적합 | Q27: =IF(O27="이탈",IF(M27<H27,H27-M27,IF(M27>J27,J27-M27,0)),0) -> 0
... A49: ='01_인적정보'!A38 -> 34 | B49: ='01_인적정보'!B38 -> BSS-034 | C49: ='01_인적정보'!C38 -> 엄보근 | D49: ='01_인적정보'!D38 -> 설계 | E49: ='01_인적정보'!F38 -> 컨설팅본부 | F49: ='01_인적정보'!H38 -> G1 | G49: ='09_보상연계'!F39 -> 32000000 | H49: =IFERROR(VLOOKUP(IF(LEFT(F49,2)="G5","G5",F49),$A$6:$D$11,2,FALSE),0) -> 33000000 | I49: =IFERROR(VLOOKUP(IF(LEFT(F49,2)="G5","G5",F49),$A$6:$D$11,3,FALSE),0) -> 38500000 | J49: =IFERROR(VLOOKUP(IF(LEFT(F49,2)="G5","G5",F49),$A$6:$D$11,4,FALSE),0) -> 44000000 | K49: =IFERROR((G49-H49)/(J49-H49),"") -> -0.090909091 | L49: =IF(G49="","",IF(AND(G49>=H49,G49<=J49),"적합","이탈")) -> 이탈 | M49: ='09_보상연계'!O39 -> 32640000 | N49: =IFERROR((M49-H49)/(J49-H49),"") -> -0.032727273 | O49: =IF(M49="","",IF(AND(M49>=H49,M49<=J49),"적합","이탈")) -> 이탈 | P49: =IF(OR(L49="",O49=""),"",IF(AND(L49="적합",O49="적합"),"적합",IF(AND(L49="이탈",O49="적합"),"개선",IF(AND(L49="적합",O49="이탈"),"신규이탈","지속이탈")))) -> 지속이탈 | Q49: =IF(O49="이탈",IF(M49<H49,H49-M49,IF(M49>J49,J49-M49,0)),0) -> 360000

Sheet 12_시뮬레이션
A1: End-to-End 시뮬레이션 대시보드 (모든 결과 한눈에)
A2: 07_결과취합에 등급 입력 시 모든 시트가 자동 갱신되어 여기에 종합 요약됩니다
A4: ▶ 종합 요약
A5: 총 인원 | E5: 연봉 총액 (현재) | I5: 연봉 총액 (인상 후) | M5: 총 인상액
A6: =COUNTA('01_인적정보'!C5:C38) -> 34 | E6: ='09_보상연계'!F41 -> 1687275000 | I6: ='09_보상연계'!O41 -> 1721010000 | M6: ='09_보상연계'!P41 -> 33735000
A8: 평균 인상률 | E8: 성과급 총액 | I8: 총 인건비 증가 | M8: 페이밴드 적합률
A9: ='09_보상연계'!K41 -> 0.02 | E9: ='10_성과급관리'!L44 -> 0 | I9: ='09_보상연계'!P41+'10_성과급관리'!L44 -> 33735000 | M9: =IFERROR(COUNTIF('11_페이밴드검증'!O16:O49,"적합")/34,0) -> 0.88235294
A11: S등급 인원 | E11: A등급 인원 | I11: B등급 인원 | M11: C·D등급 인원
A12: =COUNTIF('08_종합평가'!U6:U39,"S") -> 0 | E12: =COUNTIF('08_종합평가'!U6:U39,"A") -> 0 | I12: =COUNTIF('08_종합평가'!U6:U39,"B") -> 0 | M12: =COUNTIF('08_종합평가'!U6:U39,"C")+COUNTIF('08_종합평가'!U6:U39,"D") -> 34
A16: ■ 개인별 통합 현황 (평가 → 보상 → 페이밴드 → 성과급)
A17: No. | B17: 사번 | C17: 성명 | D17: 부서 | E17: 역할등급 | F17: 현재연봉 | G17: 최종등급 | H17: 인상률 | I17: 인상후연봉 | J17: 인상액 | K17: Band Min | L17: Band Max | M17: Band 판정 | N17: 성과급 | O17: 총보상변동 | P17: 총변동률 | Q17: 승진 | R17: 연봉확정
A18: ='01_인적정보'!A5 -> 1 | B18: ='01_인적정보'!B5 -> BSS-001 | C18: ='01_인적정보'!C5 -> 이화형 | D18: ='01_인적정보'!F5 -> 스마트사업부 | E18: ='01_인적정보'!H5 -> G6 | F18: ='09_보상연계'!F6 -> 72500000 | G18: ='08_종합평가'!U6 -> D | H18: ='09_보상연계'!K6 -> 0.02 | I18: ='09_보상연계'!N6 -> 73950000 | J18: ='09_보상연계'!P6 -> 1450000 | K18: ='11_페이밴드검증'!H16 -> 58000000 | L18: ='11_페이밴드검증'!J16 -> 80000000 | M18: ='11_페이밴드검증'!P16 -> 적합 | N18: ='10_성과급관리'!L9 -> 0 | O18: =IF(OR(J18="",N18=""),"",J18+N18) -> 1450000 | P18: =IF(OR(O18="",F18=0),"",O18/F18) -> 0.02 | Q18: ='09_보상연계'!I6 -> 0 | R18: ='09_보상연계'!O6 -> 73950000
A19: ='01_인적정보'!A6 -> 2 | B19: ='01_인적정보'!B6 -> BSS-002 | C19: ='01_인적정보'!C6 -> 강전용 | D19: ='01_인적정보'!F6 -> R&D 본부 | E19: ='01_인적정보'!H6 -> G6 | F19: ='09_보상연계'!F7 -> 68870000 | G19: ='08_종합평가'!U7 -> D | H19: ='09_보상연계'!K7 -> 0.02 | I19: ='09_보상연계'!N7 -> 70250000 | J19: ='09_보상연계'!P7 -> 1380000 | K19: ='11_페이밴드검증'!H17 -> 58000000 | L19: ='11_페이밴드검증'!J17 -> 80000000 | M19: ='11_페이밴드검증'!P17 -> 적합 | N19: ='10_성과급관리'!L10 -> 0 | O19: =IF(OR(J19="",N19=""),"",J19+N19) -> 1380000 | P19: =IF(OR(O19="",F19=0),"",O19/F19) -> 0.020037752 | Q19: ='09_보상연계'!I7 -> 0 | R19: ='09_보상연계'!O7 -> 70250000
A20: ='01_인적정보'!A7 -> 3 | B20: ='01_인적정보'!B7 -> BSS-003 | C20: ='01_인적정보'!C7 -> 김현민 | D20: ='01_인적정보'!F7 -> 컨설팅본부 | E20: ='01_인적정보'!H7 -> G6 | F20: ='09_보상연계'!F8 -> 67500000 | G20: ='08_종합평가'!U8 -> D | H20: ='09_보상연계'!K8 -> 0.02 | I20: ='09_보상연계'!N8 -> 68850000 | J20: ='09_보상연계'!P8 -> 1350000 | K20: ='11_페이밴드검증'!H18 -> 58000000 | L20: ='11_페이밴드검증'!J18 -> 80000000 | M20: ='11_페이밴드검증'!P18 -> 적합 | N20: ='10_성과급관리'!L11 -> 0 | O20: =IF(OR(J20="",N20=""),"",J20+N20) -> 1350000 | P20: =IF(OR(O20="",F20=0),"",O20/F20) -> 0.02 | Q20: ='09_보상연계'!I8 -> 0 | R20: ='09_보상연계'!O8 -> 68850000
A21: ='01_인적정보'!A8 -> 4 | B21: ='01_인적정보'!B8 -> BSS-004 | C21: ='01_인적정보'!C8 -> 이일곤 | D21: ='01_인적정보'!F8 -> 경영전략실 | E21: ='01_인적정보'!H8 -> G6 | F21: ='09_보상연계'!F9 -> 64530000 | G21: ='08_종합평가'!U9 -> D | H21: ='09_보상연계'!K9 -> 0.02 | I21: ='09_보상연계'!N9 -> 65820000 | J21: ='09_보상연계'!P9 -> 1290000 | K21: ='11_페이밴드검증'!H19 -> 58000000 | L21: ='11_페이밴드검증'!J19 -> 80000000 | M21: ='11_페이밴드검증'!P19 -> 적합 | N21: ='10_성과급관리'!L12 -> 0 | O21: =IF(OR(J21="",N21=""),"",J21+N21) -> 1290000 | P21: =IF(OR(O21="",F21=0),"",O21/F21) -> 0.019990702 | Q21: ='09_보상연계'!I9 -> 0 | R21: ='09_보상연계'!O9 -> 65820000
A22: ='01_인적정보'!A9 -> 5 | B22: ='01_인적정보'!B9 -> BSS-005 | C22: ='01_인적정보'!C9 -> 송헌영 | D22: ='01_인적정보'!F9 -> 경영전략실 | E22: ='01_인적정보'!H9 -> G6 | F22: ='09_보상연계'!F10 -> 65180000 | G22: ='08_종합평가'!U10 -> D | H22: ='09_보상연계'!K10 -> 0.02 | I22: ='09_보상연계'!N10 -> 66480000 | J22: ='09_보상연계'!P10 -> 1300000 | K22: ='11_페이밴드검증'!H20 -> 58000000 | L22: ='11_페이밴드검증'!J20 -> 80000000 | M22: ='11_페이밴드검증'!P20 -> 적합 | N22: ='10_성과급관리'!L13 -> 0 | O22: =IF(OR(J22="",N22=""),"",J22+N22) -> 1300000 | P22: =IF(OR(O22="",F22=0),"",O22/F22) -> 0.019944768 | Q22: ='09_보상연계'!I10 -> 0 | R22: ='09_보상연계'!O10 -> 66480000
A23: ='01_인적정보'!A10 -> 6 | B23: ='01_인적정보'!B10 -> BSS-006 | C23: ='01_인적정보'!C10 -> 이재용 | D23: ='01_인적정보'!F10 -> 경영전략실 | E23: ='01_인적정보'!H10 -> G6 | F23: ='09_보상연계'!F11 -> 62000000 | G23: ='08_종합평가'!U11 -> D | H23: ='09_보상연계'!K11 -> 0.02 | I23: ='09_보상연계'!N11 -> 63240000 | J23: ='09_보상연계'!P11 -> 1240000 | K23: ='11_페이밴드검증'!H21 -> 58000000 | L23: ='11_페이밴드검증'!J21 -> 80000000 | M23: ='11_페이밴드검증'!P21 -> 적합 | N23: ='10_성과급관리'!L14 -> 0 | O23: =IF(OR(J23="",N23=""),"",J23+N23) -> 1240000 | P23: =IF(OR(O23="",F23=0),"",O23/F23) -> 0.02 | Q23: ='09_보상연계'!I11 -> 0 | R23: ='09_보상연계'!O11 -> 63240000
A24: ='01_인적정보'!A11 -> 7 | B24: ='01_인적정보'!B11 -> BSS-007 | C24: ='01_인적정보'!C11 -> 이진행 | D24: ='01_인적정보'!F11 -> 솔루션본부 | E24: ='01_인적정보'!H11 -> G5 | F24: ='09_보상연계'!F12 -> 59700000 | G24: ='08_종합평가'!U12 -> D | H24: ='09_보상연계'!K12 -> 0.02 | I24: ='09_보상연계'!N12 -> 60890000 | J24: ='09_보상연계'!P12 -> 1190000 | K24: ='11_페이밴드검증'!H22 -> 53000000 | L24: ='11_페이밴드검증'!J22 -> 73000000 | M24: ='11_페이밴드검증'!P22 -> 적합 | N24: ='10_성과급관리'!L15 -> 0 | O24: =IF(OR(J24="",N24=""),"",J24+N24) -> 1190000 | P24: =IF(OR(O24="",F24=0),"",O24/F24) -> 0.019932998 | Q24: ='09_보상연계'!I12 -> 0 | R24: ='09_보상연계'!O12 -> 60890000
A25: ='01_인적정보'!A12 -> 8 | B25: ='01_인적정보'!B12 -> BSS-008 | C25: ='01_인적정보'!C12 -> 김민수 | D25: ='01_인적정보'!F12 -> 솔루션본부 | E25: ='01_인적정보'!H12 -> G5 | F25: ='09_보상연계'!F13 -> 59050000 | G25: ='08_종합평가'!U13 -> D | H25: ='09_보상연계'!K13 -> 0.02 | I25: ='09_보상연계'!N13 -> 60230000 | J25: ='09_보상연계'!P13 -> 1180000 | K25: ='11_페이밴드검증'!H23 -> 53000000 | L25: ='11_페이밴드검증'!J23 -> 73000000 | M25: ='11_페이밴드검증'!P23 -> 적합 | N25: ='10_성과급관리'!L16 -> 0 | O25: =IF(OR(J25="",N25=""),"",J25+N25) -> 1180000 | P25: =IF(OR(O25="",F25=0),"",O25/F25) -> 0.019983065 | Q25: ='09_보상연계'!I13 -> 0 | R25: ='09_보상연계'!O13 -> 60230000
A26: ='01_인적정보'!A13 -> 9 | B26: ='01_인적정보'!B13 -> BSS-009 | C26: ='01_인적정보'!C13 -> 박남식 | D26: ='01_인적정보'!F13 -> 컨설팅본부 | E26: ='01_인적정보'!H13 -> G5 | F26: ='09_보상연계'!F14 -> 59050000 | G26: ='08_종합평가'!U14 -> D | H26: ='09_보상연계'!K14 -> 0.02 | I26: ='09_보상연계'!N14 -> 60230000 | J26: ='09_보상연계'!P14 -> 1180000 | K26: ='11_페이밴드검증'!H24 -> 53000000 | L26: ='11_페이밴드검증'!J24 -> 73000000 | M26: ='11_페이밴드검증'!P24 -> 적합 | N26: ='10_성과급관리'!L17 -> 0 | O26: =IF(OR(J26="",N26=""),"",J26+N26) -> 1180000 | P26: =IF(OR(O26="",F26=0),"",O26/F26) -> 0.019983065 | Q26: ='09_보상연계'!I14 -> 0 | R26: ='09_보상연계'!O14 -> 60230000
A27: ='01_인적정보'!A14 -> 10 | B27: ='01_인적정보'!B14 -> BSS-010 | C27: ='01_인적정보'!C14 -> 신재민 | D27: ='01_인적정보'!F14 -> 컨설팅본부 | E27: ='01_인적정보'!H14 -> G5 | F27: ='09_보상연계'!F15 -> 59050000 | G27: ='08_종합평가'!U15 -> D | H27: ='09_보상연계'!K15 -> 0.02 | I27: ='09_보상연계'!N15 -> 60230000 | J27: ='09_보상연계'!P15 -> 1180000 | K27: ='11_페이밴드검증'!H25 -> 53000000 | L27: ='11_페이밴드검증'!J25 -> 73000000 | M27: ='11_페이밴드검증'!P25 -> 적합 | N27: ='10_성과급관리'!L18 -> 0 | O27: =IF(OR(J27="",N27=""),"",J27+N27) -> 1180000 | P27: =IF(OR(O27="",F27=0),"",O27/F27) -> 0.019983065 | Q27: ='09_보상연계'!I15 -> 0 | R27: ='09_보상연계'!O15 -> 60230000
A28: ='01_인적정보'!A15 -> 11 | B28: ='01_인적정보'!B15 -> BSS-011 | C28: ='01_인적정보'!C15 -> 마장엽 | D28: ='01_인적정보'!F15 -> 컨설팅본부 | E28: ='01_인적정보'!H15 -> G5 | F28: ='09_보상연계'!F16 -> 57760000 | G28: ='08_종합평가'!U16 -> D | H28: ='09_보상연계'!K16 -> 0.02 | I28: ='09_보상연계'!N16 -> 58920000 | J28: ='09_보상연계'!P16 -> 1160000 | K28: ='11_페이밴드검증'!H26 -> 53000000 | L28: ='11_페이밴드검증'!J26 -> 73000000 | M28: ='11_페이밴드검증'!P26 -> 적합 | N28: ='10_성과급관리'!L19 -> 0 | O28: =IF(OR(J28="",N28=""),"",J28+N28) -> 1160000 | P28: =IF(OR(O28="",F28=0),"",O28/F28) -> 0.020083102 | Q28: ='09_보상연계'!I16 -> 0 | R28: ='09_보상연계'!O16 -> 58920000
A29: ='01_인적정보'!A16 -> 12 | B29: ='01_인적정보'!B16 -> BSS-012 | C29: ='01_인적정보'!C16 -> 하은주 | D29: ='01_인적정보'!F16 -> 마케팅팀 | E29: ='01_인적정보'!H16 -> G5 | F29: ='09_보상연계'!F17 -> 57760000 | G29: ='08_종합평가'!U17 -> D | H29: ='09_보상연계'!K17 -> 0.02 | I29: ='09_보상연계'!N17 -> 58920000 | J29: ='09_보상연계'!P17 -> 1160000 | K29: ='11_페이밴드검증'!H27 -> 53000000 | L29: ='11_페이밴드검증'!J27 -> 73000000 | M29: ='11_페이밴드검증'!P27 -> 적합 | N29: ='10_성과급관리'!L20 -> 0 | O29: =IF(OR(J29="",N29=""),"",J29+N29) -> 1160000 | P29: =IF(OR(O29="",F29=0),"",O29/F29) -> 0.020083102 | Q29: ='09_보상연계'!I17 -> 0 | R29: ='09_보상연계'!O17 -> 58920000
... A51: ='01_인적정보'!A38 -> 34 | B51: ='01_인적정보'!B38 -> BSS-034 | C51: ='01_인적정보'!C38 -> 엄보근 | D51: ='01_인적정보'!F38 -> 컨설팅본부 | E51: ='01_인적정보'!H38 -> G1 | F51: ='09_보상연계'!F39 -> 32000000 | G51: ='08_종합평가'!U39 -> D | H51: ='09_보상연계'!K39 -> 0.02 | I51: ='09_보상연계'!N39 -> 32640000 | J51: ='09_보상연계'!P39 -> 640000 | K51: ='11_페이밴드검증'!H49 -> 33000000 | L51: ='11_페이밴드검증'!J49 -> 44000000 | M51: ='11_페이밴드검증'!P49 -> 지속이탈 | N51: ='10_성과급관리'!L42 -> 0 | O51: =IF(OR(J51="",N51=""),"",J51+N51) -> 640000 | P51: =IF(OR(O51="",F51=0),"",O51/F51) -> 0.02 | Q51: ='09_보상연계'!I39 -> 0 | R51: ='09_보상연계'!O39 -> 32640000

Sheet 13_직무역할DB
A1: 직무·역할등급 정의 데이터베이스
A2: 직무 프로파일 기반 마스터. 조회키(직무+역할등급) 으로 모든 시트에서 VLOOKUP 참조
A3: ■ 직무 × 역할등급 마스터 (G5는 통합 키)
A4: 조회키 | B4: 직무 | C4: 역할등급 | D4: 역할명 | E4: 역할 정의 | F4: 권한 및 책임 | G4: 핵심 책무 1 | H4: 핵심 책무 2 | I4: 핵심 책무 3 | J4: 핵심 책무 4 | K4: 필요 스킬 요약 | L4: 승급 표준연한
A5: 경영전략기획G6 | B5: 경영전략기획 | C5: G6 | D5: 사업·조직 관리 | E5: 회사의 비전과 중장기 전략을 총괄하며, 경영·인사·재무·마케팅 등 핵심 기능을 통합 관리하고, 전사 의사결정·대외 협력·리스크 관리를 주도함. | F5: • 전사 비전 및 중장기 전략 수립·승인 • 예산·자원 배분 총괄 및 대외 협력 주도 • 전사 KPI 달성 및 리스크 관리 책임 | G5: 중장기 경영전략 수립 | H5: 조직 목표 및 KPI 관리 | I5: 경영계획 및 예산수립 | J5: 경영평가 및 모니터링 | K5: 전략적 사고력, 데이터 분석력, 기획력, 조직이해 능력 · 성과관리 능력, 문제해결력, 데이터 시각화(BI), 커뮤니케이션 능력 · 재무·회계 지식, 엑셀·스프레드시트 활용, 수리분석 능력 · 분석력, 통계해석, 프레젠테이션 능력, 리포팅 능력 · 시장조사 능력, 재무분석, 의사결정 능력, 프로젝트 관리(PM) · 리스크관리 능력, 협상력, 문서작성 | L5: 5년 이상
A6: 경영전략기획G5 | B6: 경영전략기획 | C6: G5-M | D6: 직무 관리(부서장) | E6: 부서 전략 및 목표를 수립하고, 자원 배분·예산 관리·성과 관리를 통해 조직 성과 달성을 책임지고, 부서 내 의사결정을 주도함. | F6: • 부서 전략·성과 목표 설정 및 관리 • 자원·인력 배치 및 성과관리 주도 • 부서 의사결정 및 현안 조정 책임 | G6: 중장기 경영전략 수립 | H6: 조직 목표 및 KPI 관리 | I6: 경영계획 및 예산수립 | J6: 경영평가 및 모니터링 | K6: 전략적 사고력, 데이터 분석력, 기획력, 조직이해 능력 · 성과관리 능력, 문제해결력, 데이터 시각화(BI), 커뮤니케이션 능력 · 재무·회계 지식, 엑셀·스프레드시트 활용, 수리분석 능력 · 분석력, 통계해석, 프레젠테이션 능력, 리포팅 능력 · 시장조사 능력, 재무분석, 의사결정 능력, 프로젝트 관리(PM) · 리스크관리 능력, 협상력, 문서작성 | L6: 4년 이상
A7: 경영전략기획G5-S | B7: 경영전략기획 | C7: G5-S | D7: 실무 스페셜리스트 | E7: 전략기획·인사·재무·마케팅 등 각 분야에서 전문적 분석 및 고난이도 과제 수행. | F7: • 전문 영역(전략, 재무, 마케팅 등) 고난도 분석 • 의사결정 지원 자료 및 대안 제시 • 내부 자문·전문 지식 공유 역할 | G7: 중장기 경영전략 수립 | H7: 조직 목표 및 KPI 관리 | I7: 경영계획 및 예산수립 | J7: 경영평가 및 모니터링 | K7: 전략적 사고력, 데이터 분석력, 기획력, 조직이해 능력 · 성과관리 능력, 문제해결력, 데이터 시각화(BI), 커뮤니케이션 능력 · 재무·회계 지식, 엑셀·스프레드시트 활용, 수리분석 능력 · 분석력, 통계해석, 프레젠테이션 능력, 리포팅 능력 · 시장조사 능력, 재무분석, 의사결정 능력, 프로젝트 관리(PM) · 리스크관리 능력, 협상력, 문서작성 | L7: 4년 이상
A8: 경영전략기획G4 | B8: 경영전략기획 | C8: G4 | D8: 실무 책임(PM) | E8: 단위 프로젝트 또는 핵심 과제의 전략 수립·추진을 주도하며, 일정·예산·품질을 종합적으로 관리함. | F8: • 전략과제 및 프로젝트 기획·추진 관리 • 일정·예산·성과 모니터링 및 조정 • 과제팀 운영 및 산출물 품질 책임 | G8: 중장기 경영전략 수립 | H8: 조직 목표 및 KPI 관리 | I8: 경영계획 및 예산수립 | J8: 경영평가 및 모니터링 | K8: 전략적 사고력, 데이터 분석력, 기획력, 조직이해 능력 · 성과관리 능력, 문제해결력, 데이터 시각화(BI), 커뮤니케이션 능력 · 재무·회계 지식, 엑셀·스프레드시트 활용, 수리분석 능력 · 분석력, 통계해석, 프레젠테이션 능력, 리포팅 능력 · 시장조사 능력, 재무분석, 의사결정 능력, 프로젝트 관리(PM) · 리스크관리 능력, 협상력, 문서작성 | L8: 3년 이상
A9: 경영전략기획G3 | B9: 경영전략기획 | C9: G3 | D9: 핵심 실무 | E9: 전문 지식과 기술을 활용하여 핵심 과제 기획·수행 및 성과물을 도출함. | F9: • 경영성과 분석 및 개선안 도출 • 경영회의 보고자료·대시보드 작성 • 과제 실행 및 주요 산출물 도출 | G9: 중장기 경영전략 수립 | H9: 조직 목표 및 KPI 관리 | I9: 경영계획 및 예산수립 | J9: 경영평가 및 모니터링 | K9: 전략적 사고력, 데이터 분석력, 기획력, 조직이해 능력 · 성과관리 능력, 문제해결력, 데이터 시각화(BI), 커뮤니케이션 능력 · 재무·회계 지식, 엑셀·스프레드시트 활용, 수리분석 능력 · 분석력, 통계해석, 프레젠테이션 능력, 리포팅 능력 · 시장조사 능력, 재무분석, 의사결정 능력, 프로젝트 관리(PM) · 리스크관리 능력, 협상력, 문서작성 | L9: 3년 이상
A10: 경영전략기획G2 | B10: 경영전략기획 | C10: G2 | D10: 실무 | E10: 프로젝트 계획에 따라 세부 과업을 독립적·자율적으로 수행하고 결과물을 도출함. | F10: • 기초 데이터 분석·리서치 수행 • KPI 집계 및 운영 보고 지원 • 프로젝트 과업 수행 및 운영 지원 | G10: 중장기 경영전략 수립 | H10: 조직 목표 및 KPI 관리 | I10: 경영계획 및 예산수립 | J10: 경영평가 및 모니터링 | K10: 전략적 사고력, 데이터 분석력, 기획력, 조직이해 능력 · 성과관리 능력, 문제해결력, 데이터 시각화(BI), 커뮤니케이션 능력 · 재무·회계 지식, 엑셀·스프레드시트 활용, 수리분석 능력 · 분석력, 통계해석, 프레젠테이션 능력, 리포팅 능력 · 시장조사 능력, 재무분석, 의사결정 능력, 프로젝트 관리(PM) · 리스크관리 능력, 협상력, 문서작성 | L10: 2년 이상
A11: 경영전략기획G1 | B11: 경영전략기획 | C11: G1 | D11: 실무 보조 | E11: 실무 수행에 필요한 기초 지식·기술 습득 및 단순 과업 수행. | F11: • 자료 수집·정리 및 행정 지원 • 기본 보고서·문서 편집 지원 • 단순 반복 업무 및 기초 과업 수행 | G11: 중장기 경영전략 수립 | H11: 조직 목표 및 KPI 관리 | I11: 경영계획 및 예산수립 | J11: 경영평가 및 모니터링 | K11: 전략적 사고력, 데이터 분석력, 기획력, 조직이해 능력 · 성과관리 능력, 문제해결력, 데이터 시각화(BI), 커뮤니케이션 능력 · 재무·회계 지식, 엑셀·스프레드시트 활용, 수리분석 능력 · 분석력, 통계해석, 프레젠테이션 능력, 리포팅 능력 · 시장조사 능력, 재무분석, 의사결정 능력, 프로젝트 관리(PM) · 리스크관리 능력, 협상력, 문서작성 | L11: 1년 이상
A12: 프로젝트영업G6 | B12: 프로젝트영업 | C12: G6 | D12: 사업·조직 관리 | E12: 회사의 영업전략 수립과 목표 달성을 총괄하며, 주요 고객·파트너십 관리 및 사업 기회를 확대하는 역할. | F12: • 전사 영업전략 및 대형 프로젝트 영업 의사결정 권한 • 주요 고객사·파트너사와 최고위 레벨 협상 주도 • 전사 매출 목표 달성 및 리스크 총괄 책임 • 사내 또는 사외 우호세력의 지속적 고객·고객사 관리 • 신규 사업에 대한 시장 발굴(사업아이템, 고객사, 파트너사) | G12: 영업 전략 수립 | H12: 제안 및 수주 활동 | I12: 고객·관계 관리 | J12: 프로젝트 지원 및 수금 관리 | K12: 분석력, 전략적 사고 · 제안서 작성 능력, 프레젠테이션, 협상력 · 소통 능력, 관계 관리, 문제 해결력 · 협업 능력, 일정 관리, 리스크 대응 · 협업 능력, 조정 능력 | L12: 5년 이상
A13: 프로젝트영업G5 | B13: 프로젝트영업 | C13: G5-M | D13: 직무 관리(부서장) | E13: 영업 성과목표 수립·관리, 프로젝트 포트폴리오 운영, 자원 배분 및 매출 목표 달성 총괄. | F13: • 부서 영업 목표 수립 및 실행 관리 권한 • 제안·계약 최종 검토 및 승인 권한 • 부서 인력·예산 운영 책임 • 사내 또는 사외 우호세력의 고객·고객사 관리 • 신규 사업에 대한 시장 발굴(사업아이템, 고객사, 파트너사) 지원 • 프로젝트 리스크 관리 | G13: 영업 전략 수립 | H13: 제안 및 수주 활동 | I13: 고객·관계 관리 | J13: 프로젝트 지원 및 수금 관리 | K13: 분석력, 전략적 사고 · 제안서 작성 능력, 프레젠테이션, 협상력 · 소통 능력, 관계 관리, 문제 해결력 · 협업 능력, 일정 관리, 리스크 대응 · 협업 능력, 조정 능력 | L13: 4년 이상
A14: 프로젝트영업G5-S | B14: 프로젝트영업 | C14: G5-S | D14: 실무 스페셜리스트 | E14: 전문 영업 지식과 경험을 기반으로 대형/복잡 영업 프로젝트를 수행하며, 신규 시장 개척 및 고객 관계 강화. | F14: • 고난도 프로젝트 제안 및 계약 협상 주도 • 영업 전략 수립과 전문 자문 제공 권한 • 고객사 관계 강화 및 신규 기회 창출 책임 • 사내 또는 사외 우호세력의 고객·고객사 관리 • 프로젝트 리스크 관리 | G14: 영업 전략 수립 | H14: 제안 및 수주 활동 | I14: 고객·관계 관리 | J14: 프로젝트 지원 및 수금 관리 | K14: 분석력, 전략적 사고 · 제안서 작성 능력, 프레젠테이션, 협상력 · 소통 능력, 관계 관리, 문제 해결력 · 협업 능력, 일정 관리, 리스크 대응 · 협업 능력, 조정 능력 | L14: 4년 이상
A15: 프로젝트영업G4 | B15: 프로젝트영업 | C15: G4 | D15: 실무 책임(PM) | E15: 프로젝트 영업 활동을 주도하며, 매출·수익성 목표 달성과 주요 고객 관리 책임. | F15: • 프로젝트 단위 영업 리딩 권한 • 제안·계약 진행 및 수금 관리 책임 • 고객사 커뮤니케이션 및 협력사 조율 권한 • 사내 또는 사외 우호세력의 고객·고객사 관리 | G15: 영업 전략 수립 | H15: 제안 및 수주 활동 | I15: 고객·관계 관리 | J15: 프로젝트 지원 및 수금 관리 | K15: 분석력, 전략적 사고 · 제안서 작성 능력, 프레젠테이션, 협상력 · 소통 능력, 관계 관리, 문제 해결력 · 협업 능력, 일정 관리, 리스크 대응 · 협업 능력, 조정 능력 | L15: 3년 이상
... A39: 교육G1 | B39: 교육 | C39: G1 | D39: 실무 보조 | E39: 교육 운영에 필요한 준비·등록·실습 환경 세팅과 기본 자료 정리 등 기초 업무를 보조하는 역할. | F39: • 교육 준비·등록·환경 세팅 지원 • 기본 자료 정리·행정 보조 • 실습 운영 지원 | G39: 교육 과정 기획 및 운영 | H39: 학습 품질 관리 | I39: 자원 및 행정 관리 | J39: 교육 콘텐츠 개발 및 개선 | K39: 교육과정 설계 능력, 일정 관리 능력, 교육 운영 경험 · 품질 관리 능력, 문제 해결 능력, 피드백 분석 능력 · 자원 관리 능력, 예산 관리 능력, 행정 처리 능력 · 교육 콘텐츠 개발 능력, BIM·SW 전문지식, 협업 능력 · 대외 협력 능력, 네트워크 구축 능력, 인증·평가 대응 능력 | L39: 1~2년
A40: 기술지원G6 | B40: 기술지원 | C40: G6 | D40: 사업·조직 관리 | E40: 고객 기술지원 전략과 체계를 총괄하며, 주요 파트너·대형 고객의 기술 과제를 해결하고 서비스 품질을 통한 기업 신뢰도 제고와 매출 확대를 주도하는 역할. | F40: • 기술지원 전략 및 서비스 품질 총괄 • 대형 고객·파트너 핵심 기술이슈 해결 최종 의사결정 • 조직 운영·성과·예산 승인 | G40: 고객 기술 문제 해결 | H40: 기술 문서·지식 관리 | I40: 고객 커뮤니케이션 및 지원 | K40: 문제 해결 능력, 기술 분석 능력, 장애 대응 역량 · 문서 작성 능력, 지식 관리 능력, 커뮤니케이션 스킬, 발표·교육 능력 · 고객 대응 능력, 공감·소통 능력 | L40: 5년 이상
A41: 기술지원G5 | B41: 기술지원 | C41: G5-M | D41: 직무 관리(부서장) | E41: 기술지원 조직의 목표·성과·인력을 관리하고 고객 SLA 준수를 책임지며 복잡한 기술이슈 해결과 대응 프로세스를 총괄하는 역할. | F41: • 기술지원팀 목표·성과 관리 및 SLA 준수 책임 • 고난도 고객 이슈 에스컬레이션 처리 • 지원 프로세스·매뉴얼 개선 승인 | G41: 고객 기술 문제 해결 | H41: 기술 문서·지식 관리 | I41: 고객 커뮤니케이션 및 지원 | K41: 문제 해결 능력, 기술 분석 능력, 장애 대응 역량 · 문서 작성 능력, 지식 관리 능력, 커뮤니케이션 스킬, 발표·교육 능력 · 고객 대응 능력, 공감·소통 능력 | L41: 4년 이상
A42: 기술지원G5-S | B42: 기술지원 | C42: G5-S | D42: 실무 스페셜리스트 | E42: 고난도의 고객 기술문제를 직접 해결하고 솔루션 개선안을 제시하며 내부 교육·기술자료 표준화를 통해 조직 역량을 강화하는 역할. | F42: • 고난도 기술문제 분석·해결안 도출 • 내부 교육 및 기술지식 표준화 주도 • 제품·서비스 개선 피드백 제공 | G42: 고객 기술 문제 해결 | H42: 기술 문서·지식 관리 | I42: 고객 커뮤니케이션 및 지원 | K42: 문제 해결 능력, 기술 분석 능력, 장애 대응 역량 · 문서 작성 능력, 지식 관리 능력, 커뮤니케이션 스킬, 발표·교육 능력 · 고객 대응 능력, 공감·소통 능력 | L42: 3년 이상
A43: 기술지원G4 | B43: 기술지원 | C43: G4 | D43: 실무 책임(PM) | E43: 주요 고객사의 시스템 이슈를 독립적으로 진단·해결하고 고객 피드백을 분석해 제품 개선과 서비스 향상에 기여하는 역할. | F43: • 주요 고객사 기술과제 독립 해결 • VOC 분석 통한 개선과제 제안 • 개발·영업 협업 및 산출물 검수 | G43: 고객 기술 문제 해결 | H43: 기술 문서·지식 관리 | I43: 고객 커뮤니케이션 및 지원 | K43: 문제 해결 능력, 기술 분석 능력, 장애 대응 역량 · 문서 작성 능력, 지식 관리 능력, 커뮤니케이션 스킬, 발표·교육 능력 · 고객 대응 능력, 공감·소통 능력 | L43: 3년 이상
A44: 기술지원G3 | B44: 기술지원 | C44: G3 | D44: 핵심 실무 | E44: 표준화된 절차에 따라 고객의 일반적 기술 요청을 처리하고 설치·업데이트·간단한 문제 해결을 지원하며 품질 데이터를 축적하는 역할. | F44: • 표준 절차 기반 고객 요청·장애 처리 • 설치·업데이트 등 운영 지원 • 품질 데이터 기록 및 보고 | G44: 고객 기술 문제 해결 | H44: 기술 문서·지식 관리 | I44: 고객 커뮤니케이션 및 지원 | K44: 문제 해결 능력, 기술 분석 능력, 장애 대응 역량 · 문서 작성 능력, 지식 관리 능력, 커뮤니케이션 스킬, 발표·교육 능력 · 고객 대응 능력, 공감·소통 능력 | L44: 2년 이상
A45: 기술지원G2 | B45: 기술지원 | C45: G2 | D45: 실무 | E45: 선임의 지도하에 고객 질의 응대·문서화·기초 점검을 수행하며 표준 매뉴얼에 따른 기술지원 활동을 지원하는 역할. | F45: • 선임 지도하에 고객 질의 응대·기초 점검 • 표준 매뉴얼에 따른 문서 작성·관리 • 반복 이슈 모니터링·보고 | G45: 고객 기술 문제 해결 | H45: 기술 문서·지식 관리 | I45: 고객 커뮤니케이션 및 지원 | K45: 문제 해결 능력, 기술 분석 능력, 장애 대응 역량 · 문서 작성 능력, 지식 관리 능력, 커뮤니케이션 스킬, 발표·교육 능력 · 고객 대응 능력, 공감·소통 능력 | L45: 2년 이상
A46: 기술지원G1 | B46: 기술지원 | C46: G1 | D46: 실무 보조 | E46: 고객지원 시스템에 기본 데이터를 입력하고 기술 문서·자료 관리 및 단순 업무를 보조하는 역할. | F46: • 고객지원 시스템 데이터 입력·정리 • 기술 문서·자료 관리 지원 • 교육·회의 등 운영 보조 | G46: 고객 기술 문제 해결 | H46: 기술 문서·지식 관리 | I46: 고객 커뮤니케이션 및 지원 | K46: 문제 해결 능력, 기술 분석 능력, 장애 대응 역량 · 문서 작성 능력, 지식 관리 능력, 커뮤니케이션 스킬, 발표·교육 능력 · 고객 대응 능력, 공감·소통 능력 | L46: 1년 이상
A47: 연구개발(R&D)G6 | B47: 연구개발(R&D) | C47: G6 | D47: 사업·조직 관리 | E47: 전사 기술 로드맵과 제품 포트폴리오 전략을 총괄하며 핵심 기술 투자·외부 협력·IP 전략을 통해 사업 경쟁력을 창출하는 역할. | F47: • 전사 연구개발 전략 수립 및 의사결정 권한 보유 • 핵심 기술 로드맵 및 투자 방향 총괄 • 외부 협력 및 산학연 과제 승인·관리 책임 • 성과지표 달성 여부를 최종 점검하고 보고 | G47: 요구분석 및 설계 | H47: 기능 개발 및 구현 | I47: 품질 관리 및 검증 | J47: 유지보수 및 업그레이드 | K47: 요구분석 능력, UML/모델링 툴, 건설 도메인 지식, 시스템 설계 역량 · 프로그래밍 언어(C#, Python, Java, C++), DB 설계·SQL, API 연동, UI/UX 개발 · 테스트 자동화 도구(Jira, Git, Jenkins 등), 문제해결능력, 코드 품질관리 · Git 관리, CI/CD 이해, 문제 분석능력, 기술 트렌드 학습역량 · 문 | L47: 5년 이상
A48: 연구개발(R&D)G5 | B48: 연구개발(R&D) | C48: G5-M | D48: 직무 관리(부서장) | E48: R&D 조직의 목표·예산·인력을 관리하고 아키텍처 표준·개발 프로세스·품질 지표를 체계화하여 제품 출시 성과를 책임지는 역할. | F48: • 연구개발 부서 운영과 인력·예산 배분 권한 • 아키텍처 표준·프로세스 정의 및 실행 관리 • 프로젝트 진행 성과 검토 및 승인 책임 • 품질·안전·윤리 기준 준수 여부 관리 | G48: 요구분석 및 설계 | H48: 기능 개발 및 구현 | I48: 품질 관리 및 검증 | J48: 유지보수 및 업그레이드 | K48: 요구분석 능력, UML/모델링 툴, 건설 도메인 지식, 시스템 설계 역량 · 프로그래밍 언어(C#, Python, Java, C++), DB 설계·SQL, API 연동, UI/UX 개발 · 테스트 자동화 도구(Jira, Git, Jenkins 등), 문제해결능력, 코드 품질관리 · Git 관리, CI/CD 이해, 문제 분석능력, 기술 트렌드 학습역량 · 문 | L48: 4년 이상
A49: 연구개발(R&D)G5-S | B49: 연구개발(R&D) | C49: G5-S | D49: 실무 스페셜리스트 | E49: 핵심 알고리즘·엔진·플랫폼 아키텍처를 설계·검증하고 난도 높은 기술 과제를 해결하며 기술 자산화·특허화를 주도하는 역할. | F49: • 고난도 핵심 기술 검토 및 설계 의사결정 권한 • 특허·기술자산 관리 및 산출물 품질 검증 책임 • 신규 기술 도입·검증 및 외부 발표 주도 • 후배 연구원 멘토링 및 기술 역량 강화 기여 | G49: 요구분석 및 설계 | H49: 기능 개발 및 구현 | I49: 품질 관리 및 검증 | J49: 유지보수 및 업그레이드 | K49: 요구분석 능력, UML/모델링 툴, 건설 도메인 지식, 시스템 설계 역량 · 프로그래밍 언어(C#, Python, Java, C++), DB 설계·SQL, API 연동, UI/UX 개발 · 테스트 자동화 도구(Jira, Git, Jenkins 등), 문제해결능력, 코드 품질관리 · Git 관리, CI/CD 이해, 문제 분석능력, 기술 트렌드 학습역량 · 문 | L49: 4년 이상
A50: 연구개발(R&D)G4 | B50: 연구개발(R&D) | C50: G4 | D50: 실무 책임(PM) | E50: 모듈/서브시스템 수준의 설계·구현·성능 최적화를 리드하고 코드 리뷰·테스트 전략·릴리스 계획을 주도하는 역할. | F50: • 프로젝트 관리 전반 책임 • 모듈·시스템 설계 및 구현 검토 권한 • 리뷰·테스트 계획 승인 및 일정 관리 책임 • 리스크 발생 시 대응 및 보고 의무 | G50: 요구분석 및 설계 | H50: 기능 개발 및 구현 | I50: 품질 관리 및 검증 | J50: 유지보수 및 업그레이드 | K50: 요구분석 능력, UML/모델링 툴, 건설 도메인 지식, 시스템 설계 역량 · 프로그래밍 언어(C#, Python, Java, C++), DB 설계·SQL, API 연동, UI/UX 개발 · 테스트 자동화 도구(Jira, Git, Jenkins 등), 문제해결능력, 코드 품질관리 · Git 관리, CI/CD 이해, 문제 분석능력, 기술 트렌드 학습역량 · 문 | L50: 3년 이상
A51: 연구개발(R&D)G3 | B51: 연구개발(R&D) | C51: G3 | D51: 핵심 실무 | E51: 주요 기능을 독립적으로 설계·구현하고 단위/통합 테스트·결함 개선·문서화를 통해 품질과 일정 준수를 확보하는 역할. | F51: • 기능 구현·테스트 수행 책임 • 문서화·결함 관리 권한 • 일정 내 품질 확보 의무 • 협업 표준 준수 및 개선 의견 제시 | G51: 요구분석 및 설계 | H51: 기능 개발 및 구현 | I51: 품질 관리 및 검증 | J51: 유지보수 및 업그레이드 | K51: 요구분석 능력, UML/모델링 툴, 건설 도메인 지식, 시스템 설계 역량 · 프로그래밍 언어(C#, Python, Java, C++), DB 설계·SQL, API 연동, UI/UX 개발 · 테스트 자동화 도구(Jira, Git, Jenkins 등), 문제해결능력, 코드 품질관리 · Git 관리, CI/CD 이해, 문제 분석능력, 기술 트렌드 학습역량 · 문 | L51: 3년 이상
A52: 연구개발(R&D)G2 | B52: 연구개발(R&D) | C52: G2 | D52: 실무 | E52: 명세에 따라 기능 개발·버그 수정·리팩터링·테스트 보조를 수행하고 코드 품질 기준과 CI/CD 절차를 준수하는 역할. | F52: • 코드 구현 및 유지보수 실행 책임 • 버그 수정·리팩터링 수행 권한 • CI/CD 절차 준수 의무 • 품질 기준 내 개발 결과물 제공 | G52: 요구분석 및 설계 | H52: 기능 개발 및 구현 | I52: 품질 관리 및 검증 | J52: 유지보수 및 업그레이드 | K52: 요구분석 능력, UML/모델링 툴, 건설 도메인 지식, 시스템 설계 역량 · 프로그래밍 언어(C#, Python, Java, C++), DB 설계·SQL, API 연동, UI/UX 개발 · 테스트 자동화 도구(Jira, Git, Jenkins 등), 문제해결능력, 코드 품질관리 · Git 관리, CI/CD 이해, 문제 분석능력, 기술 트렌드 학습역량 · 문 | L52: 2년 이상
A53: 연구개발(R&D)G1 | B53: 연구개발(R&D) | C53: G1 | D53: 실무 보조 | E53: 개발 환경 설정·기초 구현·테스트 데이터 준비 등 기본 업무를 수행하며 제품/도메인 지식을 학습하는 역할. | F53: • 개발 환경 설정 및 단순 구현 보조 • 테스트 데이터 준비 및 기초 실험 책임 • 선임 지시에 따른 자료 조사·정리 권한 • 기초 지식 학습 및 업무 지원 의무 | G53: 요구분석 및 설계 | H53: 기능 개발 및 구현 | I53: 품질 관리 및 검증 | J53: 유지보수 및 업그레이드 | K53: 요구분석 능력, UML/모델링 툴, 건설 도메인 지식, 시스템 설계 역량 · 프로그래밍 언어(C#, Python, Java, C++), DB 설계·SQL, API 연동, UI/UX 개발 · 테스트 자동화 도구(Jira, Git, Jenkins 등), 문제해결능력, 코드 품질관리 · Git 관리, CI/CD 이해, 문제 분석능력, 기술 트렌드 학습역량 · 문 | L53: 1~2년
A54: 교육·기술지원G6 | B54: 교육·기술지원 | C54: G6 | D54: 사업·조직 관리 | E54: 회사의 교육 전략과 포트폴리오를 총괄하며 외부 파트너십·자격체계·수익모델을 통해 교육 사업의 확장과 성과를 책임지는 역할. | F54: • 교육 사업 전략·수익모델 최종 승인 권한 • 외부 파트너십·인증·자격 체계 협력 총괄 • 교육 포트폴리오 성과 책임 | G54: 교육 과정 기획 및 운영 | H54: 학습 품질 관리 | I54: 자원 및 행정 관리 | J54: 교육 콘텐츠 개발 및 개선 | K54: 교육과정 설계 능력, 일정 관리 능력, 교육 운영 경험 · 품질 관리 능력, 문제 해결 능력, 피드백 분석 능력 · 자원 관리 능력, 예산 관리 능력, 행정 처리 능력 · 교육 콘텐츠 개발 능력, BIM·SW 전문지식, 협업 능력 · 대외 협력 능력, 네트워크 구축 능력, 인증·평가 대응 능력 · 문제 해결 능력, 기술 분석 능력, 장애 대응 역량 · 문서
A55: 교육·기술지원G5 | B55: 교육·기술지원 | C55: G5-M | D55: 직무 관리(부서장) | E55: 교육 조직의 목표·예산·인력을 관리하고 과정 기획·운영 품질을 총괄하며 대외 인증·평가 대응을 주도하는 역할. | F55: • 부서 내 인력·예산·성과 관리 책임 • 교육 과정 기획·운영 품질 최종 검토 • 인증·평가 대응 권한 | G55: 교육 과정 기획 및 운영 | H55: 학습 품질 관리 | I55: 자원 및 행정 관리 | J55: 교육 콘텐츠 개발 및 개선 | K55: 교육과정 설계 능력, 일정 관리 능력, 교육 운영 경험 · 품질 관리 능력, 문제 해결 능력, 피드백 분석 능력 · 자원 관리 능력, 예산 관리 능력, 행정 처리 능력 · 교육 콘텐츠 개발 능력, BIM·SW 전문지식, 협업 능력 · 대외 협력 능력, 네트워크 구축 능력, 인증·평가 대응 능력 · 문제 해결 능력, 기술 분석 능력, 장애 대응 역량 · 문서
A56: 교육·기술지원G5-S | B56: 교육·기술지원 | C56: G5-S | D56: 실무 스페셜리스트 | E56: 고난도 전문과정(예: BIM/솔루션 심화) 설계·교안 개발·강사 코칭을 수행하고 커리큘럼 표준화와 콘텐츠 자산화를 주도하는 역할. | F56: • 전문 교육과정(심화·특화)의 커리큘럼 설계 권한 • 교육 콘텐츠 표준화·자산화 책임 • 강사·코치 멘토링 수행 | G56: 교육 과정 기획 및 운영 | H56: 학습 품질 관리 | I56: 자원 및 행정 관리 | J56: 교육 콘텐츠 개발 및 개선 | K56: 교육과정 설계 능력, 일정 관리 능력, 교육 운영 경험 · 품질 관리 능력, 문제 해결 능력, 피드백 분석 능력 · 자원 관리 능력, 예산 관리 능력, 행정 처리 능력 · 교육 콘텐츠 개발 능력, BIM·SW 전문지식, 협업 능력 · 대외 협력 능력, 네트워크 구축 능력, 인증·평가 대응 능력 · 문제 해결 능력, 기술 분석 능력, 장애 대응 역량 · 문서
A57: 교육·기술지원G4 | B57: 교육·기술지원 | C57: G4 | D57: 실무 책임(PM) | E57: 핵심 교육과정의 운영 총괄과 강의 품질·수강생 성과·NPS를 관리하며 프로젝트형 교육과 기업 맞춤 과제를 리드하는 역할. | F57: • 프로젝트형 교육과정 운영 총괄 권한 • 수강생 성과·품질 관리 책임 • 고객사 맞춤형 교육 리딩 | G57: 교육 과정 기획 및 운영 | H57: 학습 품질 관리 | I57: 자원 및 행정 관리 | J57: 교육 콘텐츠 개발 및 개선 | K57: 교육과정 설계 능력, 일정 관리 능력, 교육 운영 경험 · 품질 관리 능력, 문제 해결 능력, 피드백 분석 능력 · 자원 관리 능력, 예산 관리 능력, 행정 처리 능력 · 교육 콘텐츠 개발 능력, BIM·SW 전문지식, 협업 능력 · 대외 협력 능력, 네트워크 구축 능력, 인증·평가 대응 능력 · 문제 해결 능력, 기술 분석 능력, 장애 대응 역량 · 문서
A58: 교육·기술지원G3 | B58: 교육·기술지원 | C58: G3 | D58: 핵심 실무 | E58: 주력 과정을 독립적으로 강의·실습 운영하고 교안 개선·평가 채점·학습 성과 피드백을 통해 품질과 만족도를 확보하는 역할. | F58: • 독립적 교육·실습 진행 권한 • 교안 개선·평가 수행 책임 • 학습 품질 및 수강생 만족도 확보 | G58: 교육 과정 기획 및 운영 | H58: 학습 품질 관리 | I58: 자원 및 행정 관리 | J58: 교육 콘텐츠 개발 및 개선 | K58: 교육과정 설계 능력, 일정 관리 능력, 교육 운영 경험 · 품질 관리 능력, 문제 해결 능력, 피드백 분석 능력 · 자원 관리 능력, 예산 관리 능력, 행정 처리 능력 · 교육 콘텐츠 개발 능력, BIM·SW 전문지식, 협업 능력 · 대외 협력 능력, 네트워크 구축 능력, 인증·평가 대응 능력 · 문제 해결 능력, 기술 분석 능력, 장애 대응 역량 · 문서
A59: 교육·기술지원G2 | B59: 교육·기술지원 | C59: G2 | D59: 실무 | E59: 표준 과정을 보조 또는 공동 진행하며 실습 관리·수강생 질의응답·교재 업데이트 등 운영 지원을 수행하는 역할. | F59: • 공동 교육과정 운영 참여 권한 • 실습 관리·수강생 질의응답 책임 • 교재 업데이트·운영 지원 | G59: 교육 과정 기획 및 운영 | H59: 학습 품질 관리 | I59: 자원 및 행정 관리 | J59: 교육 콘텐츠 개발 및 개선 | K59: 교육과정 설계 능력, 일정 관리 능력, 교육 운영 경험 · 품질 관리 능력, 문제 해결 능력, 피드백 분석 능력 · 자원 관리 능력, 예산 관리 능력, 행정 처리 능력 · 교육 콘텐츠 개발 능력, BIM·SW 전문지식, 협업 능력 · 대외 협력 능력, 네트워크 구축 능력, 인증·평가 대응 능력 · 문제 해결 능력, 기술 분석 능력, 장애 대응 역량 · 문서
A60: 교육·기술지원G1 | B60: 교육·기술지원 | C60: G1 | D60: 실무 보조 | E60: 교육 운영에 필요한 준비·등록·실습 환경 세팅과 기본 자료 정리 등 기초 업무를 보조하는 역할. | F60: • 교육 준비·등록·환경 세팅 지원 • 기본 자료 정리·행정 보조 • 실습 운영 지원 | G60: 교육 과정 기획 및 운영 | H60: 학습 품질 관리 | I60: 자원 및 행정 관리 | J60: 교육 콘텐츠 개발 및 개선 | K60: 교육과정 설계 능력, 일정 관리 능력, 교육 운영 경험 · 품질 관리 능력, 문제 해결 능력, 피드백 분석 능력 · 자원 관리 능력, 예산 관리 능력, 행정 처리 능력 · 교육 콘텐츠 개발 능력, BIM·SW 전문지식, 협업 능력 · 대외 협력 능력, 네트워크 구축 능력, 인증·평가 대응 능력 · 문제 해결 능력, 기술 분석 능력, 장애 대응 역량 · 문서

Sheet 14_직무책무DB
A1: 직무별 책무·과업 상세 DB (직무 프로파일)
A2: 직무 프로파일의 책무·과업·필요스킬 — 06_직무역량평가의 평가 항목으로 직접 사용됩니다
A3: ■ 직무 × 전문영역 × 핵심책무 × 핵심과업 × 필요스킬
A4: No. | B4: 직무 | C4: 전문영역 | D4: 핵심 책무 | E4: 핵심 과업 | F4: 필요 스킬 | G4: 조회키(직무_책무) | H4: 비고
A5: 1 | B5: 경영전략기획 | C5: 경영기획 | D5: 중장기 경영전략 수립 | E5: • 내외부 경영환경 분석을 통해 중장기 전략방향 설정 • 내·외부 환경 분석(PEST·SWOT)을 통한 경영환경 진단 • 핵심성공요소(CSF) 도출 및 전략적 목표 설정 • 중장기 비전, 경영방침, 실행 로드맵 수립 • 전략목표별 세부 추진계획 수립 및 모니터링 | F5: 전략적 사고력, 데이터 분석력, 기획력, 조직이해 능력 | G5: 경영전략기획_중장기 경영전략 수립
A6: 2 | B6: 경영전략기획 | C6: 경영기획 | D6: 조직 목표 및 KPI 관리 | E6: 성과지표 체계구축과 관리 • 연간 사업계획 및 KPI 체계 수립 • 성과지표 정의서(Indicator Definition Sheet) 작성 및 관리 • 부서별 목표연계 및 KPI 달성 모니터링 • 실적분석 및 개선과제 도출, 성과보고서 작성 | F6: 성과관리 능력, 문제해결력, 데이터 시각화(BI), 커뮤니케이션 능력 | G6: 경영전략기획_조직 목표 및 KPI 관리
A7: 3 | B7: 경영전략기획 | C7: 경영기획 | D7: 경영계획 및 예산수립 | E7: 연간사업계획 및 예산조정관리 • 예산편성 지침 수립 및 예산 항목별 소요예산 산정 • 부서별 예산 조정·통합 및 전사 예산안 편성 • 예산 대비 실적분석 및 차년도 예산 반영 • 비용구조 개선 및 자원배분 효율화 방안 수립 | F7: 재무·회계 지식, 엑셀·스프레드시트 활용, 수리분석 능력 | G7: 경영전략기획_경영계획 및 예산수립
A8: 4 | B8: 경영전략기획 | C8: 경영기획 | D8: 경영평가 및 모니터링 | E8: 전사 성과 및 부서별 실적평가 체계화 • 경영실적 점검계획 수립 및 성과지표 운영관리 • 부서별 실적 측정 및 편차 분석 • 성과평가 보고서 작성 및 개선 피드백 체계 구축 • 평가결과 기반의 조직 성과관리 체계 고도화 | F8: 분석력, 통계해석, 프레젠테이션 능력, 리포팅 능력 | G8: 경영전략기획_경영평가 및 모니터링
A9: 5 | B9: 경영전략기획 | C9: 경영기획 | D9: 신규 사업 기획 및 타당성 검토 | E9: 신사업 발굴 및 사업성 검토 • 신사업 아이디어 발굴 및 시장·경쟁환경 조사 • 사업성·수익성·타당성 검토 및 투자계획 수립 • 투자금 집행 및 리스크 대응계획 수립 • 사업성과 모니터링 및 개선안 제시 | F9: 시장조사 능력, 재무분석, 의사결정 능력, 프로젝트 관리(PM) | G9: 경영전략기획_신규 사업 기획 및 타당성 검토
A10: 6 | B10: 경영전략기획 | C10: 경영기획 | D10: 리스크 성과분석 | E10: 경영리스크 파악 및 대응계획 수립 • 경영리스크 유형별 파악 및 위험도 평가 • 사전대응계획 수립 및 점검 • 핵심리스크지표(KRI) 관리 및 개선활동 실행 • 투자자·협력사·관계사·유관기관과의 협력체계 구축 | F10: 리스크관리 능력, 협상력, 문서작성능력, 조직 내·외 커뮤니케이션 | G10: 경영전략기획_리스크 성과분석
A11: 7 | B11: 경영전략기획 | C11: 인사총무 | D11: 인사관리 및 인력운영 | E11: • 입·퇴사자 인사 프로세스 관리(계약서, 4대보험, 인사발령) • 근태·휴가·연장근무·출장 등 근무관리 • 인사기록카드, 인사DB 업데이트 및 관리 • 인력 배치 및 조직도 관리 | F11: HRM 시스템 활용능력, 문서작성 능력, 개인정보 관리 의식 | G11: 경영전략기획_인사관리 및 인력운영
A12: 8 | B12: 경영전략기획 | C12: 인사총무 | D12: 급여 및 복리후생 | E12: • 급여·상여·성과급 정산 및 지급 관리 • 4대보험, 퇴직연금, 연말정산 관리 • 각종 복리후생(건강검진, 경조사, 식대·복지카드 등) 운영 • 외부 대행기관(세무·보험사) 협업 및 증빙자료 제출 | F12: 급여정산 지식, 세무·보험 이해, 개인정보 관리 으식, 일정관리 능력 | G12: 경영전략기획_급여 및 복리후생
A13: 9 | B13: 경영전략기획 | C13: 인사총무 | D13: 총무 및 자산관리 | E13: • 사무실 운영(비품, 문서, 시설, 차량, 우편, 택배 등) • 사무공간 및 비품 구매·재고관리 • 보안·출입통제·청소·시설 유지보수 관리 • 외주업체(시설, 보안, 용역 등) 계약 및 정산 | F13: 행정처리 능력, 회계 이해, 문서관리력, 협력사 커뮤니케이션 | G13: 경영전략기획_총무 및 자산관리
A14: 10 | B14: 경영전략기획 | C14: 인사총무 | D14: 노무 및 법규 | E14: • 근로계약서, 취업규칙, 인사제도 운영 관리 • 노동법, 개인정보보호법 등 법규 준수 모니터링 • 근로감독·노무 컨설팅 대응 • 인사 관련 공문, 신고서, 공단문서 작성 및 제출 | F14: 근로기준법 이해, 노무 실무, 대외 공문서 작성 능력, 직원 대응 커뮤니케이션 | G14: 경영전략기획_노무 및 법규
A15: 11 | B15: 경영전략기획 | C15: 인사총무 | D15: 조직문화 및 사내행사 | E15: • 사내 행사(워크숍, 창립기념일, 송년회 등) 기획·진행 • 사내 공지, 게시판, 뉴스레터 등 내부 커뮤니케이션 운영 • 신규입사자 온보딩(교육·OT) 및 퇴직면담 관리 • 사내 복지 프로그램 기획 및 만족도 조사 | F15: 행사기획·운영능력, 대인 커뮤니케이션, 프레젠테이션, 행사 홍보 자료 기본 작성 편집능력 | G15: 경영전략기획_조직문화 및 사내행사
A16: 12 | B16: 경영전략기획 | C16: 재무회계 | D16: 재무 전략 및 자금 관리 | E16: 자금 조달·운영, 재무 리스크 관리, 투자 검토 | F16: 재무지식, 분석력 | G16: 경영전략기획_재무 전략 및 자금 관리
... A65: 61 | B65: 연구개발(R&D) | C65: 국책연구과제 | D65: 데이터 및 지식재산 관리 | E65: • 연구데이터 표준화 및 DB 구축 • 성과물(논문, 특허, 보고서 등) 관리체계 운영 | F65: 데이터 관리능력, DB 설계·정리, 정보보안 인식 | G65: 연구개발(R&D)_데이터 및 지식재산 관리
