Workbook

Sheet 00_운영가이드
A1: d
A2: 1년 2회 평가(상·하반기) → 등급 결정 → 임금 조정 → 페이밴드 검증의 End-to-End 운영 도구
A4: ■ 우리가 하려는 일 (핵심 의사결정 4단계)
A5: 단계 | B5: 핵심 작업 | C5: 의사결정 | D5: 주요 내용
A6: STEP 1 | B6: 평가 실시 | C6: 연 2회(상반기·하반기) 개인별 3축 평가 | D6: 역할평가 + 공통역량평가 + 직무역량평가
A7: STEP 2 | B7: 등급 결정 | C7: 회사 전체 KPI + 개인 평가 결과 종합 | D7: 3축 가중통합 → 최종 등급(S/A/B/C/D) 산출
A8: STEP 3 | B8: 임금 조정 | C8: 평가 등급에 따라 차년도 기본연봉 인상 | D8: S 6% / A 5% / B 4% / C 3% / D 2% (+ 승진 가산)
A9: STEP 4 | B9: 페이밴드 관리 | C9: 전체 임직원 임금이 역할등급별 범위 내 유지 | D9: Min/Mid/Max 검증 → 이탈자 조정 권고
A12: ■ 우리가 가진 도구 (산출물)
A13: 도구 | B13: 파일/시트 | E13: 용도·운영 주체
A14: 통합 관리 시트 | B14: 본 파일 (HR 통합관리시스템 v5.xlsx) | E14: HR 담당자가 모든 평가 결과를 모아 종합 등급·인상률·페이밴드를 산출. 본 파일.
A15: 직무별 평가지 | B15: 평가지_2026_v2/평가지_{부서}_2026_v2.xlsx (부서별 6종) | E15: 부서장(1·2차 평가자)이 작성. HR이 배포·회수 후 [복사용 행]을 통합시트에 옮김.
A17: ■ HR 담당자 운영 흐름 (한 평가 사이클)
A18: 단계 | B18: 내용
A19: ① 준비 | B19: 01_인적정보 확인 + 15_직원별책무매핑에서 직원별 메인 책무 O/X 선택
A20: ② 배포 | B20: 평가지_{부서}_2026_v2.xlsx 6개 파일을 각 부서장에게 배포 (이메일/공유폴더)
A21: ③ 평가 | B21: 부서장(1·2차 평가자)이 각자 등급(S/A/B/C/D) 입력 → 시트가 가중평균·등급 자동 산출
A22: ④ 회수 | B22: 평가지 회수 (보통 평가 마감 후 1주일 내)
A23: ⑤ 입력 | B23: 각 평가지 직원 시트 하단 [복사용 입력 행] A~U 21개 셀 통째 복사 → 본 파일 07a/07b의 해당 사번 행 G~AA에 [값 붙여넣기]
A24: ⑥ 점검 | B24: 00_운영현황판에서 누락·이상 알림 확인 → 보완
A25: ⑦ 결과 확인 | B25: 08_종합평가 (최종등급) / 09_보상연계 (인상률·신규연봉) / 10_성과급관리 / 11_페이밴드검증 / 12_시뮬레이션
A27: ■ 본 파일 시트 역할 (18개)
A28: 시트 | B28: 역할 | G28: 유형
A29: 00_운영가이드 | B29: 본 시트 - 운영 흐름·시트 안내 | G29: 안내
A30: 00_운영현황판 | B30: 평가 진행률·이상 알림·등급 분포 한눈에 | G30: 대시보드
A31: 01_인적정보 | B31: 직원 마스터(34명). 사번·역할등급 입력 | G31: HR 입력
A32: 02_의사결정·종합결과 | B32: 가중치·인상률·페이밴드·평가자 비중 설정 | G32: HR 입력
A33: 03_전사업적평가 | B33: 전사 KPI 실적 입력 → 성과급 재원 가산 | G33: HR 입력
A34: 04_역할평가 | B34: 자동 산출 (07a/07b 입력값 기반) | G34: 자동
A35: 05_공통역량평가 | B35: 자동 산출 (11개 역량 가중합산) | G35: 자동
A36: 06_직무역량평가 | B36: 자동 산출 (개인별 메인 책무 평균) | G36: 자동
A37: 07a_상반기입력 | B37: 부서별 평가지의 [복사용 행]을 여기 G~AA에 붙여넣기 | G37: HR 입력 (핵심)
A38: 07b_하반기입력 | B38: 하반기 동일 구조 | G38: HR 입력 (핵심)
A39: 08_종합평가 | B39: 3축 가중통합 → 최종 등급 | G39: 자동
... A46: 15_직원별책무매핑 | B46: 직원별 메인 책무 O/X 선택 | G46: HR 입력
A48: ■ 색상 범례
B49: 노란셀 | C49: HR이 직접 입력 | F49: 연두셀 | G49: 자동 계산 - 수정 금지
B50: 회색셀 | C50: 참고 라벨 | F50: 주황셀 | G50: 안내·중요 표시
B51: S/A 등급 | C51: 탁월·우수 | F51: D 등급/이탈 | G51: 즉시 조치
A81: 본 시스템은 베이시스소프트의 임금·평가 운영을 위해 설계되었습니다. 사용 중 의문 사항은 컨설팅 담당자 또는 시앤피컨설팅 이석주 컨설턴트에게 문의해 주세요.

Sheet 00_운영현황판
A1: ★ HR 운영 현황판 (모든 평가 진행 상황 한눈에)
A2: 이 시트가 평가 사이클의 컨트롤 타워. 여기서 진행률·이상신호 확인 후 각 시트로 진입.
A3: ✻ 이 시트는 평가 사이클이 진행되는 동안 매일 가장 먼저 확인하는 페이지입니다. 진행률·이상 알림으로 현재 상태를 즉시 파악하세요.
A4: ■ 평가 진행 현황
A5: 지표 | B5: 상반기 진행 | C5: 하반기 진행 | D5: 상태
A6: 총 직원수 | B6: =COUNTA('01_인적정보'!C6:C65) -> 34 | C6: =B6 -> 34 | D6: =IF(B$6=0,"",IF(B6>=B$6,"✓ 완료",IF(B6>0,"진행중","미시작"))) -> ✓ 완료
A7: 역할평가 입력완료 | B7: =COUNTA('07a_상반기입력'!L6:L39) -> 0 | C7: =COUNTA('07b_하반기입력'!L6:L39) -> 0 | D7: =IF(B$6=0,"",IF(B7>=B$6,"✓ 완료",IF(B7>0,"진행중","미시작"))) -> 미시작
A8: 공통역량 입력완료 | B8: =COUNTA('07a_상반기입력'!N6:N39) -> 0 | C8: =COUNTA('07b_하반기입력'!N6:N39) -> 0 | D8: =IF(B$6=0,"",IF(B8>=B$6,"✓ 완료",IF(B8>0,"진행중","미시작"))) -> 미시작
A9: 직무역량 입력완료 | B9: =COUNTA('07a_상반기입력'!Y6:Y39) -> 0 | C9: =COUNTA('07b_하반기입력'!Y6:Y39) -> 0 | D9: =IF(B$6=0,"",IF(B9>=B$6,"✓ 완료",IF(B9>0,"진행중","미시작"))) -> 미시작
A10: 종합평가 산출완료 | B10: =COUNTA('08_종합평가'!U6:U39) -> 34 | C10: =B10 -> 34 | D10: =IF(B$6=0,"",IF(B10>=B$6,"✓ 완료",IF(B10>0,"진행중","미시작"))) -> ✓ 완료
A12: ■ 이상 알림 (자동 점검)
A13: 가중치 합계 검증 (G6~G1) | B13: =IF(SUMPRODUCT(('02_의사결정·종합결과'!E16:E22<>1)*1)>0,"✗ 가중치 합계 ≠ 100% 행 존재","✓ 모든 가중치 OK") -> ✓ 모든 가중치 OK
A14: 상반기 등급 누락자 수 | B14: =COUNTA('01_인적정보'!B6:B39) - COUNTA('07a_상반기입력'!L6:L39) -> 34
A15: 하반기 등급 누락자 수 | B15: =COUNTA('01_인적정보'!B6:B39) - COUNTA('07b_하반기입력'!L6:L39) -> 34
A16: 페이밴드 이탈자 수 | B16: =SUMPRODUCT(('09_보상연계'!O6:O39<'09_보상연계'!L6:L39)+('09_보상연계'!O6:O39>'09_보상연계'!M6:M39)) -> 30
A17: 페이밴드 검증 시트의 이탈자 (참조) | B17: =SUM('11_페이밴드검증'!H6:H12) -> 4
A19: ■ 평가 등급 분포 (전사 종합)
A20: 등급 | B20: S | C20: A | D20: B | E20: C | F20: D
A21: 인원수 | B21: =COUNTIF('08_종합평가'!U6:U39,"S") -> 0 | C21: =COUNTIF('08_종합평가'!U6:U39,"A") -> 0 | D21: =COUNTIF('08_종합평가'!U6:U39,"B") -> 0 | E21: =COUNTIF('08_종합평가'!U6:U39,"C") -> 0 | F21: =COUNTIF('08_종합평가'!U6:U39,"D") -> 34
A24: ■ 오늘 해야 할 일
A25: 1) 01_인적정보에서 직원 명단·역할등급(G5-M/G5-S 포함) 확인
A26: 2) 15_직원별책무매핑에서 직원별 메인 책무 선택 (신규 - 평가 시작 전 필수)
A27: 3) 부서별 평가지 6종 배포 (평가자에게 이메일/공유폴더 전달)
A28: 4) 평가지 회수 후 07a/07b 상·하반기 입력 시트에 등급 입력
A29: 5) 본 시트에서 진행률·이상알림 확인
A30: 6) 모두 완료 시 08~12 산출 시트에서 결과 확인

Sheet 01_인적정보
A1: 임직원 명부 마스터 (Master)
A2: 사번을 키로 모든 시트를 연결. 노란셀만 직접 수정. ★ G5는 M(부서장)/S(스페셜리스트)로 분리되어 있습니다.
A5: No. | B5: 사번 | C5: 성명 | D5: 직군 | E5: 직무 | F5: 부서 | G5: 기존직급 | H5: 역할등급 | I5: 입사일 | J5: 근속연수 | K5: 기존연봉 | L5: 주요 책무 수 | M5: 조회키(직무_등급) | N5: 비고
A6: 1 | B6: BSS-001 | C6: 이화형 | D6: 영업 | E6: 프로젝트영업 | F6: 스마트사업부 | G6: 전무 | H6: G6 | I6: 2014-01-08 | J6: =IFERROR(ROUND((TODAY()-DATEVALUE(I6))/365,1),"") -> 12.4 | K6: 72500000 | L6: =IFERROR(INDEX('15_직원별책무매핑'!$E:$E,MATCH(B6,'15_직원별책무매핑'!$B:$B,0)),0) -> 0 | M6: =E6&"_"&H6 -> 프로젝트영업_G6
A7: 2 | B7: BSS-002 | C7: 강전용 | D7: 연구&개발 | E7: 연구개발(R&D) | F7: R&D본부 | G7: 상무 | H7: G6 | I7: 2014-02-15 | J7: =IFERROR(ROUND((TODAY()-DATEVALUE(I7))/365,1),"") -> 12.2 | K7: 68870000 | L7: =IFERROR(INDEX('15_직원별책무매핑'!$E:$E,MATCH(B7,'15_직원별책무매핑'!$B:$B,0)),0) -> 0 | M7: =E7&"_"&H7 -> 연구개발(R&D)_G6
A8: 3 | B8: BSS-003 | C8: 김현민 | D8: 설계 | E8: BIM컨설팅 | F8: 컨설팅본부 | G8: 상무 | H8: G6 | I8: 2014-03-22 | J8: =IFERROR(ROUND((TODAY()-DATEVALUE(I8))/365,1),"") -> 12.2 | K8: 67500000 | L8: =IFERROR(INDEX('15_직원별책무매핑'!$E:$E,MATCH(B8,'15_직원별책무매핑'!$B:$B,0)),0) -> 0 | M8: =E8&"_"&H8 -> BIM컨설팅_G6
A9: 4 | B9: BSS-004 | C9: 이일곤 | D9: 경영관리 | E9: 경영전략기획 | F9: 경영전략실 | G9: 이사 | H9: G6 | I9: 2014-04-01 | J9: =IFERROR(ROUND((TODAY()-DATEVALUE(I9))/365,1),"") -> 12.1 | K9: 64530000 | L9: =IFERROR(INDEX('15_직원별책무매핑'!$E:$E,MATCH(B9,'15_직원별책무매핑'!$B:$B,0)),0) -> 0 | M9: =E9&"_"&H9 -> 경영전략기획_G6
A10: 5 | B10: BSS-005 | C10: 송헌영 | D10: 경영관리 | E10: 경영전략기획 | F10: 경영전략실 | G10: 이사 | H10: G6 | I10: 2015-05-08 | J10: =IFERROR(ROUND((TODAY()-DATEVALUE(I10))/365,1),"") -> 11 | K10: 65180000 | L10: =IFERROR(INDEX('15_직원별책무매핑'!$E:$E,MATCH(B10,'15_직원별책무매핑'!$B:$B,0)),0) -> 0 | M10: =E10&"_"&H10 -> 경영전략기획_G6
A11: 6 | B11: BSS-006 | C11: 이재용 | D11: 경영관리 | E11: 경영전략기획 | F11: 경영전략실 | G11: 이사 | H11: G6 | I11: 2015-06-15 | J11: =IFERROR(ROUND((TODAY()-DATEVALUE(I11))/365,1),"") -> 10.9 | K11: 62000000 | L11: =IFERROR(INDEX('15_직원별책무매핑'!$E:$E,MATCH(B11,'15_직원별책무매핑'!$B:$B,0)),0) -> 0 | M11: =E11&"_"&H11 -> 경영전략기획_G6
A12: 7 | B12: BSS-007 | C12: 이진행 | D12: 교육 및 기술지원 | E12: 교육 | F12: 솔루션본부 | G12: 부장 | H12: G5-M | I12: 2015-07-22 | J12: =IFERROR(ROUND((TODAY()-DATEVALUE(I12))/365,1),"") -> 10.8 | K12: 59700000 | L12: =IFERROR(INDEX('15_직원별책무매핑'!$E:$E,MATCH(B12,'15_직원별책무매핑'!$B:$B,0)),0) -> 0 | M12: =E12&"_"&H12 -> 교육_G5-M
A13: 8 | B13: BSS-008 | C13: 김민수 | D13: 교육 및 기술지원 | E13: 기술지원 | F13: 솔루션본부 | G13: 부장 | H13: G5-M | I13: 2015-08-01 | J13: =IFERROR(ROUND((TODAY()-DATEVALUE(I13))/365,1),"") -> 10.8 | K13: 59050000 | L13: =IFERROR(INDEX('15_직원별책무매핑'!$E:$E,MATCH(B13,'15_직원별책무매핑'!$B:$B,0)),0) -> 0 | M13: =E13&"_"&H13 -> 기술지원_G5-M
A14: 9 | B14: BSS-009 | C14: 박남식 | D14: 설계 | E14: BIM컨설팅 | F14: 컨설팅본부 | G14: 부장 | H14: G5-M | I14: 2016-09-08 | J14: =IFERROR(ROUND((TODAY()-DATEVALUE(I14))/365,1),"") -> 9.7 | K14: 59050000 | L14: =IFERROR(INDEX('15_직원별책무매핑'!$E:$E,MATCH(B14,'15_직원별책무매핑'!$B:$B,0)),0) -> 0 | M14: =E14&"_"&H14 -> BIM컨설팅_G5-M
A15: 10 | B15: BSS-010 | C15: 신재민 | D15: 설계 | E15: BIM컨설팅 | F15: 컨설팅본부 | G15: 부장 | H15: G5-S | I15: 2016-10-15 | J15: =IFERROR(ROUND((TODAY()-DATEVALUE(I15))/365,1),"") -> 9.6 | K15: 59050000 | L15: =IFERROR(INDEX('15_직원별책무매핑'!$E:$E,MATCH(B15,'15_직원별책무매핑'!$B:$B,0)),0) -> 0 | M15: =E15&"_"&H15 -> BIM컨설팅_G5-S
A16: 11 | B16: BSS-011 | C16: 마장엽 | D16: 설계 | E16: BIM컨설팅 | F16: 컨설팅본부 | G16: 부장 | H16: G5-S | I16: 2016-11-22 | J16: =IFERROR(ROUND((TODAY()-DATEVALUE(I16))/365,1),"") -> 9.5 | K16: 57760000 | L16: =IFERROR(INDEX('15_직원별책무매핑'!$E:$E,MATCH(B16,'15_직원별책무매핑'!$B:$B,0)),0) -> 0 | M16: =E16&"_"&H16 -> BIM컨설팅_G5-S
A17: 12 | B17: BSS-012 | C17: 하은주 | D17: 경영관리 | E17: 경영전략기획 | F17: 마케팅팀 | G17: 부장 | H17: G5-M | I17: 2016-12-01 | J17: =IFERROR(ROUND((TODAY()-DATEVALUE(I17))/365,1),"") -> 9.5 | K17: 57760000 | L17: =IFERROR(INDEX('15_직원별책무매핑'!$E:$E,MATCH(B17,'15_직원별책무매핑'!$B:$B,0)),0) -> 0 | M17: =E17&"_"&H17 -> 경영전략기획_G5-M
... A39: 34 | B39: BSS-034 | C39: 엄보근 | D39: 설계 | E39: BIM컨설팅 | F39: 컨설팅본부 | G39: 사원 | H39: G1 | I39: 2022-10-15 | J39: =IFERROR(ROUND((TODAY()-DATEVALUE(I39))/365,1),"") -> 3.6 | K39: 32000000 | L39: =IFERROR(INDEX('15_직원별책무매핑'!$E:$E,MATCH(B39,'15_직원별책무매핑'!$B:$B,0)),0) -> 0 | M39: =E39&"_"&H39 -> BIM컨설팅_G1
A42: ■ 자동 통계 (역할등급별/직군별/부서별)
A43: 역할등급 | B43: 인원 | L43: =IFERROR(INDEX('15_직원별책무매핑'!$E:$E,MATCH(B43,'15_직원별책무매핑'!$B:$B,0)),0) -> 0
A44: G6 | B44: =COUNTIF(H6:H85,"G6") -> 6 | L44: =IFERROR(INDEX('15_직원별책무매핑'!$E:$E,MATCH(B44,'15_직원별책무매핑'!$B:$B,0)),0) -> 0
A45: G5-M | B45: =COUNTIF(H6:H85,"G5-M") -> 4 | L45: =IFERROR(INDEX('15_직원별책무매핑'!$E:$E,MATCH(B45,'15_직원별책무매핑'!$B:$B,0)),0) -> 0
A46: G5-S | B46: =COUNTIF(H6:H85,"G5-S") -> 6 | L46: =IFERROR(INDEX('15_직원별책무매핑'!$E:$E,MATCH(B46,'15_직원별책무매핑'!$B:$B,0)),0) -> 0
A47: G4 | B47: =COUNTIF(H6:H85,"G4") -> 2 | L47: =IFERROR(INDEX('15_직원별책무매핑'!$E:$E,MATCH(B47,'15_직원별책무매핑'!$B:$B,0)),0) -> 0
A48: G3 | B48: =COUNTIF(H6:H85,"G3") -> 2 | L48: =IFERROR(INDEX('15_직원별책무매핑'!$E:$E,MATCH(B48,'15_직원별책무매핑'!$B:$B,0)),0) -> 0
A49: G2 | B49: =COUNTIF(H6:H85,"G2") -> 6 | L49: =IFERROR(INDEX('15_직원별책무매핑'!$E:$E,MATCH(B49,'15_직원별책무매핑'!$B:$B,0)),0) -> 0
A50: G1 | B50: =COUNTIF(H6:H85,"G1") -> 8

Sheet 02_의사결정·종합결과
A1: HR 의사결정 컨피그 (가중치·인상률·페이밴드)
A2: 이 시트에서 가중치·인상률·페이밴드를 정의. 모든 산출 시트가 자동 참조합니다.
A4: ■ ① 평가 방식·반기 가중치
A5: 평가 척도 | B5: 5점 | C5: 5점 또는 100점 (전 시트 일괄 적용)
A6: 평가 방식 | B6: 절대평가 | C6: 절대평가: 점수→등급 환산 / 상대평가: 분포 강제
A7: 상반기 가중치 | B7: 0.5 | C7: 평가차수별 가중치
A8: 하반기 가중치 | B8: =1-B7 -> 0.5 | C8: 자동 계산
A10: 강제분포 비중 | B10: S | C10: A | D10: B | E10: C | F10: D
B11: 0.1 | C11: 0.15 | D11: 0.5 | E11: 0.15 | F11: 0.1
A14: ■ ② 직급별 3축 평가 가중치 (역할 + 공통역량 + 직무역량 = 100%) ★ G5-M/G5-S 분리
A15: 역할등급 | B15: 역할평가 W | C15: 공통역량 W | D15: 직무역량 W | E15: 합계 | F15: 검증 | G15: 설계 의도
A16: G6 | B16: 0.4 | C16: 0.25 | D16: 0.35 | E16: =B16+C16+D16 -> 1 | F16: =IF(E16=1,"✓ OK","✗ ≠100%") -> ✓ OK | G16: 경영성과 책임·전사 의사결정 중심
A17: G5-M | B17: 0.35 | C17: 0.3 | D17: 0.35 | E17: =B17+C17+D17 -> 1 | F17: =IF(E17=1,"✓ OK","✗ ≠100%") -> ✓ OK | G17: 조직 관리·부서장 성과 책임
A18: G5-S | B18: 0.3 | C18: 0.3 | D18: 0.4 | E18: =B18+C18+D18 -> 1 | F18: =IF(E18=1,"✓ OK","✗ ≠100%") -> ✓ OK | G18: 실무 스페셜리스트·전문성 강조
A19: G4 | B19: 0.3 | C19: 0.3 | D19: 0.4 | E19: =B19+C19+D19 -> 1 | F19: =IF(E19=1,"✓ OK","✗ ≠100%") -> ✓ OK | G19: 실무 책임자, 직무역량 강조
A20: G3 | B20: 0.25 | C20: 0.3 | D20: 0.45 | E20: =B20+C20+D20 -> 1 | F20: =IF(E20=1,"✓ OK","✗ ≠100%") -> ✓ OK | G20: 핵심 실무자, 직무 깊이 가중
A21: G2 | B21: 0.2 | C21: 0.35 | D21: 0.45 | E21: =B21+C21+D21 -> 1 | F21: =IF(E21=1,"✓ OK","✗ ≠100%") -> ✓ OK | G21: 실무자, 역량 개발 집중
A22: G1 | B22: 0.15 | C22: 0.35 | D22: 0.5 | E22: =B22+C22+D22 -> 1 | F22: =IF(E22=1,"✓ OK","✗ ≠100%") -> ✓ OK | G22: 신입·실무 보조, 기본기 학습
A24: ■ ③ 평가 등급별 인상률·성과급률
A25: 구분 | B25: S | C25: A | D25: B | E25: C | F25: D | G25: 비고
A26: 기본연봉 인상률 | B26: 0.06 | C26: 0.05 | D26: 0.04 | E26: 0.03 | F26: 0.02 | G26: 09_보상연계에 자동 반영
A27: 성과급 지급률 | B27: 0.2 | C27: 0.15 | D27: 0.1 | E27: 0.05 | F27: 0 | G27: 10_성과급관리에 자동 반영
A28: 승진 가산률 | B28: 0.01 | C28: 승진(역할등급 상승) 시 기본연봉 인상률에 가산 | G28: Y/N 선택 시 자동 적용
A30: ■ ④ 페이밴드 (역할등급별 기본연봉 범위)
A31: 역할등급 | B31: 최소(Min) | C31: 중위(Mid) | D31: 최대(Max) | E31: Range Spread
A32: G6 | B32: 58000000 | C32: 69000000 | D32: 80000000 | E32: =(D32-B32)/B32 -> 0.37931034
A33: G5-M | B33: 53000000 | C33: 63000000 | D33: 73000000 | E33: =(D33-B33)/B33 -> 0.37735849
A34: G5-S | B34: 53000000 | C34: 63000000 | D34: 73000000 | E34: =(D34-B34)/B34 -> 0.37735849
A35: G4 | B35: 49000000 | C35: 57500000 | D35: 66000000 | E35: =(D35-B35)/B35 -> 0.34693878
A36: G3 | B36: 42000000 | C36: 49500000 | D36: 57000000 | E36: =(D36-B36)/B36 -> 0.35714286
A37: G2 | B37: 36000000 | C37: 42500000 | D37: 49000000 | E37: =(D37-B37)/B37 -> 0.36111111
A38: G1 | B38: 33000000 | C38: 38500000 | D38: 44000000 | E38: =(D38-B38)/B38 -> 0.33333333
A40: ■ ⑤ 공통역량별 가중치 (11개 역량)
A41: No. | B41: 역량군 | C41: 핵심 역량 | D41: 가중치 | E41: 역량 설명
A42: C-1 | B42: 업무역량 | C42: 직무 전문성 | D42: 0.15 | E42: 직무에 필요한 전문 지식 및 기술을 충분히 보유하고 실무에 적절히 적용하는지 평가
A43: C-2 | B43: 업무역량 | C43: 분석력 | D43: 0.1 | E43: 데이터·수치를 기반으로 사고하며 업무 효율을 높이는 능력
A44: C-3 | B44: 업무역량 | C44: 기획/실행력 | D44: 0.1 | E44: 실행 가능한 목표 설정·계획 수립·체계적 실행 능력
A45: C-4 | B45: 조직역량 | C45: 자원·시간 관리 | D45: 0.1 | E45: 업무 우선순위 설정 및 시간 내 효과적 업무 완수 능력
A46: C-5 | B46: 조직역량 | C46: 협업 능력 | D46: 0.1 | E46: 팀원·타 부서와의 협업 태도와 적극적 협력
A47: C-6 | B47: 조직역량 | C47: 소통 능력 | D47: 0.1 | E47: 명확한 의견 전달·경청·효과적 커뮤니케이션
A48: C-7 | B48: 인성역량 | C48: 윤리/책임감 | D48: 0.1 | E48: 공정·투명한 업무 처리와 책임감 있는 업무 수행
A49: C-8 | B49: 인성역량 | C49: 업무 태도 | D49: 0.1 | E49: 성실·주도적 태도, 변화에 대한 유연성
A50: C-9 | B50: 미래역량 | C50: 혁신 역량 | D50: 0.05 | E50: AI·자동화 등 최신 기술을 실무에 접목
A51: C-10 | B51: 미래역량 | C51: 프로세스 개선 | D51: 0.05 | E51: 업무 절차 분석 및 비효율 개선 아이디어 제시·실행
A52: C-11 | B52: 미래역량 | C52: 지속가능 기여 | D52: 0.05 | E52: 장기적 성과 향상·조직 기여도
A66: ■ ⑥ 1차/2차 평가자 가중치
A67: 1차 평가자 (직속상사) | B67: 0.5 | C67: 직속상사 평가 가중치. 평가지·통합시트에서 자동 적용. 기본 50%, 조직 상황에 맞게 조정.
A68: 2차 평가자 (조정자) | B68: =1-B67 -> 0.5 | C68: 자동 계산 (1 - 1차 가중치). 조정자(부서장·임원) 가중치.

Sheet 03_전사업적평가
A1: 전사 업적 평가 (전사 KPI)
A2: 전사 KPI 달성도 → 성과급 가산 계수로 활용 (10_성과급관리에서 자동 참조)
A5: No. | B5: KPI | C5: 측정방법 | D5: 가중치 | E5: 목표 | F5: S 기준 | G5: A 기준 | H5: B 기준 | I5: C 기준 | J5: D 기준 | K5: 실적
A6: 1 | B6: 영업이익률 | C6: 영업이익 ÷ 매출액 × 100 | D6: 0.4 | E6: 0.12 | F6: 0.15 | G6: 0.12 | H6: 0.1 | I6: 0.08 | J6: 0.06
A7: 2 | B7: 매출 성장률 | C7: (금년-전년)/전년 × 100 | D7: 0.35 | E7: 0.07 | F7: 0.08 | G7: 0.07 | H7: 0.06 | I7: 0.05 | J7: 0.04
A8: 3 | B8: 프로젝트 납기·품질 준수율 | C8: 납기·품질 충족 ÷ 총 프로젝트 × 100 | D8: 0.25 | E8: 0.92 | F8: 0.93 | G8: 0.92 | H8: 0.91 | I8: 0.9 | J8: 0.89
A10: ■ 전사 KPI 종합
A11: 전사 종합 등급 | B11: =IFERROR(IF(COUNTBLANK(K6:K8)>0,"",IF(SUMPRODUCT(D6:D8,(K6:K8>=F6:F8)*1)>=0.8,"S",IF(SUMPRODUCT(D6:D8,(K6:K8>=G6:G8)*1)>=0.8,"A",IF(SUMPRODUCT(D6:D8,(K6:K8>=H6:H8)*1)>=0.8,"B",IF(SUMPRODUCT(D6:D8,(K6:K8>=I6:I8)*1)>=0.8,"C","D"))))),"-") | C11: 실적 입력 후 자동 산출. 10_성과급관리의 KPI 가산계수로 활용.

Sheet 04_역할평가
A1: 역할평가 (자동 산출)
A2: 07a/07b의 1·2차 평가자 종합 등급 → 02_의사결정의 평가자 가중치 적용 → 확정 등급
A4: ■ 상반기 역할평가
A5: No. | B5: 사번 | C5: 성명 | D5: 직무 | E5: 역할등급 | F5: 역할(1차) | G5: 역할(2차) | H5: 가중평균(점수) | I5: 확정등급
A6: ='01_인적정보'!A6 -> 1 | B6: ='01_인적정보'!B6 -> BSS-001 | C6: ='01_인적정보'!C6 -> 이화형 | D6: ='01_인적정보'!E6 -> 프로젝트영업 | E6: ='01_인적정보'!H6 -> G6 | F6: ='07a_상반기입력'!G6 -> 0 | G6: ='07a_상반기입력'!H6 -> 0 | H6: =IFERROR(IF(AND(F6<>"",G6<>""),'02_의사결정·종합결과'!$B$67*IF(F6="S",5,IF(F6="A",4,IF(F6="B",3,IF(F6="C",2,IF(F6="D",1,0)))))+'02_의사결정·종합결과'!$B$68*IF(G6="S",5,IF(G6="A",4,IF(G6="B",3,IF(G6="C",2,IF(G6="D",1,0))))),IF(F6<>"",IF(F6="S",5,IF(F6="A",4,IF(F6="B",3,IF(F6="C",2,IF(F6="D",1,0))))),IF(G6<>"",IF(G6="S",5,IF(G6="A",4,IF(G6="B",3,IF(G6="C",2,IF(G6="D",1,0))))),""))),"") -> 0 | I6: =IF(H6="","",IF(H6>=4.5,"S",IF(H6>=3.5,"A",IF(H6>=2.5,"B",IF(H6>=1.5,"C","D"))))) -> D
A7: ='01_인적정보'!A7 -> 2 | B7: ='01_인적정보'!B7 -> BSS-002 | C7: ='01_인적정보'!C7 -> 강전용 | D7: ='01_인적정보'!E7 -> 연구개발(R&D) | E7: ='01_인적정보'!H7 -> G6 | F7: ='07a_상반기입력'!G7 -> 0 | G7: ='07a_상반기입력'!H7 -> 0 | H7: =IFERROR(IF(AND(F7<>"",G7<>""),'02_의사결정·종합결과'!$B$67*IF(F7="S",5,IF(F7="A",4,IF(F7="B",3,IF(F7="C",2,IF(F7="D",1,0)))))+'02_의사결정·종합결과'!$B$68*IF(G7="S",5,IF(G7="A",4,IF(G7="B",3,IF(G7="C",2,IF(G7="D",1,0))))),IF(F7<>"",IF(F7="S",5,IF(F7="A",4,IF(F7="B",3,IF(F7="C",2,IF(F7="D",1,0))))),IF(G7<>"",IF(G7="S",5,IF(G7="A",4,IF(G7="B",3,IF(G7="C",2,IF(G7="D",1,0))))),""))),"") -> 0 | I7: =IF(H7="","",IF(H7>=4.5,"S",IF(H7>=3.5,"A",IF(H7>=2.5,"B",IF(H7>=1.5,"C","D"))))) -> D
A8: ='01_인적정보'!A8 -> 3 | B8: ='01_인적정보'!B8 -> BSS-003 | C8: ='01_인적정보'!C8 -> 김현민 | D8: ='01_인적정보'!E8 -> BIM컨설팅 | E8: ='01_인적정보'!H8 -> G6 | F8: ='07a_상반기입력'!G8 -> 0 | G8: ='07a_상반기입력'!H8 -> 0 | H8: =IFERROR(IF(AND(F8<>"",G8<>""),'02_의사결정·종합결과'!$B$67*IF(F8="S",5,IF(F8="A",4,IF(F8="B",3,IF(F8="C",2,IF(F8="D",1,0)))))+'02_의사결정·종합결과'!$B$68*IF(G8="S",5,IF(G8="A",4,IF(G8="B",3,IF(G8="C",2,IF(G8="D",1,0))))),IF(F8<>"",IF(F8="S",5,IF(F8="A",4,IF(F8="B",3,IF(F8="C",2,IF(F8="D",1,0))))),IF(G8<>"",IF(G8="S",5,IF(G8="A",4,IF(G8="B",3,IF(G8="C",2,IF(G8="D",1,0))))),""))),"") -> 0 | I8: =IF(H8="","",IF(H8>=4.5,"S",IF(H8>=3.5,"A",IF(H8>=2.5,"B",IF(H8>=1.5,"C","D"))))) -> D
A9: ='01_인적정보'!A9 -> 4 | B9: ='01_인적정보'!B9 -> BSS-004 | C9: ='01_인적정보'!C9 -> 이일곤 | D9: ='01_인적정보'!E9 -> 경영전략기획 | E9: ='01_인적정보'!H9 -> G6 | F9: ='07a_상반기입력'!G9 -> 0 | G9: ='07a_상반기입력'!H9 -> 0 | H9: =IFERROR(IF(AND(F9<>"",G9<>""),'02_의사결정·종합결과'!$B$67*IF(F9="S",5,IF(F9="A",4,IF(F9="B",3,IF(F9="C",2,IF(F9="D",1,0)))))+'02_의사결정·종합결과'!$B$68*IF(G9="S",5,IF(G9="A",4,IF(G9="B",3,IF(G9="C",2,IF(G9="D",1,0))))),IF(F9<>"",IF(F9="S",5,IF(F9="A",4,IF(F9="B",3,IF(F9="C",2,IF(F9="D",1,0))))),IF(G9<>"",IF(G9="S",5,IF(G9="A",4,IF(G9="B",3,IF(G9="C",2,IF(G9="D",1,0))))),""))),"") -> 0 | I9: =IF(H9="","",IF(H9>=4.5,"S",IF(H9>=3.5,"A",IF(H9>=2.5,"B",IF(H9>=1.5,"C","D"))))) -> D
A10: ='01_인적정보'!A10 -> 5 | B10: ='01_인적정보'!B10 -> BSS-005 | C10: ='01_인적정보'!C10 -> 송헌영 | D10: ='01_인적정보'!E10 -> 경영전략기획 | E10: ='01_인적정보'!H10 -> G6 | F10: ='07a_상반기입력'!G10 -> 0 | G10: ='07a_상반기입력'!H10 -> 0 | H10: =IFERROR(IF(AND(F10<>"",G10<>""),'02_의사결정·종합결과'!$B$67*IF(F10="S",5,IF(F10="A",4,IF(F10="B",3,IF(F10="C",2,IF(F10="D",1,0)))))+'02_의사결정·종합결과'!$B$68*IF(G10="S",5,IF(G10="A",4,IF(G10="B",3,IF(G10="C",2,IF(G10="D",1,0))))),IF(F10<>"",IF(F10="S",5,IF(F10="A",4,IF(F10="B",3,IF(F10="C",2,IF(F10="D",1,0))))),IF(G10<>"",IF(G10="S",5,IF(G10="A",4,IF(G10="B",3,IF(G10="C",2,IF(G10="D",1,0))))),""))),"") -> 0 | I10: =IF(H10="","",IF(H10>=4.5,"S",IF(H10>=3.5,"A",IF(H10>=2.5,"B",IF(H10>=1.5,"C","D"))))) -> D
A11: ='01_인적정보'!A11 -> 6 | B11: ='01_인적정보'!B11 -> BSS-006 | C11: ='01_인적정보'!C11 -> 이재용 | D11: ='01_인적정보'!E11 -> 경영전략기획 | E11: ='01_인적정보'!H11 -> G6 | F11: ='07a_상반기입력'!G11 -> 0 | G11: ='07a_상반기입력'!H11 -> 0 | H11: =IFERROR(IF(AND(F11<>"",G11<>""),'02_의사결정·종합결과'!$B$67*IF(F11="S",5,IF(F11="A",4,IF(F11="B",3,IF(F11="C",2,IF(F11="D",1,0)))))+'02_의사결정·종합결과'!$B$68*IF(G11="S",5,IF(G11="A",4,IF(G11="B",3,IF(G11="C",2,IF(G11="D",1,0))))),IF(F11<>"",IF(F11="S",5,IF(F11="A",4,IF(F11="B",3,IF(F11="C",2,IF(F11="D",1,0))))),IF(G11<>"",IF(G11="S",5,IF(G11="A",4,IF(G11="B",3,IF(G11="C",2,IF(G11="D",1,0))))),""))),"") -> 0 | I11: =IF(H11="","",IF(H11>=4.5,"S",IF(H11>=3.5,"A",IF(H11>=2.5,"B",IF(H11>=1.5,"C","D"))))) -> D
A12: ='01_인적정보'!A12 -> 7 | B12: ='01_인적정보'!B12 -> BSS-007 | C12: ='01_인적정보'!C12 -> 이진행 | D12: ='01_인적정보'!E12 -> 교육 | E12: ='01_인적정보'!H12 -> G5-M | F12: ='07a_상반기입력'!G12 -> 0 | G12: ='07a_상반기입력'!H12 -> 0 | H12: =IFERROR(IF(AND(F12<>"",G12<>""),'02_의사결정·종합결과'!$B$67*IF(F12="S",5,IF(F12="A",4,IF(F12="B",3,IF(F12="C",2,IF(F12="D",1,0)))))+'02_의사결정·종합결과'!$B$68*IF(G12="S",5,IF(G12="A",4,IF(G12="B",3,IF(G12="C",2,IF(G12="D",1,0))))),IF(F12<>"",IF(F12="S",5,IF(F12="A",4,IF(F12="B",3,IF(F12="C",2,IF(F12="D",1,0))))),IF(G12<>"",IF(G12="S",5,IF(G12="A",4,IF(G12="B",3,IF(G12="C",2,IF(G12="D",1,0))))),""))),"") -> 0 | I12: =IF(H12="","",IF(H12>=4.5,"S",IF(H12>=3.5,"A",IF(H12>=2.5,"B",IF(H12>=1.5,"C","D"))))) -> D
A13: ='01_인적정보'!A13 -> 8 | B13: ='01_인적정보'!B13 -> BSS-008 | C13: ='01_인적정보'!C13 -> 김민수 | D13: ='01_인적정보'!E13 -> 기술지원 | E13: ='01_인적정보'!H13 -> G5-M | F13: ='07a_상반기입력'!G13 -> 0 | G13: ='07a_상반기입력'!H13 -> 0 | H13: =IFERROR(IF(AND(F13<>"",G13<>""),'02_의사결정·종합결과'!$B$67*IF(F13="S",5,IF(F13="A",4,IF(F13="B",3,IF(F13="C",2,IF(F13="D",1,0)))))+'02_의사결정·종합결과'!$B$68*IF(G13="S",5,IF(G13="A",4,IF(G13="B",3,IF(G13="C",2,IF(G13="D",1,0))))),IF(F13<>"",IF(F13="S",5,IF(F13="A",4,IF(F13="B",3,IF(F13="C",2,IF(F13="D",1,0))))),IF(G13<>"",IF(G13="S",5,IF(G13="A",4,IF(G13="B",3,IF(G13="C",2,IF(G13="D",1,0))))),""))),"") -> 0 | I13: =IF(H13="","",IF(H13>=4.5,"S",IF(H13>=3.5,"A",IF(H13>=2.5,"B",IF(H13>=1.5,"C","D"))))) -> D
A14: ='01_인적정보'!A14 -> 9 | B14: ='01_인적정보'!B14 -> BSS-009 | C14: ='01_인적정보'!C14 -> 박남식 | D14: ='01_인적정보'!E14 -> BIM컨설팅 | E14: ='01_인적정보'!H14 -> G5-M | F14: ='07a_상반기입력'!G14 -> 0 | G14: ='07a_상반기입력'!H14 -> 0 | H14: =IFERROR(IF(AND(F14<>"",G14<>""),'02_의사결정·종합결과'!$B$67*IF(F14="S",5,IF(F14="A",4,IF(F14="B",3,IF(F14="C",2,IF(F14="D",1,0)))))+'02_의사결정·종합결과'!$B$68*IF(G14="S",5,IF(G14="A",4,IF(G14="B",3,IF(G14="C",2,IF(G14="D",1,0))))),IF(F14<>"",IF(F14="S",5,IF(F14="A",4,IF(F14="B",3,IF(F14="C",2,IF(F14="D",1,0))))),IF(G14<>"",IF(G14="S",5,IF(G14="A",4,IF(G14="B",3,IF(G14="C",2,IF(G14="D",1,0))))),""))),"") -> 0 | I14: =IF(H14="","",IF(H14>=4.5,"S",IF(H14>=3.5,"A",IF(H14>=2.5,"B",IF(H14>=1.5,"C","D"))))) -> D
A15: ='01_인적정보'!A15 -> 10 | B15: ='01_인적정보'!B15 -> BSS-010 | C15: ='01_인적정보'!C15 -> 신재민 | D15: ='01_인적정보'!E15 -> BIM컨설팅 | E15: ='01_인적정보'!H15 -> G5-S | F15: ='07a_상반기입력'!G15 -> 0 | G15: ='07a_상반기입력'!H15 -> 0 | H15: =IFERROR(IF(AND(F15<>"",G15<>""),'02_의사결정·종합결과'!$B$67*IF(F15="S",5,IF(F15="A",4,IF(F15="B",3,IF(F15="C",2,IF(F15="D",1,0)))))+'02_의사결정·종합결과'!$B$68*IF(G15="S",5,IF(G15="A",4,IF(G15="B",3,IF(G15="C",2,IF(G15="D",1,0))))),IF(F15<>"",IF(F15="S",5,IF(F15="A",4,IF(F15="B",3,IF(F15="C",2,IF(F15="D",1,0))))),IF(G15<>"",IF(G15="S",5,IF(G15="A",4,IF(G15="B",3,IF(G15="C",2,IF(G15="D",1,0))))),""))),"") -> 0 | I15: =IF(H15="","",IF(H15>=4.5,"S",IF(H15>=3.5,"A",IF(H15>=2.5,"B",IF(H15>=1.5,"C","D"))))) -> D
A16: ='01_인적정보'!A16 -> 11 | B16: ='01_인적정보'!B16 -> BSS-011 | C16: ='01_인적정보'!C16 -> 마장엽 | D16: ='01_인적정보'!E16 -> BIM컨설팅 | E16: ='01_인적정보'!H16 -> G5-S | F16: ='07a_상반기입력'!G16 -> 0 | G16: ='07a_상반기입력'!H16 -> 0 | H16: =IFERROR(IF(AND(F16<>"",G16<>""),'02_의사결정·종합결과'!$B$67*IF(F16="S",5,IF(F16="A",4,IF(F16="B",3,IF(F16="C",2,IF(F16="D",1,0)))))+'02_의사결정·종합결과'!$B$68*IF(G16="S",5,IF(G16="A",4,IF(G16="B",3,IF(G16="C",2,IF(G16="D",1,0))))),IF(F16<>"",IF(F16="S",5,IF(F16="A",4,IF(F16="B",3,IF(F16="C",2,IF(F16="D",1,0))))),IF(G16<>"",IF(G16="S",5,IF(G16="A",4,IF(G16="B",3,IF(G16="C",2,IF(G16="D",1,0))))),""))),"") -> 0 | I16: =IF(H16="","",IF(H16>=4.5,"S",IF(H16>=3.5,"A",IF(H16>=2.5,"B",IF(H16>=1.5,"C","D"))))) -> D
A17: ='01_인적정보'!A17 -> 12 | B17: ='01_인적정보'!B17 -> BSS-012 | C17: ='01_인적정보'!C17 -> 하은주 | D17: ='01_인적정보'!E17 -> 경영전략기획 | E17: ='01_인적정보'!H17 -> G5-M | F17: ='07a_상반기입력'!G17 -> 0 | G17: ='07a_상반기입력'!H17 -> 0 | H17: =IFERROR(IF(AND(F17<>"",G17<>""),'02_의사결정·종합결과'!$B$67*IF(F17="S",5,IF(F17="A",4,IF(F17="B",3,IF(F17="C",2,IF(F17="D",1,0)))))+'02_의사결정·종합결과'!$B$68*IF(G17="S",5,IF(G17="A",4,IF(G17="B",3,IF(G17="C",2,IF(G17="D",1,0))))),IF(F17<>"",IF(F17="S",5,IF(F17="A",4,IF(F17="B",3,IF(F17="C",2,IF(F17="D",1,0))))),IF(G17<>"",IF(G17="S",5,IF(G17="A",4,IF(G17="B",3,IF(G17="C",2,IF(G17="D",1,0))))),""))),"") -> 0 | I17: =IF(H17="","",IF(H17>=4.5,"S",IF(H17>=3.5,"A",IF(H17>=2.5,"B",IF(H17>=1.5,"C","D"))))) -> D
... A39: ='01_인적정보'!A39 -> 34 | B39: ='01_인적정보'!B39 -> BSS-034 | C39: ='01_인적정보'!C39 -> 엄보근 | D39: ='01_인적정보'!E39 -> BIM컨설팅 | E39: ='01_인적정보'!H39 -> G1 | F39: ='07a_상반기입력'!G39 -> 0 | G39: ='07a_상반기입력'!H39 -> 0 | H39: =IFERROR(IF(AND(F39<>"",G39<>""),'02_의사결정·종합결과'!$B$67*IF(F39="S",5,IF(F39="A",4,IF(F39="B",3,IF(F39="C",2,IF(F39="D",1,0)))))+'02_의사결정·종합결과'!$B$68*IF(G39="S",5,IF(G39="A",4,IF(G39="B",3,IF(G39="C",2,IF(G39="D",1,0))))),IF(F39<>"",IF(F39="S",5,IF(F39="A",4,IF(F39="B",3,IF(F39="C",2,IF(F39="D",1,0))))),IF(G39<>"",IF(G39="S",5,IF(G39="A",4,IF(G39="B",3,IF(G39="C",2,IF(G39="D",1,0))))),""))),"") -> 0 | I39: =IF(H39="","",IF(H39>=4.5,"S",IF(H39>=3.5,"A",IF(H39>=2.5,"B",IF(H39>=1.5,"C","D"))))) -> D
A44: ■ 하반기 역할평가
A45: No. | B45: 사번 | C45: 성명 | D45: 직무 | E45: 역할등급 | F45: 역할(1차) | G45: 역할(2차) | H45: 가중평균(점수) | I45: 확정등급
A46: ='01_인적정보'!A6 -> 1 | B46: ='01_인적정보'!B6 -> BSS-001 | C46: ='01_인적정보'!C6 -> 이화형 | D46: ='01_인적정보'!E6 -> 프로젝트영업 | E46: ='01_인적정보'!H6 -> G6 | F46: ='07b_하반기입력'!G6 -> 0 | G46: ='07b_하반기입력'!H6 -> 0 | H46: =IFERROR(IF(AND(F46<>"",G46<>""),'02_의사결정·종합결과'!$B$67*IF(F46="S",5,IF(F46="A",4,IF(F46="B",3,IF(F46="C",2,IF(F46="D",1,0)))))+'02_의사결정·종합결과'!$B$68*IF(G46="S",5,IF(G46="A",4,IF(G46="B",3,IF(G46="C",2,IF(G46="D",1,0))))),IF(F46<>"",IF(F46="S",5,IF(F46="A",4,IF(F46="B",3,IF(F46="C",2,IF(F46="D",1,0))))),IF(G46<>"",IF(G46="S",5,IF(G46="A",4,IF(G46="B",3,IF(G46="C",2,IF(G46="D",1,0))))),""))),"") -> 0 | I46: =IF(H46="","",IF(H46>=4.5,"S",IF(H46>=3.5,"A",IF(H46>=2.5,"B",IF(H46>=1.5,"C","D"))))) -> D
A47: ='01_인적정보'!A7 -> 2 | B47: ='01_인적정보'!B7 -> BSS-002 | C47: ='01_인적정보'!C7 -> 강전용 | D47: ='01_인적정보'!E7 -> 연구개발(R&D) | E47: ='01_인적정보'!H7 -> G6 | F47: ='07b_하반기입력'!G7 -> 0 | G47: ='07b_하반기입력'!H7 -> 0 | H47: =IFERROR(IF(AND(F47<>"",G47<>""),'02_의사결정·종합결과'!$B$67*IF(F47="S",5,IF(F47="A",4,IF(F47="B",3,IF(F47="C",2,IF(F47="D",1,0)))))+'02_의사결정·종합결과'!$B$68*IF(G47="S",5,IF(G47="A",4,IF(G47="B",3,IF(G47="C",2,IF(G47="D",1,0))))),IF(F47<>"",IF(F47="S",5,IF(F47="A",4,IF(F47="B",3,IF(F47="C",2,IF(F47="D",1,0))))),IF(G47<>"",IF(G47="S",5,IF(G47="A",4,IF(G47="B",3,IF(G47="C",2,IF(G47="D",1,0))))),""))),"") -> 0 | I47: =IF(H47="","",IF(H47>=4.5,"S",IF(H47>=3.5,"A",IF(H47>=2.5,"B",IF(H47>=1.5,"C","D"))))) -> D
A48: ='01_인적정보'!A8 -> 3 | B48: ='01_인적정보'!B8 -> BSS-003 | C48: ='01_인적정보'!C8 -> 김현민 | D48: ='01_인적정보'!E8 -> BIM컨설팅 | E48: ='01_인적정보'!H8 -> G6 | F48: ='07b_하반기입력'!G8 -> 0 | G48: ='07b_하반기입력'!H8 -> 0 | H48: =IFERROR(IF(AND(F48<>"",G48<>""),'02_의사결정·종합결과'!$B$67*IF(F48="S",5,IF(F48="A",4,IF(F48="B",3,IF(F48="C",2,IF(F48="D",1,0)))))+'02_의사결정·종합결과'!$B$68*IF(G48="S",5,IF(G48="A",4,IF(G48="B",3,IF(G48="C",2,IF(G48="D",1,0))))),IF(F48<>"",IF(F48="S",5,IF(F48="A",4,IF(F48="B",3,IF(F48="C",2,IF(F48="D",1,0))))),IF(G48<>"",IF(G48="S",5,IF(G48="A",4,IF(G48="B",3,IF(G48="C",2,IF(G48="D",1,0))))),""))),"") -> 0 | I48: =IF(H48="","",IF(H48>=4.5,"S",IF(H48>=3.5,"A",IF(H48>=2.5,"B",IF(H48>=1.5,"C","D"))))) -> D
A49: ='01_인적정보'!A9 -> 4 | B49: ='01_인적정보'!B9 -> BSS-004 | C49: ='01_인적정보'!C9 -> 이일곤 | D49: ='01_인적정보'!E9 -> 경영전략기획 | E49: ='01_인적정보'!H9 -> G6 | F49: ='07b_하반기입력'!G9 -> 0 | G49: ='07b_하반기입력'!H9 -> 0 | H49: =IFERROR(IF(AND(F49<>"",G49<>""),'02_의사결정·종합결과'!$B$67*IF(F49="S",5,IF(F49="A",4,IF(F49="B",3,IF(F49="C",2,IF(F49="D",1,0)))))+'02_의사결정·종합결과'!$B$68*IF(G49="S",5,IF(G49="A",4,IF(G49="B",3,IF(G49="C",2,IF(G49="D",1,0))))),IF(F49<>"",IF(F49="S",5,IF(F49="A",4,IF(F49="B",3,IF(F49="C",2,IF(F49="D",1,0))))),IF(G49<>"",IF(G49="S",5,IF(G49="A",4,IF(G49="B",3,IF(G49="C",2,IF(G49="D",1,0))))),""))),"") -> 0 | I49: =IF(H49="","",IF(H49>=4.5,"S",IF(H49>=3.5,"A",IF(H49>=2.5,"B",IF(H49>=1.5,"C","D"))))) -> D
A50: ='01_인적정보'!A10 -> 5 | B50: ='01_인적정보'!B10 -> BSS-005 | C50: ='01_인적정보'!C10 -> 송헌영 | D50: ='01_인적정보'!E10 -> 경영전략기획 | E50: ='01_인적정보'!H10 -> G6 | F50: ='07b_하반기입력'!G10 -> 0 | G50: ='07b_하반기입력'!H10 -> 0 | H50: =IFERROR(IF(AND(F50<>"",G50<>""),'02_의사결정·종합결과'!$B$67*IF(F50="S",5,IF(F50="A",4,IF(F50="B",3,IF(F50="C",2,IF(F50="D",1,0)))))+'02_의사결정·종합결과'!$B$68*IF(G50="S",5,IF(G50="A",4,IF(G50="B",3,IF(G50="C",2,IF(G50="D",1,0))))),IF(F50<>"",IF(F50="S",5,IF(F50="A",4,IF(F50="B",3,IF(F50="C",2,IF(F50="D",1,0))))),IF(G50<>"",IF(G50="S",5,IF(G50="A",4,IF(G50="B",3,IF(G50="C",2,IF(G50="D",1,0))))),""))),"") -> 0 | I50: =IF(H50="","",IF(H50>=4.5,"S",IF(H50>=3.5,"A",IF(H50>=2.5,"B",IF(H50>=1.5,"C","D"))))) -> D
A51: ='01_인적정보'!A11 -> 6 | B51: ='01_인적정보'!B11 -> BSS-006 | C51: ='01_인적정보'!C11 -> 이재용 | D51: ='01_인적정보'!E11 -> 경영전략기획 | E51: ='01_인적정보'!H11 -> G6 | F51: ='07b_하반기입력'!G11 -> 0 | G51: ='07b_하반기입력'!H11 -> 0 | H51: =IFERROR(IF(AND(F51<>"",G51<>""),'02_의사결정·종합결과'!$B$67*IF(F51="S",5,IF(F51="A",4,IF(F51="B",3,IF(F51="C",2,IF(F51="D",1,0)))))+'02_의사결정·종합결과'!$B$68*IF(G51="S",5,IF(G51="A",4,IF(G51="B",3,IF(G51="C",2,IF(G51="D",1,0))))),IF(F51<>"",IF(F51="S",5,IF(F51="A",4,IF(F51="B",3,IF(F51="C",2,IF(F51="D",1,0))))),IF(G51<>"",IF(G51="S",5,IF(G51="A",4,IF(G51="B",3,IF(G51="C",2,IF(G51="D",1,0))))),""))),"") -> 0 | I51: =IF(H51="","",IF(H51>=4.5,"S",IF(H51>=3.5,"A",IF(H51>=2.5,"B",IF(H51>=1.5,"C","D"))))) -> D
A52: ='01_인적정보'!A12 -> 7 | B52: ='01_인적정보'!B12 -> BSS-007 | C52: ='01_인적정보'!C12 -> 이진행 | D52: ='01_인적정보'!E12 -> 교육 | E52: ='01_인적정보'!H12 -> G5-M | F52: ='07b_하반기입력'!G12 -> 0 | G52: ='07b_하반기입력'!H12 -> 0 | H52: =IFERROR(IF(AND(F52<>"",G52<>""),'02_의사결정·종합결과'!$B$67*IF(F52="S",5,IF(F52="A",4,IF(F52="B",3,IF(F52="C",2,IF(F52="D",1,0)))))+'02_의사결정·종합결과'!$B$68*IF(G52="S",5,IF(G52="A",4,IF(G52="B",3,IF(G52="C",2,IF(G52="D",1,0))))),IF(F52<>"",IF(F52="S",5,IF(F52="A",4,IF(F52="B",3,IF(F52="C",2,IF(F52="D",1,0))))),IF(G52<>"",IF(G52="S",5,IF(G52="A",4,IF(G52="B",3,IF(G52="C",2,IF(G52="D",1,0))))),""))),"") -> 0 | I52: =IF(H52="","",IF(H52>=4.5,"S",IF(H52>=3.5,"A",IF(H52>=2.5,"B",IF(H52>=1.5,"C","D"))))) -> D
A53: ='01_인적정보'!A13 -> 8 | B53: ='01_인적정보'!B13 -> BSS-008 | C53: ='01_인적정보'!C13 -> 김민수 | D53: ='01_인적정보'!E13 -> 기술지원 | E53: ='01_인적정보'!H13 -> G5-M | F53: ='07b_하반기입력'!G13 -> 0 | G53: ='07b_하반기입력'!H13 -> 0 | H53: =IFERROR(IF(AND(F53<>"",G53<>""),'02_의사결정·종합결과'!$B$67*IF(F53="S",5,IF(F53="A",4,IF(F53="B",3,IF(F53="C",2,IF(F53="D",1,0)))))+'02_의사결정·종합결과'!$B$68*IF(G53="S",5,IF(G53="A",4,IF(G53="B",3,IF(G53="C",2,IF(G53="D",1,0))))),IF(F53<>"",IF(F53="S",5,IF(F53="A",4,IF(F53="B",3,IF(F53="C",2,IF(F53="D",1,0))))),IF(G53<>"",IF(G53="S",5,IF(G53="A",4,IF(G53="B",3,IF(G53="C",2,IF(G53="D",1,0))))),""))),"") -> 0 | I53: =IF(H53="","",IF(H53>=4.5,"S",IF(H53>=3.5,"A",IF(H53>=2.5,"B",IF(H53>=1.5,"C","D"))))) -> D
A54: ='01_인적정보'!A14 -> 9 | B54: ='01_인적정보'!B14 -> BSS-009 | C54: ='01_인적정보'!C14 -> 박남식 | D54: ='01_인적정보'!E14 -> BIM컨설팅 | E54: ='01_인적정보'!H14 -> G5-M | F54: ='07b_하반기입력'!G14 -> 0 | G54: ='07b_하반기입력'!H14 -> 0 | H54: =IFERROR(IF(AND(F54<>"",G54<>""),'02_의사결정·종합결과'!$B$67*IF(F54="S",5,IF(F54="A",4,IF(F54="B",3,IF(F54="C",2,IF(F54="D",1,0)))))+'02_의사결정·종합결과'!$B$68*IF(G54="S",5,IF(G54="A",4,IF(G54="B",3,IF(G54="C",2,IF(G54="D",1,0))))),IF(F54<>"",IF(F54="S",5,IF(F54="A",4,IF(F54="B",3,IF(F54="C",2,IF(F54="D",1,0))))),IF(G54<>"",IF(G54="S",5,IF(G54="A",4,IF(G54="B",3,IF(G54="C",2,IF(G54="D",1,0))))),""))),"") -> 0 | I54: =IF(H54="","",IF(H54>=4.5,"S",IF(H54>=3.5,"A",IF(H54>=2.5,"B",IF(H54>=1.5,"C","D"))))) -> D
A55: ='01_인적정보'!A15 -> 10 | B55: ='01_인적정보'!B15 -> BSS-010 | C55: ='01_인적정보'!C15 -> 신재민 | D55: ='01_인적정보'!E15 -> BIM컨설팅 | E55: ='01_인적정보'!H15 -> G5-S | F55: ='07b_하반기입력'!G15 -> 0 | G55: ='07b_하반기입력'!H15 -> 0 | H55: =IFERROR(IF(AND(F55<>"",G55<>""),'02_의사결정·종합결과'!$B$67*IF(F55="S",5,IF(F55="A",4,IF(F55="B",3,IF(F55="C",2,IF(F55="D",1,0)))))+'02_의사결정·종합결과'!$B$68*IF(G55="S",5,IF(G55="A",4,IF(G55="B",3,IF(G55="C",2,IF(G55="D",1,0))))),IF(F55<>"",IF(F55="S",5,IF(F55="A",4,IF(F55="B",3,IF(F55="C",2,IF(F55="D",1,0))))),IF(G55<>"",IF(G55="S",5,IF(G55="A",4,IF(G55="B",3,IF(G55="C",2,IF(G55="D",1,0))))),""))),"") -> 0 | I55: =IF(H55="","",IF(H55>=4.5,"S",IF(H55>=3.5,"A",IF(H55>=2.5,"B",IF(H55>=1.5,"C","D"))))) -> D
A56: ='01_인적정보'!A16 -> 11 | B56: ='01_인적정보'!B16 -> BSS-011 | C56: ='01_인적정보'!C16 -> 마장엽 | D56: ='01_인적정보'!E16 -> BIM컨설팅 | E56: ='01_인적정보'!H16 -> G5-S | F56: ='07b_하반기입력'!G16 -> 0 | G56: ='07b_하반기입력'!H16 -> 0 | H56: =IFERROR(IF(AND(F56<>"",G56<>""),'02_의사결정·종합결과'!$B$67*IF(F56="S",5,IF(F56="A",4,IF(F56="B",3,IF(F56="C",2,IF(F56="D",1,0)))))+'02_의사결정·종합결과'!$B$68*IF(G56="S",5,IF(G56="A",4,IF(G56="B",3,IF(G56="C",2,IF(G56="D",1,0))))),IF(F56<>"",IF(F56="S",5,IF(F56="A",4,IF(F56="B",3,IF(F56="C",2,IF(F56="D",1,0))))),IF(G56<>"",IF(G56="S",5,IF(G56="A",4,IF(G56="B",3,IF(G56="C",2,IF(G56="D",1,0))))),""))),"") -> 0 | I56: =IF(H56="","",IF(H56>=4.5,"S",IF(H56>=3.5,"A",IF(H56>=2.5,"B",IF(H56>=1.5,"C","D"))))) -> D
A57: ='01_인적정보'!A17 -> 12 | B57: ='01_인적정보'!B17 -> BSS-012 | C57: ='01_인적정보'!C17 -> 하은주 | D57: ='01_인적정보'!E17 -> 경영전략기획 | E57: ='01_인적정보'!H17 -> G5-M | F57: ='07b_하반기입력'!G17 -> 0 | G57: ='07b_하반기입력'!H17 -> 0 | H57: =IFERROR(IF(AND(F57<>"",G57<>""),'02_의사결정·종합결과'!$B$67*IF(F57="S",5,IF(F57="A",4,IF(F57="B",3,IF(F57="C",2,IF(F57="D",1,0)))))+'02_의사결정·종합결과'!$B$68*IF(G57="S",5,IF(G57="A",4,IF(G57="B",3,IF(G57="C",2,IF(G57="D",1,0))))),IF(F57<>"",IF(F57="S",5,IF(F57="A",4,IF(F57="B",3,IF(F57="C",2,IF(F57="D",1,0))))),IF(G57<>"",IF(G57="S",5,IF(G57="A",4,IF(G57="B",3,IF(G57="C",2,IF(G57="D",1,0))))),""))),"") -> 0 | I57: =IF(H57="","",IF(H57>=4.5,"S",IF(H57>=3.5,"A",IF(H57>=2.5,"B",IF(H57>=1.5,"C","D"))))) -> D
... A79: ='01_인적정보'!A39 -> 34 | B79: ='01_인적정보'!B39 -> BSS-034 | C79: ='01_인적정보'!C39 -> 엄보근 | D79: ='01_인적정보'!E39 -> BIM컨설팅 | E79: ='01_인적정보'!H39 -> G1 | F79: ='07b_하반기입력'!G39 -> 0 | G79: ='07b_하반기입력'!H39 -> 0 | H79: =IFERROR(IF(AND(F79<>"",G79<>""),'02_의사결정·종합결과'!$B$67*IF(F79="S",5,IF(F79="A",4,IF(F79="B",3,IF(F79="C",2,IF(F79="D",1,0)))))+'02_의사결정·종합결과'!$B$68*IF(G79="S",5,IF(G79="A",4,IF(G79="B",3,IF(G79="C",2,IF(G79="D",1,0))))),IF(F79<>"",IF(F79="S",5,IF(F79="A",4,IF(F79="B",3,IF(F79="C",2,IF(F79="D",1,0))))),IF(G79<>"",IF(G79="S",5,IF(G79="A",4,IF(G79="B",3,IF(G79="C",2,IF(G79="D",1,0))))),""))),"") -> 0 | I79: =IF(H79="","",IF(H79>=4.5,"S",IF(H79>=3.5,"A",IF(H79>=2.5,"B",IF(H79>=1.5,"C","D"))))) -> D
A90: ='01_인적정보'!A38 -> 33 | B90: ='01_인적정보'!B38 -> BSS-033 | C90: ='01_인적정보'!C38 -> 유태석 | D90: ='01_인적정보'!E38 -> BIM컨설팅 | E90: ='01_인적정보'!H38 -> G1 | F90: =IFERROR(VLOOKUP('01_인적정보'!M38,'13_직무역할DB'!$A$6:$D$70,4,FALSE),"") -> 실무 보조 | G90: ='07b_하반기입력'!G38 -> 0 | H90: ='07b_하반기입력'!H38 -> 0 | I90: ='07b_하반기입력'!I38 -> 0 | J90: ='07b_하반기입력'!J38 -> 0 | K90: ='07b_하반기입력'!K38 -> 0 | L90: =IFERROR((IF(G90="S",5,IF(G90="A",4,IF(G90="B",3,IF(G90="C",2,IF(G90="D",1,0)))))+IF(H90="S",5,IF(H90="A",4,IF(H90="B",3,IF(H90="C",2,IF(H90="D",1,0)))))+IF(I90="S",5,IF(I90="A",4,IF(I90="B",3,IF(I90="C",2,IF(I90="D",1,0)))))+IF(J90="S",5,IF(J90="A",4,IF(J90="B",3,IF(J90="C",2,IF(J90="D",1,0)))))+IF(K90="S",5,IF(K90="A",4,IF(K90="B",3,IF(K90="C",2,IF(K90="D",1,0))))))/5,"") -> 0 | M90: ='07b_하반기입력'!L38 -> 0 | N90: ='07b_하반기입력'!M38 -> 0 | O90: =IF(N90<>"",N90,IF(M90<>"",M90,IF(L90="","",IF(L90>=4.5,"S",IF(L90>=3.5,"A",IF(L90>=2.5,"B",IF(L90>=1.5,"C","D"))))))) -> 0 | P90: =IF(O90="","",IF(O90="S",5,IF(O90="A",4,IF(O90="B",3,IF(O90="C",2,IF(O90="D",1,0)))))) -> 0
A91: ='01_인적정보'!A39 -> 34 | B91: ='01_인적정보'!B39 -> BSS-034 | C91: ='01_인적정보'!C39 -> 엄보근 | D91: ='01_인적정보'!E39 -> BIM컨설팅 | E91: ='01_인적정보'!H39 -> G1 | F91: =IFERROR(VLOOKUP('01_인적정보'!M39,'13_직무역할DB'!$A$6:$D$70,4,FALSE),"") -> 실무 보조 | G91: ='07b_하반기입력'!G39 -> 0 | H91: ='07b_하반기입력'!H39 -> 0 | I91: ='07b_하반기입력'!I39 -> 0 | J91: ='07b_하반기입력'!J39 -> 0 | K91: ='07b_하반기입력'!K39 -> 0 | L91: =IFERROR((IF(G91="S",5,IF(G91="A",4,IF(G91="B",3,IF(G91="C",2,IF(G91="D",1,0)))))+IF(H91="S",5,IF(H91="A",4,IF(H91="B",3,IF(H91="C",2,IF(H91="D",1,0)))))+IF(I91="S",5,IF(I91="A",4,IF(I91="B",3,IF(I91="C",2,IF(I91="D",1,0)))))+IF(J91="S",5,IF(J91="A",4,IF(J91="B",3,IF(J91="C",2,IF(J91="D",1,0)))))+IF(K91="S",5,IF(K91="A",4,IF(K91="B",3,IF(K91="C",2,IF(K91="D",1,0))))))/5,"") -> 0 | M91: ='07b_하반기입력'!L39 -> 0 | N91: ='07b_하반기입력'!M39 -> 0 | O91: =IF(N91<>"",N91,IF(M91<>"",M91,IF(L91="","",IF(L91>=4.5,"S",IF(L91>=3.5,"A",IF(L91>=2.5,"B",IF(L91>=1.5,"C","D"))))))) -> 0 | P91: =IF(O91="","",IF(O91="S",5,IF(O91="A",4,IF(O91="B",3,IF(O91="C",2,IF(O91="D",1,0)))))) -> 0

Sheet 05_공통역량평가
A1: 공통역량평가 (자동 산출)
A2: 07a/07b의 1·2차 평가자 공통역량 종합 등급 → 평가자 가중치 적용 → 확정 등급
A4: ■ 상반기 공통역량평가
A5: No. | B5: 사번 | C5: 성명 | D5: 직무 | E5: 역할등급 | F5: 공통(1차) | G5: 공통(2차) | H5: 가중평균(점수) | I5: 확정등급
A6: ='01_인적정보'!A6 -> 1 | B6: ='01_인적정보'!B6 -> BSS-001 | C6: ='01_인적정보'!C6 -> 이화형 | D6: ='01_인적정보'!E6 -> 프로젝트영업 | E6: ='01_인적정보'!H6 -> G6 | F6: ='07a_상반기입력'!I6 -> 0 | G6: ='07a_상반기입력'!J6 -> 0 | H6: =IFERROR(IF(AND(F6<>"",G6<>""),'02_의사결정·종합결과'!$B$67*IF(F6="S",5,IF(F6="A",4,IF(F6="B",3,IF(F6="C",2,IF(F6="D",1,0)))))+'02_의사결정·종합결과'!$B$68*IF(G6="S",5,IF(G6="A",4,IF(G6="B",3,IF(G6="C",2,IF(G6="D",1,0))))),IF(F6<>"",IF(F6="S",5,IF(F6="A",4,IF(F6="B",3,IF(F6="C",2,IF(F6="D",1,0))))),IF(G6<>"",IF(G6="S",5,IF(G6="A",4,IF(G6="B",3,IF(G6="C",2,IF(G6="D",1,0))))),""))),"") -> 0 | I6: =IF(H6="","",IF(H6>=4.5,"S",IF(H6>=3.5,"A",IF(H6>=2.5,"B",IF(H6>=1.5,"C","D"))))) -> D
A7: ='01_인적정보'!A7 -> 2 | B7: ='01_인적정보'!B7 -> BSS-002 | C7: ='01_인적정보'!C7 -> 강전용 | D7: ='01_인적정보'!E7 -> 연구개발(R&D) | E7: ='01_인적정보'!H7 -> G6 | F7: ='07a_상반기입력'!I7 -> 0 | G7: ='07a_상반기입력'!J7 -> 0 | H7: =IFERROR(IF(AND(F7<>"",G7<>""),'02_의사결정·종합결과'!$B$67*IF(F7="S",5,IF(F7="A",4,IF(F7="B",3,IF(F7="C",2,IF(F7="D",1,0)))))+'02_의사결정·종합결과'!$B$68*IF(G7="S",5,IF(G7="A",4,IF(G7="B",3,IF(G7="C",2,IF(G7="D",1,0))))),IF(F7<>"",IF(F7="S",5,IF(F7="A",4,IF(F7="B",3,IF(F7="C",2,IF(F7="D",1,0))))),IF(G7<>"",IF(G7="S",5,IF(G7="A",4,IF(G7="B",3,IF(G7="C",2,IF(G7="D",1,0))))),""))),"") -> 0 | I7: =IF(H7="","",IF(H7>=4.5,"S",IF(H7>=3.5,"A",IF(H7>=2.5,"B",IF(H7>=1.5,"C","D"))))) -> D
A8: ='01_인적정보'!A8 -> 3 | B8: ='01_인적정보'!B8 -> BSS-003 | C8: ='01_인적정보'!C8 -> 김현민 | D8: ='01_인적정보'!E8 -> BIM컨설팅 | E8: ='01_인적정보'!H8 -> G6 | F8: ='07a_상반기입력'!I8 -> 0 | G8: ='07a_상반기입력'!J8 -> 0 | H8: =IFERROR(IF(AND(F8<>"",G8<>""),'02_의사결정·종합결과'!$B$67*IF(F8="S",5,IF(F8="A",4,IF(F8="B",3,IF(F8="C",2,IF(F8="D",1,0)))))+'02_의사결정·종합결과'!$B$68*IF(G8="S",5,IF(G8="A",4,IF(G8="B",3,IF(G8="C",2,IF(G8="D",1,0))))),IF(F8<>"",IF(F8="S",5,IF(F8="A",4,IF(F8="B",3,IF(F8="C",2,IF(F8="D",1,0))))),IF(G8<>"",IF(G8="S",5,IF(G8="A",4,IF(G8="B",3,IF(G8="C",2,IF(G8="D",1,0))))),""))),"") -> 0 | I8: =IF(H8="","",IF(H8>=4.5,"S",IF(H8>=3.5,"A",IF(H8>=2.5,"B",IF(H8>=1.5,"C","D"))))) -> D
A9: ='01_인적정보'!A9 -> 4 | B9: ='01_인적정보'!B9 -> BSS-004 | C9: ='01_인적정보'!C9 -> 이일곤 | D9: ='01_인적정보'!E9 -> 경영전략기획 | E9: ='01_인적정보'!H9 -> G6 | F9: ='07a_상반기입력'!I9 -> 0 | G9: ='07a_상반기입력'!J9 -> 0 | H9: =IFERROR(IF(AND(F9<>"",G9<>""),'02_의사결정·종합결과'!$B$67*IF(F9="S",5,IF(F9="A",4,IF(F9="B",3,IF(F9="C",2,IF(F9="D",1,0)))))+'02_의사결정·종합결과'!$B$68*IF(G9="S",5,IF(G9="A",4,IF(G9="B",3,IF(G9="C",2,IF(G9="D",1,0))))),IF(F9<>"",IF(F9="S",5,IF(F9="A",4,IF(F9="B",3,IF(F9="C",2,IF(F9="D",1,0))))),IF(G9<>"",IF(G9="S",5,IF(G9="A",4,IF(G9="B",3,IF(G9="C",2,IF(G9="D",1,0))))),""))),"") -> 0 | I9: =IF(H9="","",IF(H9>=4.5,"S",IF(H9>=3.5,"A",IF(H9>=2.5,"B",IF(H9>=1.5,"C","D"))))) -> D
A10: ='01_인적정보'!A10 -> 5 | B10: ='01_인적정보'!B10 -> BSS-005 | C10: ='01_인적정보'!C10 -> 송헌영 | D10: ='01_인적정보'!E10 -> 경영전략기획 | E10: ='01_인적정보'!H10 -> G6 | F10: ='07a_상반기입력'!I10 -> 0 | G10: ='07a_상반기입력'!J10 -> 0 | H10: =IFERROR(IF(AND(F10<>"",G10<>""),'02_의사결정·종합결과'!$B$67*IF(F10="S",5,IF(F10="A",4,IF(F10="B",3,IF(F10="C",2,IF(F10="D",1,0)))))+'02_의사결정·종합결과'!$B$68*IF(G10="S",5,IF(G10="A",4,IF(G10="B",3,IF(G10="C",2,IF(G10="D",1,0))))),IF(F10<>"",IF(F10="S",5,IF(F10="A",4,IF(F10="B",3,IF(F10="C",2,IF(F10="D",1,0))))),IF(G10<>"",IF(G10="S",5,IF(G10="A",4,IF(G10="B",3,IF(G10="C",2,IF(G10="D",1,0))))),""))),"") -> 0 | I10: =IF(H10="","",IF(H10>=4.5,"S",IF(H10>=3.5,"A",IF(H10>=2.5,"B",IF(H10>=1.5,"C","D"))))) -> D
A11: ='01_인적정보'!A11 -> 6 | B11: ='01_인적정보'!B11 -> BSS-006 | C11: ='01_인적정보'!C11 -> 이재용 | D11: ='01_인적정보'!E11 -> 경영전략기획 | E11: ='01_인적정보'!H11 -> G6 | F11: ='07a_상반기입력'!I11 -> 0 | G11: ='07a_상반기입력'!J11 -> 0 | H11: =IFERROR(IF(AND(F11<>"",G11<>""),'02_의사결정·종합결과'!$B$67*IF(F11="S",5,IF(F11="A",4,IF(F11="B",3,IF(F11="C",2,IF(F11="D",1,0)))))+'02_의사결정·종합결과'!$B$68*IF(G11="S",5,IF(G11="A",4,IF(G11="B",3,IF(G11="C",2,IF(G11="D",1,0))))),IF(F11<>"",IF(F11="S",5,IF(F11="A",4,IF(F11="B",3,IF(F11="C",2,IF(F11="D",1,0))))),IF(G11<>"",IF(G11="S",5,IF(G11="A",4,IF(G11="B",3,IF(G11="C",2,IF(G11="D",1,0))))),""))),"") -> 0 | I11: =IF(H11="","",IF(H11>=4.5,"S",IF(H11>=3.5,"A",IF(H11>=2.5,"B",IF(H11>=1.5,"C","D"))))) -> D
A12: ='01_인적정보'!A12 -> 7 | B12: ='01_인적정보'!B12 -> BSS-007 | C12: ='01_인적정보'!C12 -> 이진행 | D12: ='01_인적정보'!E12 -> 교육 | E12: ='01_인적정보'!H12 -> G5-M | F12: ='07a_상반기입력'!I12 -> 0 | G12: ='07a_상반기입력'!J12 -> 0 | H12: =IFERROR(IF(AND(F12<>"",G12<>""),'02_의사결정·종합결과'!$B$67*IF(F12="S",5,IF(F12="A",4,IF(F12="B",3,IF(F12="C",2,IF(F12="D",1,0)))))+'02_의사결정·종합결과'!$B$68*IF(G12="S",5,IF(G12="A",4,IF(G12="B",3,IF(G12="C",2,IF(G12="D",1,0))))),IF(F12<>"",IF(F12="S",5,IF(F12="A",4,IF(F12="B",3,IF(F12="C",2,IF(F12="D",1,0))))),IF(G12<>"",IF(G12="S",5,IF(G12="A",4,IF(G12="B",3,IF(G12="C",2,IF(G12="D",1,0))))),""))),"") -> 0 | I12: =IF(H12="","",IF(H12>=4.5,"S",IF(H12>=3.5,"A",IF(H12>=2.5,"B",IF(H12>=1.5,"C","D"))))) -> D
A13: ='01_인적정보'!A13 -> 8 | B13: ='01_인적정보'!B13 -> BSS-008 | C13: ='01_인적정보'!C13 -> 김민수 | D13: ='01_인적정보'!E13 -> 기술지원 | E13: ='01_인적정보'!H13 -> G5-M | F13: ='07a_상반기입력'!I13 -> 0 | G13: ='07a_상반기입력'!J13 -> 0 | H13: =IFERROR(IF(AND(F13<>"",G13<>""),'02_의사결정·종합결과'!$B$67*IF(F13="S",5,IF(F13="A",4,IF(F13="B",3,IF(F13="C",2,IF(F13="D",1,0)))))+'02_의사결정·종합결과'!$B$68*IF(G13="S",5,IF(G13="A",4,IF(G13="B",3,IF(G13="C",2,IF(G13="D",1,0))))),IF(F13<>"",IF(F13="S",5,IF(F13="A",4,IF(F13="B",3,IF(F13="C",2,IF(F13="D",1,0))))),IF(G13<>"",IF(G13="S",5,IF(G13="A",4,IF(G13="B",3,IF(G13="C",2,IF(G13="D",1,0))))),""))),"") -> 0 | I13: =IF(H13="","",IF(H13>=4.5,"S",IF(H13>=3.5,"A",IF(H13>=2.5,"B",IF(H13>=1.5,"C","D"))))) -> D
A14: ='01_인적정보'!A14 -> 9 | B14: ='01_인적정보'!B14 -> BSS-009 | C14: ='01_인적정보'!C14 -> 박남식 | D14: ='01_인적정보'!E14 -> BIM컨설팅 | E14: ='01_인적정보'!H14 -> G5-M | F14: ='07a_상반기입력'!I14 -> 0 | G14: ='07a_상반기입력'!J14 -> 0 | H14: =IFERROR(IF(AND(F14<>"",G14<>""),'02_의사결정·종합결과'!$B$67*IF(F14="S",5,IF(F14="A",4,IF(F14="B",3,IF(F14="C",2,IF(F14="D",1,0)))))+'02_의사결정·종합결과'!$B$68*IF(G14="S",5,IF(G14="A",4,IF(G14="B",3,IF(G14="C",2,IF(G14="D",1,0))))),IF(F14<>"",IF(F14="S",5,IF(F14="A",4,IF(F14="B",3,IF(F14="C",2,IF(F14="D",1,0))))),IF(G14<>"",IF(G14="S",5,IF(G14="A",4,IF(G14="B",3,IF(G14="C",2,IF(G14="D",1,0))))),""))),"") -> 0 | I14: =IF(H14="","",IF(H14>=4.5,"S",IF(H14>=3.5,"A",IF(H14>=2.5,"B",IF(H14>=1.5,"C","D"))))) -> D
A15: ='01_인적정보'!A15 -> 10 | B15: ='01_인적정보'!B15 -> BSS-010 | C15: ='01_인적정보'!C15 -> 신재민 | D15: ='01_인적정보'!E15 -> BIM컨설팅 | E15: ='01_인적정보'!H15 -> G5-S | F15: ='07a_상반기입력'!I15 -> 0 | G15: ='07a_상반기입력'!J15 -> 0 | H15: =IFERROR(IF(AND(F15<>"",G15<>""),'02_의사결정·종합결과'!$B$67*IF(F15="S",5,IF(F15="A",4,IF(F15="B",3,IF(F15="C",2,IF(F15="D",1,0)))))+'02_의사결정·종합결과'!$B$68*IF(G15="S",5,IF(G15="A",4,IF(G15="B",3,IF(G15="C",2,IF(G15="D",1,0))))),IF(F15<>"",IF(F15="S",5,IF(F15="A",4,IF(F15="B",3,IF(F15="C",2,IF(F15="D",1,0))))),IF(G15<>"",IF(G15="S",5,IF(G15="A",4,IF(G15="B",3,IF(G15="C",2,IF(G15="D",1,0))))),""))),"") -> 0 | I15: =IF(H15="","",IF(H15>=4.5,"S",IF(H15>=3.5,"A",IF(H15>=2.5,"B",IF(H15>=1.5,"C","D"))))) -> D
A16: ='01_인적정보'!A16 -> 11 | B16: ='01_인적정보'!B16 -> BSS-011 | C16: ='01_인적정보'!C16 -> 마장엽 | D16: ='01_인적정보'!E16 -> BIM컨설팅 | E16: ='01_인적정보'!H16 -> G5-S | F16: ='07a_상반기입력'!I16 -> 0 | G16: ='07a_상반기입력'!J16 -> 0 | H16: =IFERROR(IF(AND(F16<>"",G16<>""),'02_의사결정·종합결과'!$B$67*IF(F16="S",5,IF(F16="A",4,IF(F16="B",3,IF(F16="C",2,IF(F16="D",1,0)))))+'02_의사결정·종합결과'!$B$68*IF(G16="S",5,IF(G16="A",4,IF(G16="B",3,IF(G16="C",2,IF(G16="D",1,0))))),IF(F16<>"",IF(F16="S",5,IF(F16="A",4,IF(F16="B",3,IF(F16="C",2,IF(F16="D",1,0))))),IF(G16<>"",IF(G16="S",5,IF(G16="A",4,IF(G16="B",3,IF(G16="C",2,IF(G16="D",1,0))))),""))),"") -> 0 | I16: =IF(H16="","",IF(H16>=4.5,"S",IF(H16>=3.5,"A",IF(H16>=2.5,"B",IF(H16>=1.5,"C","D"))))) -> D
A17: ='01_인적정보'!A17 -> 12 | B17: ='01_인적정보'!B17 -> BSS-012 | C17: ='01_인적정보'!C17 -> 하은주 | D17: ='01_인적정보'!E17 -> 경영전략기획 | E17: ='01_인적정보'!H17 -> G5-M | F17: ='07a_상반기입력'!I17 -> 0 | G17: ='07a_상반기입력'!J17 -> 0 | H17: =IFERROR(IF(AND(F17<>"",G17<>""),'02_의사결정·종합결과'!$B$67*IF(F17="S",5,IF(F17="A",4,IF(F17="B",3,IF(F17="C",2,IF(F17="D",1,0)))))+'02_의사결정·종합결과'!$B$68*IF(G17="S",5,IF(G17="A",4,IF(G17="B",3,IF(G17="C",2,IF(G17="D",1,0))))),IF(F17<>"",IF(F17="S",5,IF(F17="A",4,IF(F17="B",3,IF(F17="C",2,IF(F17="D",1,0))))),IF(G17<>"",IF(G17="S",5,IF(G17="A",4,IF(G17="B",3,IF(G17="C",2,IF(G17="D",1,0))))),""))),"") -> 0 | I17: =IF(H17="","",IF(H17>=4.5,"S",IF(H17>=3.5,"A",IF(H17>=2.5,"B",IF(H17>=1.5,"C","D"))))) -> D
... A39: ='01_인적정보'!A39 -> 34 | B39: ='01_인적정보'!B39 -> BSS-034 | C39: ='01_인적정보'!C39 -> 엄보근 | D39: ='01_인적정보'!E39 -> BIM컨설팅 | E39: ='01_인적정보'!H39 -> G1 | F39: ='07a_상반기입력'!I39 -> 0 | G39: ='07a_상반기입력'!J39 -> 0 | H39: =IFERROR(IF(AND(F39<>"",G39<>""),'02_의사결정·종합결과'!$B$67*IF(F39="S",5,IF(F39="A",4,IF(F39="B",3,IF(F39="C",2,IF(F39="D",1,0)))))+'02_의사결정·종합결과'!$B$68*IF(G39="S",5,IF(G39="A",4,IF(G39="B",3,IF(G39="C",2,IF(G39="D",1,0))))),IF(F39<>"",IF(F39="S",5,IF(F39="A",4,IF(F39="B",3,IF(F39="C",2,IF(F39="D",1,0))))),IF(G39<>"",IF(G39="S",5,IF(G39="A",4,IF(G39="B",3,IF(G39="C",2,IF(G39="D",1,0))))),""))),"") -> 0 | I39: =IF(H39="","",IF(H39>=4.5,"S",IF(H39>=3.5,"A",IF(H39>=2.5,"B",IF(H39>=1.5,"C","D"))))) -> D
A44: ■ 하반기 공통역량평가
A45: No. | B45: 사번 | C45: 성명 | D45: 직무 | E45: 역할등급 | F45: 공통(1차) | G45: 공통(2차) | H45: 가중평균(점수) | I45: 확정등급
A46: ='01_인적정보'!A6 -> 1 | B46: ='01_인적정보'!B6 -> BSS-001 | C46: ='01_인적정보'!C6 -> 이화형 | D46: ='01_인적정보'!E6 -> 프로젝트영업 | E46: ='01_인적정보'!H6 -> G6 | F46: ='07b_하반기입력'!I6 -> 0 | G46: ='07b_하반기입력'!J6 -> 0 | H46: =IFERROR(IF(AND(F46<>"",G46<>""),'02_의사결정·종합결과'!$B$67*IF(F46="S",5,IF(F46="A",4,IF(F46="B",3,IF(F46="C",2,IF(F46="D",1,0)))))+'02_의사결정·종합결과'!$B$68*IF(G46="S",5,IF(G46="A",4,IF(G46="B",3,IF(G46="C",2,IF(G46="D",1,0))))),IF(F46<>"",IF(F46="S",5,IF(F46="A",4,IF(F46="B",3,IF(F46="C",2,IF(F46="D",1,0))))),IF(G46<>"",IF(G46="S",5,IF(G46="A",4,IF(G46="B",3,IF(G46="C",2,IF(G46="D",1,0))))),""))),"") -> 0 | I46: =IF(H46="","",IF(H46>=4.5,"S",IF(H46>=3.5,"A",IF(H46>=2.5,"B",IF(H46>=1.5,"C","D"))))) -> D
A47: ='01_인적정보'!A7 -> 2 | B47: ='01_인적정보'!B7 -> BSS-002 | C47: ='01_인적정보'!C7 -> 강전용 | D47: ='01_인적정보'!E7 -> 연구개발(R&D) | E47: ='01_인적정보'!H7 -> G6 | F47: ='07b_하반기입력'!I7 -> 0 | G47: ='07b_하반기입력'!J7 -> 0 | H47: =IFERROR(IF(AND(F47<>"",G47<>""),'02_의사결정·종합결과'!$B$67*IF(F47="S",5,IF(F47="A",4,IF(F47="B",3,IF(F47="C",2,IF(F47="D",1,0)))))+'02_의사결정·종합결과'!$B$68*IF(G47="S",5,IF(G47="A",4,IF(G47="B",3,IF(G47="C",2,IF(G47="D",1,0))))),IF(F47<>"",IF(F47="S",5,IF(F47="A",4,IF(F47="B",3,IF(F47="C",2,IF(F47="D",1,0))))),IF(G47<>"",IF(G47="S",5,IF(G47="A",4,IF(G47="B",3,IF(G47="C",2,IF(G47="D",1,0))))),""))),"") -> 0 | I47: =IF(H47="","",IF(H47>=4.5,"S",IF(H47>=3.5,"A",IF(H47>=2.5,"B",IF(H47>=1.5,"C","D"))))) -> D
A48: ='01_인적정보'!A8 -> 3 | B48: ='01_인적정보'!B8 -> BSS-003 | C48: ='01_인적정보'!C8 -> 김현민 | D48: ='01_인적정보'!E8 -> BIM컨설팅 | E48: ='01_인적정보'!H8 -> G6 | F48: ='07b_하반기입력'!I8 -> 0 | G48: ='07b_하반기입력'!J8 -> 0 | H48: =IFERROR(IF(AND(F48<>"",G48<>""),'02_의사결정·종합결과'!$B$67*IF(F48="S",5,IF(F48="A",4,IF(F48="B",3,IF(F48="C",2,IF(F48="D",1,0)))))+'02_의사결정·종합결과'!$B$68*IF(G48="S",5,IF(G48="A",4,IF(G48="B",3,IF(G48="C",2,IF(G48="D",1,0))))),IF(F48<>"",IF(F48="S",5,IF(F48="A",4,IF(F48="B",3,IF(F48="C",2,IF(F48="D",1,0))))),IF(G48<>"",IF(G48="S",5,IF(G48="A",4,IF(G48="B",3,IF(G48="C",2,IF(G48="D",1,0))))),""))),"") -> 0 | I48: =IF(H48="","",IF(H48>=4.5,"S",IF(H48>=3.5,"A",IF(H48>=2.5,"B",IF(H48>=1.5,"C","D"))))) -> D
A49: ='01_인적정보'!A9 -> 4 | B49: ='01_인적정보'!B9 -> BSS-004 | C49: ='01_인적정보'!C9 -> 이일곤 | D49: ='01_인적정보'!E9 -> 경영전략기획 | E49: ='01_인적정보'!H9 -> G6 | F49: ='07b_하반기입력'!I9 -> 0 | G49: ='07b_하반기입력'!J9 -> 0 | H49: =IFERROR(IF(AND(F49<>"",G49<>""),'02_의사결정·종합결과'!$B$67*IF(F49="S",5,IF(F49="A",4,IF(F49="B",3,IF(F49="C",2,IF(F49="D",1,0)))))+'02_의사결정·종합결과'!$B$68*IF(G49="S",5,IF(G49="A",4,IF(G49="B",3,IF(G49="C",2,IF(G49="D",1,0))))),IF(F49<>"",IF(F49="S",5,IF(F49="A",4,IF(F49="B",3,IF(F49="C",2,IF(F49="D",1,0))))),IF(G49<>"",IF(G49="S",5,IF(G49="A",4,IF(G49="B",3,IF(G49="C",2,IF(G49="D",1,0))))),""))),"") -> 0 | I49: =IF(H49="","",IF(H49>=4.5,"S",IF(H49>=3.5,"A",IF(H49>=2.5,"B",IF(H49>=1.5,"C","D"))))) -> D
A50: ='01_인적정보'!A10 -> 5 | B50: ='01_인적정보'!B10 -> BSS-005 | C50: ='01_인적정보'!C10 -> 송헌영 | D50: ='01_인적정보'!E10 -> 경영전략기획 | E50: ='01_인적정보'!H10 -> G6 | F50: ='07b_하반기입력'!I10 -> 0 | G50: ='07b_하반기입력'!J10 -> 0 | H50: =IFERROR(IF(AND(F50<>"",G50<>""),'02_의사결정·종합결과'!$B$67*IF(F50="S",5,IF(F50="A",4,IF(F50="B",3,IF(F50="C",2,IF(F50="D",1,0)))))+'02_의사결정·종합결과'!$B$68*IF(G50="S",5,IF(G50="A",4,IF(G50="B",3,IF(G50="C",2,IF(G50="D",1,0))))),IF(F50<>"",IF(F50="S",5,IF(F50="A",4,IF(F50="B",3,IF(F50="C",2,IF(F50="D",1,0))))),IF(G50<>"",IF(G50="S",5,IF(G50="A",4,IF(G50="B",3,IF(G50="C",2,IF(G50="D",1,0))))),""))),"") -> 0 | I50: =IF(H50="","",IF(H50>=4.5,"S",IF(H50>=3.5,"A",IF(H50>=2.5,"B",IF(H50>=1.5,"C","D"))))) -> D
A51: ='01_인적정보'!A11 -> 6 | B51: ='01_인적정보'!B11 -> BSS-006 | C51: ='01_인적정보'!C11 -> 이재용 | D51: ='01_인적정보'!E11 -> 경영전략기획 | E51: ='01_인적정보'!H11 -> G6 | F51: ='07b_하반기입력'!I11 -> 0 | G51: ='07b_하반기입력'!J11 -> 0 | H51: =IFERROR(IF(AND(F51<>"",G51<>""),'02_의사결정·종합결과'!$B$67*IF(F51="S",5,IF(F51="A",4,IF(F51="B",3,IF(F51="C",2,IF(F51="D",1,0)))))+'02_의사결정·종합결과'!$B$68*IF(G51="S",5,IF(G51="A",4,IF(G51="B",3,IF(G51="C",2,IF(G51="D",1,0))))),IF(F51<>"",IF(F51="S",5,IF(F51="A",4,IF(F51="B",3,IF(F51="C",2,IF(F51="D",1,0))))),IF(G51<>"",IF(G51="S",5,IF(G51="A",4,IF(G51="B",3,IF(G51="C",2,IF(G51="D",1,0))))),""))),"") -> 0 | I51: =IF(H51="","",IF(H51>=4.5,"S",IF(H51>=3.5,"A",IF(H51>=2.5,"B",IF(H51>=1.5,"C","D"))))) -> D
A52: ='01_인적정보'!A12 -> 7 | B52: ='01_인적정보'!B12 -> BSS-007 | C52: ='01_인적정보'!C12 -> 이진행 | D52: ='01_인적정보'!E12 -> 교육 | E52: ='01_인적정보'!H12 -> G5-M | F52: ='07b_하반기입력'!I12 -> 0 | G52: ='07b_하반기입력'!J12 -> 0 | H52: =IFERROR(IF(AND(F52<>"",G52<>""),'02_의사결정·종합결과'!$B$67*IF(F52="S",5,IF(F52="A",4,IF(F52="B",3,IF(F52="C",2,IF(F52="D",1,0)))))+'02_의사결정·종합결과'!$B$68*IF(G52="S",5,IF(G52="A",4,IF(G52="B",3,IF(G52="C",2,IF(G52="D",1,0))))),IF(F52<>"",IF(F52="S",5,IF(F52="A",4,IF(F52="B",3,IF(F52="C",2,IF(F52="D",1,0))))),IF(G52<>"",IF(G52="S",5,IF(G52="A",4,IF(G52="B",3,IF(G52="C",2,IF(G52="D",1,0))))),""))),"") -> 0 | I52: =IF(H52="","",IF(H52>=4.5,"S",IF(H52>=3.5,"A",IF(H52>=2.5,"B",IF(H52>=1.5,"C","D"))))) -> D
A53: ='01_인적정보'!A13 -> 8 | B53: ='01_인적정보'!B13 -> BSS-008 | C53: ='01_인적정보'!C13 -> 김민수 | D53: ='01_인적정보'!E13 -> 기술지원 | E53: ='01_인적정보'!H13 -> G5-M | F53: ='07b_하반기입력'!I13 -> 0 | G53: ='07b_하반기입력'!J13 -> 0 | H53: =IFERROR(IF(AND(F53<>"",G53<>""),'02_의사결정·종합결과'!$B$67*IF(F53="S",5,IF(F53="A",4,IF(F53="B",3,IF(F53="C",2,IF(F53="D",1,0)))))+'02_의사결정·종합결과'!$B$68*IF(G53="S",5,IF(G53="A",4,IF(G53="B",3,IF(G53="C",2,IF(G53="D",1,0))))),IF(F53<>"",IF(F53="S",5,IF(F53="A",4,IF(F53="B",3,IF(F53="C",2,IF(F53="D",1,0))))),IF(G53<>"",IF(G53="S",5,IF(G53="A",4,IF(G53="B",3,IF(G53="C",2,IF(G53="D",1,0))))),""))),"") -> 0 | I53: =IF(H53="","",IF(H53>=4.5,"S",IF(H53>=3.5,"A",IF(H53>=2.5,"B",IF(H53>=1.5,"C","D"))))) -> D
A54: ='01_인적정보'!A14 -> 9 | B54: ='01_인적정보'!B14 -> BSS-009 | C54: ='01_인적정보'!C14 -> 박남식 | D54: ='01_인적정보'!E14 -> BIM컨설팅 | E54: ='01_인적정보'!H14 -> G5-M | F54: ='07b_하반기입력'!I14 -> 0 | G54: ='07b_하반기입력'!J14 -> 0 | H54: =IFERROR(IF(AND(F54<>"",G54<>""),'02_의사결정·종합결과'!$B$67*IF(F54="S",5,IF(F54="A",4,IF(F54="B",3,IF(F54="C",2,IF(F54="D",1,0)))))+'02_의사결정·종합결과'!$B$68*IF(G54="S",5,IF(G54="A",4,IF(G54="B",3,IF(G54="C",2,IF(G54="D",1,0))))),IF(F54<>"",IF(F54="S",5,IF(F54="A",4,IF(F54="B",3,IF(F54="C",2,IF(F54="D",1,0))))),IF(G54<>"",IF(G54="S",5,IF(G54="A",4,IF(G54="B",3,IF(G54="C",2,IF(G54="D",1,0))))),""))),"") -> 0 | I54: =IF(H54="","",IF(H54>=4.5,"S",IF(H54>=3.5,"A",IF(H54>=2.5,"B",IF(H54>=1.5,"C","D"))))) -> D
A55: ='01_인적정보'!A15 -> 10 | B55: ='01_인적정보'!B15 -> BSS-010 | C55: ='01_인적정보'!C15 -> 신재민 | D55: ='01_인적정보'!E15 -> BIM컨설팅 | E55: ='01_인적정보'!H15 -> G5-S | F55: ='07b_하반기입력'!I15 -> 0 | G55: ='07b_하반기입력'!J15 -> 0 | H55: =IFERROR(IF(AND(F55<>"",G55<>""),'02_의사결정·종합결과'!$B$67*IF(F55="S",5,IF(F55="A",4,IF(F55="B",3,IF(F55="C",2,IF(F55="D",1,0)))))+'02_의사결정·종합결과'!$B$68*IF(G55="S",5,IF(G55="A",4,IF(G55="B",3,IF(G55="C",2,IF(G55="D",1,0))))),IF(F55<>"",IF(F55="S",5,IF(F55="A",4,IF(F55="B",3,IF(F55="C",2,IF(F55="D",1,0))))),IF(G55<>"",IF(G55="S",5,IF(G55="A",4,IF(G55="B",3,IF(G55="C",2,IF(G55="D",1,0))))),""))),"") -> 0 | I55: =IF(H55="","",IF(H55>=4.5,"S",IF(H55>=3.5,"A",IF(H55>=2.5,"B",IF(H55>=1.5,"C","D"))))) -> D
A56: ='01_인적정보'!A16 -> 11 | B56: ='01_인적정보'!B16 -> BSS-011 | C56: ='01_인적정보'!C16 -> 마장엽 | D56: ='01_인적정보'!E16 -> BIM컨설팅 | E56: ='01_인적정보'!H16 -> G5-S | F56: ='07b_하반기입력'!I16 -> 0 | G56: ='07b_하반기입력'!J16 -> 0 | H56: =IFERROR(IF(AND(F56<>"",G56<>""),'02_의사결정·종합결과'!$B$67*IF(F56="S",5,IF(F56="A",4,IF(F56="B",3,IF(F56="C",2,IF(F56="D",1,0)))))+'02_의사결정·종합결과'!$B$68*IF(G56="S",5,IF(G56="A",4,IF(G56="B",3,IF(G56="C",2,IF(G56="D",1,0))))),IF(F56<>"",IF(F56="S",5,IF(F56="A",4,IF(F56="B",3,IF(F56="C",2,IF(F56="D",1,0))))),IF(G56<>"",IF(G56="S",5,IF(G56="A",4,IF(G56="B",3,IF(G56="C",2,IF(G56="D",1,0))))),""))),"") -> 0 | I56: =IF(H56="","",IF(H56>=4.5,"S",IF(H56>=3.5,"A",IF(H56>=2.5,"B",IF(H56>=1.5,"C","D"))))) -> D
A57: ='01_인적정보'!A17 -> 12 | B57: ='01_인적정보'!B17 -> BSS-012 | C57: ='01_인적정보'!C17 -> 하은주 | D57: ='01_인적정보'!E17 -> 경영전략기획 | E57: ='01_인적정보'!H17 -> G5-M | F57: ='07b_하반기입력'!I17 -> 0 | G57: ='07b_하반기입력'!J17 -> 0 | H57: =IFERROR(IF(AND(F57<>"",G57<>""),'02_의사결정·종합결과'!$B$67*IF(F57="S",5,IF(F57="A",4,IF(F57="B",3,IF(F57="C",2,IF(F57="D",1,0)))))+'02_의사결정·종합결과'!$B$68*IF(G57="S",5,IF(G57="A",4,IF(G57="B",3,IF(G57="C",2,IF(G57="D",1,0))))),IF(F57<>"",IF(F57="S",5,IF(F57="A",4,IF(F57="B",3,IF(F57="C",2,IF(F57="D",1,0))))),IF(G57<>"",IF(G57="S",5,IF(G57="A",4,IF(G57="B",3,IF(G57="C",2,IF(G57="D",1,0))))),""))),"") -> 0 | I57: =IF(H57="","",IF(H57>=4.5,"S",IF(H57>=3.5,"A",IF(H57>=2.5,"B",IF(H57>=1.5,"C","D"))))) -> D
... A79: ='01_인적정보'!A39 -> 34 | B79: ='01_인적정보'!B39 -> BSS-034 | C79: ='01_인적정보'!C39 -> 엄보근 | D79: ='01_인적정보'!E39 -> BIM컨설팅 | E79: ='01_인적정보'!H39 -> G1 | F79: ='07b_하반기입력'!I39 -> 0 | G79: ='07b_하반기입력'!J39 -> 0 | H79: =IFERROR(IF(AND(F79<>"",G79<>""),'02_의사결정·종합결과'!$B$67*IF(F79="S",5,IF(F79="A",4,IF(F79="B",3,IF(F79="C",2,IF(F79="D",1,0)))))+'02_의사결정·종합결과'!$B$68*IF(G79="S",5,IF(G79="A",4,IF(G79="B",3,IF(G79="C",2,IF(G79="D",1,0))))),IF(F79<>"",IF(F79="S",5,IF(F79="A",4,IF(F79="B",3,IF(F79="C",2,IF(F79="D",1,0))))),IF(G79<>"",IF(G79="S",5,IF(G79="A",4,IF(G79="B",3,IF(G79="C",2,IF(G79="D",1,0))))),""))),"") -> 0 | I79: =IF(H79="","",IF(H79>=4.5,"S",IF(H79>=3.5,"A",IF(H79>=2.5,"B",IF(H79>=1.5,"C","D"))))) -> D

Sheet 06_직무역량평가
A1: 직무역량평가 (자동 산출)
A2: 07a/07b의 1·2차 평가자 직무역량 종합 등급 → 평가자 가중치 적용 → 확정 등급
A4: ■ 상반기 직무역량평가
A5: No. | B5: 사번 | C5: 성명 | D5: 직무 | E5: 역할등급 | F5: 메인 책무 수 | G5: 직무(1차) | H5: 직무(2차) | I5: 가중평균(점수) | J5: 확정등급
A6: ='01_인적정보'!A6 -> 1 | B6: ='01_인적정보'!B6 -> BSS-001 | C6: ='01_인적정보'!C6 -> 이화형 | D6: ='01_인적정보'!E6 -> 프로젝트영업 | E6: ='01_인적정보'!H6 -> G6 | F6: ='01_인적정보'!L6 -> 0 | G6: ='07a_상반기입력'!K6 -> 0 | H6: ='07a_상반기입력'!L6 -> 0 | I6: =IFERROR(IF(AND(G6<>"",H6<>""),'02_의사결정·종합결과'!$B$67*IF(G6="S",5,IF(G6="A",4,IF(G6="B",3,IF(G6="C",2,IF(G6="D",1,0)))))+'02_의사결정·종합결과'!$B$68*IF(H6="S",5,IF(H6="A",4,IF(H6="B",3,IF(H6="C",2,IF(H6="D",1,0))))),IF(G6<>"",IF(G6="S",5,IF(G6="A",4,IF(G6="B",3,IF(G6="C",2,IF(G6="D",1,0))))),IF(H6<>"",IF(H6="S",5,IF(H6="A",4,IF(H6="B",3,IF(H6="C",2,IF(H6="D",1,0))))),""))),"") -> 0 | J6: =IF(I6="","",IF(I6>=4.5,"S",IF(I6>=3.5,"A",IF(I6>=2.5,"B",IF(I6>=1.5,"C","D"))))) -> D
A7: ='01_인적정보'!A7 -> 2 | B7: ='01_인적정보'!B7 -> BSS-002 | C7: ='01_인적정보'!C7 -> 강전용 | D7: ='01_인적정보'!E7 -> 연구개발(R&D) | E7: ='01_인적정보'!H7 -> G6 | F7: ='01_인적정보'!L7 -> 0 | G7: ='07a_상반기입력'!K7 -> 0 | H7: ='07a_상반기입력'!L7 -> 0 | I7: =IFERROR(IF(AND(G7<>"",H7<>""),'02_의사결정·종합결과'!$B$67*IF(G7="S",5,IF(G7="A",4,IF(G7="B",3,IF(G7="C",2,IF(G7="D",1,0)))))+'02_의사결정·종합결과'!$B$68*IF(H7="S",5,IF(H7="A",4,IF(H7="B",3,IF(H7="C",2,IF(H7="D",1,0))))),IF(G7<>"",IF(G7="S",5,IF(G7="A",4,IF(G7="B",3,IF(G7="C",2,IF(G7="D",1,0))))),IF(H7<>"",IF(H7="S",5,IF(H7="A",4,IF(H7="B",3,IF(H7="C",2,IF(H7="D",1,0))))),""))),"") -> 0 | J7: =IF(I7="","",IF(I7>=4.5,"S",IF(I7>=3.5,"A",IF(I7>=2.5,"B",IF(I7>=1.5,"C","D"))))) -> D
A8: ='01_인적정보'!A8 -> 3 | B8: ='01_인적정보'!B8 -> BSS-003 | C8: ='01_인적정보'!C8 -> 김현민 | D8: ='01_인적정보'!E8 -> BIM컨설팅 | E8: ='01_인적정보'!H8 -> G6 | F8: ='01_인적정보'!L8 -> 0 | G8: ='07a_상반기입력'!K8 -> 0 | H8: ='07a_상반기입력'!L8 -> 0 | I8: =IFERROR(IF(AND(G8<>"",H8<>""),'02_의사결정·종합결과'!$B$67*IF(G8="S",5,IF(G8="A",4,IF(G8="B",3,IF(G8="C",2,IF(G8="D",1,0)))))+'02_의사결정·종합결과'!$B$68*IF(H8="S",5,IF(H8="A",4,IF(H8="B",3,IF(H8="C",2,IF(H8="D",1,0))))),IF(G8<>"",IF(G8="S",5,IF(G8="A",4,IF(G8="B",3,IF(G8="C",2,IF(G8="D",1,0))))),IF(H8<>"",IF(H8="S",5,IF(H8="A",4,IF(H8="B",3,IF(H8="C",2,IF(H8="D",1,0))))),""))),"") -> 0 | J8: =IF(I8="","",IF(I8>=4.5,"S",IF(I8>=3.5,"A",IF(I8>=2.5,"B",IF(I8>=1.5,"C","D"))))) -> D
A9: ='01_인적정보'!A9 -> 4 | B9: ='01_인적정보'!B9 -> BSS-004 | C9: ='01_인적정보'!C9 -> 이일곤 | D9: ='01_인적정보'!E9 -> 경영전략기획 | E9: ='01_인적정보'!H9 -> G6 | F9: ='01_인적정보'!L9 -> 0 | G9: ='07a_상반기입력'!K9 -> 0 | H9: ='07a_상반기입력'!L9 -> 0 | I9: =IFERROR(IF(AND(G9<>"",H9<>""),'02_의사결정·종합결과'!$B$67*IF(G9="S",5,IF(G9="A",4,IF(G9="B",3,IF(G9="C",2,IF(G9="D",1,0)))))+'02_의사결정·종합결과'!$B$68*IF(H9="S",5,IF(H9="A",4,IF(H9="B",3,IF(H9="C",2,IF(H9="D",1,0))))),IF(G9<>"",IF(G9="S",5,IF(G9="A",4,IF(G9="B",3,IF(G9="C",2,IF(G9="D",1,0))))),IF(H9<>"",IF(H9="S",5,IF(H9="A",4,IF(H9="B",3,IF(H9="C",2,IF(H9="D",1,0))))),""))),"") -> 0 | J9: =IF(I9="","",IF(I9>=4.5,"S",IF(I9>=3.5,"A",IF(I9>=2.5,"B",IF(I9>=1.5,"C","D"))))) -> D
A10: ='01_인적정보'!A10 -> 5 | B10: ='01_인적정보'!B10 -> BSS-005 | C10: ='01_인적정보'!C10 -> 송헌영 | D10: ='01_인적정보'!E10 -> 경영전략기획 | E10: ='01_인적정보'!H10 -> G6 | F10: ='01_인적정보'!L10 -> 0 | G10: ='07a_상반기입력'!K10 -> 0 | H10: ='07a_상반기입력'!L10 -> 0 | I10: =IFERROR(IF(AND(G10<>"",H10<>""),'02_의사결정·종합결과'!$B$67*IF(G10="S",5,IF(G10="A",4,IF(G10="B",3,IF(G10="C",2,IF(G10="D",1,0)))))+'02_의사결정·종합결과'!$B$68*IF(H10="S",5,IF(H10="A",4,IF(H10="B",3,IF(H10="C",2,IF(H10="D",1,0))))),IF(G10<>"",IF(G10="S",5,IF(G10="A",4,IF(G10="B",3,IF(G10="C",2,IF(G10="D",1,0))))),IF(H10<>"",IF(H10="S",5,IF(H10="A",4,IF(H10="B",3,IF(H10="C",2,IF(H10="D",1,0))))),""))),"") -> 0 | J10: =IF(I10="","",IF(I10>=4.5,"S",IF(I10>=3.5,"A",IF(I10>=2.5,"B",IF(I10>=1.5,"C","D"))))) -> D
A11: ='01_인적정보'!A11 -> 6 | B11: ='01_인적정보'!B11 -> BSS-006 | C11: ='01_인적정보'!C11 -> 이재용 | D11: ='01_인적정보'!E11 -> 경영전략기획 | E11: ='01_인적정보'!H11 -> G6 | F11: ='01_인적정보'!L11 -> 0 | G11: ='07a_상반기입력'!K11 -> 0 | H11: ='07a_상반기입력'!L11 -> 0 | I11: =IFERROR(IF(AND(G11<>"",H11<>""),'02_의사결정·종합결과'!$B$67*IF(G11="S",5,IF(G11="A",4,IF(G11="B",3,IF(G11="C",2,IF(G11="D",1,0)))))+'02_의사결정·종합결과'!$B$68*IF(H11="S",5,IF(H11="A",4,IF(H11="B",3,IF(H11="C",2,IF(H11="D",1,0))))),IF(G11<>"",IF(G11="S",5,IF(G11="A",4,IF(G11="B",3,IF(G11="C",2,IF(G11="D",1,0))))),IF(H11<>"",IF(H11="S",5,IF(H11="A",4,IF(H11="B",3,IF(H11="C",2,IF(H11="D",1,0))))),""))),"") -> 0 | J11: =IF(I11="","",IF(I11>=4.5,"S",IF(I11>=3.5,"A",IF(I11>=2.5,"B",IF(I11>=1.5,"C","D"))))) -> D
A12: ='01_인적정보'!A12 -> 7 | B12: ='01_인적정보'!B12 -> BSS-007 | C12: ='01_인적정보'!C12 -> 이진행 | D12: ='01_인적정보'!E12 -> 교육 | E12: ='01_인적정보'!H12 -> G5-M | F12: ='01_인적정보'!L12 -> 0 | G12: ='07a_상반기입력'!K12 -> 0 | H12: ='07a_상반기입력'!L12 -> 0 | I12: =IFERROR(IF(AND(G12<>"",H12<>""),'02_의사결정·종합결과'!$B$67*IF(G12="S",5,IF(G12="A",4,IF(G12="B",3,IF(G12="C",2,IF(G12="D",1,0)))))+'02_의사결정·종합결과'!$B$68*IF(H12="S",5,IF(H12="A",4,IF(H12="B",3,IF(H12="C",2,IF(H12="D",1,0))))),IF(G12<>"",IF(G12="S",5,IF(G12="A",4,IF(G12="B",3,IF(G12="C",2,IF(G12="D",1,0))))),IF(H12<>"",IF(H12="S",5,IF(H12="A",4,IF(H12="B",3,IF(H12="C",2,IF(H12="D",1,0))))),""))),"") -> 0 | J12: =IF(I12="","",IF(I12>=4.5,"S",IF(I12>=3.5,"A",IF(I12>=2.5,"B",IF(I12>=1.5,"C","D"))))) -> D
A13: ='01_인적정보'!A13 -> 8 | B13: ='01_인적정보'!B13 -> BSS-008 | C13: ='01_인적정보'!C13 -> 김민수 | D13: ='01_인적정보'!E13 -> 기술지원 | E13: ='01_인적정보'!H13 -> G5-M | F13: ='01_인적정보'!L13 -> 0 | G13: ='07a_상반기입력'!K13 -> 0 | H13: ='07a_상반기입력'!L13 -> 0 | I13: =IFERROR(IF(AND(G13<>"",H13<>""),'02_의사결정·종합결과'!$B$67*IF(G13="S",5,IF(G13="A",4,IF(G13="B",3,IF(G13="C",2,IF(G13="D",1,0)))))+'02_의사결정·종합결과'!$B$68*IF(H13="S",5,IF(H13="A",4,IF(H13="B",3,IF(H13="C",2,IF(H13="D",1,0))))),IF(G13<>"",IF(G13="S",5,IF(G13="A",4,IF(G13="B",3,IF(G13="C",2,IF(G13="D",1,0))))),IF(H13<>"",IF(H13="S",5,IF(H13="A",4,IF(H13="B",3,IF(H13="C",2,IF(H13="D",1,0))))),""))),"") -> 0 | J13: =IF(I13="","",IF(I13>=4.5,"S",IF(I13>=3.5,"A",IF(I13>=2.5,"B",IF(I13>=1.5,"C","D"))))) -> D
A14: ='01_인적정보'!A14 -> 9 | B14: ='01_인적정보'!B14 -> BSS-009 | C14: ='01_인적정보'!C14 -> 박남식 | D14: ='01_인적정보'!E14 -> BIM컨설팅 | E14: ='01_인적정보'!H14 -> G5-M | F14: ='01_인적정보'!L14 -> 0 | G14: ='07a_상반기입력'!K14 -> 0 | H14: ='07a_상반기입력'!L14 -> 0 | I14: =IFERROR(IF(AND(G14<>"",H14<>""),'02_의사결정·종합결과'!$B$67*IF(G14="S",5,IF(G14="A",4,IF(G14="B",3,IF(G14="C",2,IF(G14="D",1,0)))))+'02_의사결정·종합결과'!$B$68*IF(H14="S",5,IF(H14="A",4,IF(H14="B",3,IF(H14="C",2,IF(H14="D",1,0))))),IF(G14<>"",IF(G14="S",5,IF(G14="A",4,IF(G14="B",3,IF(G14="C",2,IF(G14="D",1,0))))),IF(H14<>"",IF(H14="S",5,IF(H14="A",4,IF(H14="B",3,IF(H14="C",2,IF(H14="D",1,0))))),""))),"") -> 0 | J14: =IF(I14="","",IF(I14>=4.5,"S",IF(I14>=3.5,"A",IF(I14>=2.5,"B",IF(I14>=1.5,"C","D"))))) -> D
A15: ='01_인적정보'!A15 -> 10 | B15: ='01_인적정보'!B15 -> BSS-010 | C15: ='01_인적정보'!C15 -> 신재민 | D15: ='01_인적정보'!E15 -> BIM컨설팅 | E15: ='01_인적정보'!H15 -> G5-S | F15: ='01_인적정보'!L15 -> 0 | G15: ='07a_상반기입력'!K15 -> 0 | H15: ='07a_상반기입력'!L15 -> 0 | I15: =IFERROR(IF(AND(G15<>"",H15<>""),'02_의사결정·종합결과'!$B$67*IF(G15="S",5,IF(G15="A",4,IF(G15="B",3,IF(G15="C",2,IF(G15="D",1,0)))))+'02_의사결정·종합결과'!$B$68*IF(H15="S",5,IF(H15="A",4,IF(H15="B",3,IF(H15="C",2,IF(H15="D",1,0))))),IF(G15<>"",IF(G15="S",5,IF(G15="A",4,IF(G15="B",3,IF(G15="C",2,IF(G15="D",1,0))))),IF(H15<>"",IF(H15="S",5,IF(H15="A",4,IF(H15="B",3,IF(H15="C",2,IF(H15="D",1,0))))),""))),"") -> 0 | J15: =IF(I15="","",IF(I15>=4.5,"S",IF(I15>=3.5,"A",IF(I15>=2.5,"B",IF(I15>=1.5,"C","D"))))) -> D
A16: ='01_인적정보'!A16 -> 11 | B16: ='01_인적정보'!B16 -> BSS-011 | C16: ='01_인적정보'!C16 -> 마장엽 | D16: ='01_인적정보'!E16 -> BIM컨설팅 | E16: ='01_인적정보'!H16 -> G5-S | F16: ='01_인적정보'!L16 -> 0 | G16: ='07a_상반기입력'!K16 -> 0 | H16: ='07a_상반기입력'!L16 -> 0 | I16: =IFERROR(IF(AND(G16<>"",H16<>""),'02_의사결정·종합결과'!$B$67*IF(G16="S",5,IF(G16="A",4,IF(G16="B",3,IF(G16="C",2,IF(G16="D",1,0)))))+'02_의사결정·종합결과'!$B$68*IF(H16="S",5,IF(H16="A",4,IF(H16="B",3,IF(H16="C",2,IF(H16="D",1,0))))),IF(G16<>"",IF(G16="S",5,IF(G16="A",4,IF(G16="B",3,IF(G16="C",2,IF(G16="D",1,0))))),IF(H16<>"",IF(H16="S",5,IF(H16="A",4,IF(H16="B",3,IF(H16="C",2,IF(H16="D",1,0))))),""))),"") -> 0 | J16: =IF(I16="","",IF(I16>=4.5,"S",IF(I16>=3.5,"A",IF(I16>=2.5,"B",IF(I16>=1.5,"C","D"))))) -> D
A17: ='01_인적정보'!A17 -> 12 | B17: ='01_인적정보'!B17 -> BSS-012 | C17: ='01_인적정보'!C17 -> 하은주 | D17: ='01_인적정보'!E17 -> 경영전략기획 | E17: ='01_인적정보'!H17 -> G5-M | F17: ='01_인적정보'!L17 -> 0 | G17: ='07a_상반기입력'!K17 -> 0 | H17: ='07a_상반기입력'!L17 -> 0 | I17: =IFERROR(IF(AND(G17<>"",H17<>""),'02_의사결정·종합결과'!$B$67*IF(G17="S",5,IF(G17="A",4,IF(G17="B",3,IF(G17="C",2,IF(G17="D",1,0)))))+'02_의사결정·종합결과'!$B$68*IF(H17="S",5,IF(H17="A",4,IF(H17="B",3,IF(H17="C",2,IF(H17="D",1,0))))),IF(G17<>"",IF(G17="S",5,IF(G17="A",4,IF(G17="B",3,IF(G17="C",2,IF(G17="D",1,0))))),IF(H17<>"",IF(H17="S",5,IF(H17="A",4,IF(H17="B",3,IF(H17="C",2,IF(H17="D",1,0))))),""))),"") -> 0 | J17: =IF(I17="","",IF(I17>=4.5,"S",IF(I17>=3.5,"A",IF(I17>=2.5,"B",IF(I17>=1.5,"C","D"))))) -> D
... A39: ='01_인적정보'!A39 -> 34 | B39: ='01_인적정보'!B39 -> BSS-034 | C39: ='01_인적정보'!C39 -> 엄보근 | D39: ='01_인적정보'!E39 -> BIM컨설팅 | E39: ='01_인적정보'!H39 -> G1 | F39: ='01_인적정보'!L39 -> 0 | G39: ='07a_상반기입력'!K39 -> 0 | H39: ='07a_상반기입력'!L39 -> 0 | I39: =IFERROR(IF(AND(G39<>"",H39<>""),'02_의사결정·종합결과'!$B$67*IF(G39="S",5,IF(G39="A",4,IF(G39="B",3,IF(G39="C",2,IF(G39="D",1,0)))))+'02_의사결정·종합결과'!$B$68*IF(H39="S",5,IF(H39="A",4,IF(H39="B",3,IF(H39="C",2,IF(H39="D",1,0))))),IF(G39<>"",IF(G39="S",5,IF(G39="A",4,IF(G39="B",3,IF(G39="C",2,IF(G39="D",1,0))))),IF(H39<>"",IF(H39="S",5,IF(H39="A",4,IF(H39="B",3,IF(H39="C",2,IF(H39="D",1,0))))),""))),"") -> 0 | J39: =IF(I39="","",IF(I39>=4.5,"S",IF(I39>=3.5,"A",IF(I39>=2.5,"B",IF(I39>=1.5,"C","D"))))) -> D
A44: ■ 하반기 직무역량평가
A45: No. | B45: 사번 | C45: 성명 | D45: 직무 | E45: 역할등급 | F45: 메인 책무 수 | G45: 직무(1차) | H45: 직무(2차) | I45: 가중평균(점수) | J45: 확정등급
A46: ='01_인적정보'!A6 -> 1 | B46: ='01_인적정보'!B6 -> BSS-001 | C46: ='01_인적정보'!C6 -> 이화형 | D46: ='01_인적정보'!E6 -> 프로젝트영업 | E46: ='01_인적정보'!H6 -> G6 | F46: ='01_인적정보'!L6 -> 0 | G46: ='07b_하반기입력'!K6 -> 0 | H46: ='07b_하반기입력'!L6 -> 0 | I46: =IFERROR(IF(AND(G46<>"",H46<>""),'02_의사결정·종합결과'!$B$67*IF(G46="S",5,IF(G46="A",4,IF(G46="B",3,IF(G46="C",2,IF(G46="D",1,0)))))+'02_의사결정·종합결과'!$B$68*IF(H46="S",5,IF(H46="A",4,IF(H46="B",3,IF(H46="C",2,IF(H46="D",1,0))))),IF(G46<>"",IF(G46="S",5,IF(G46="A",4,IF(G46="B",3,IF(G46="C",2,IF(G46="D",1,0))))),IF(H46<>"",IF(H46="S",5,IF(H46="A",4,IF(H46="B",3,IF(H46="C",2,IF(H46="D",1,0))))),""))),"") -> 0 | J46: =IF(I46="","",IF(I46>=4.5,"S",IF(I46>=3.5,"A",IF(I46>=2.5,"B",IF(I46>=1.5,"C","D"))))) -> D
A47: ='01_인적정보'!A7 -> 2 | B47: ='01_인적정보'!B7 -> BSS-002 | C47: ='01_인적정보'!C7 -> 강전용 | D47: ='01_인적정보'!E7 -> 연구개발(R&D) | E47: ='01_인적정보'!H7 -> G6 | F47: ='01_인적정보'!L7 -> 0 | G47: ='07b_하반기입력'!K7 -> 0 | H47: ='07b_하반기입력'!L7 -> 0 | I47: =IFERROR(IF(AND(G47<>"",H47<>""),'02_의사결정·종합결과'!$B$67*IF(G47="S",5,IF(G47="A",4,IF(G47="B",3,IF(G47="C",2,IF(G47="D",1,0)))))+'02_의사결정·종합결과'!$B$68*IF(H47="S",5,IF(H47="A",4,IF(H47="B",3,IF(H47="C",2,IF(H47="D",1,0))))),IF(G47<>"",IF(G47="S",5,IF(G47="A",4,IF(G47="B",3,IF(G47="C",2,IF(G47="D",1,0))))),IF(H47<>"",IF(H47="S",5,IF(H47="A",4,IF(H47="B",3,IF(H47="C",2,IF(H47="D",1,0))))),""))),"") -> 0 | J47: =IF(I47="","",IF(I47>=4.5,"S",IF(I47>=3.5,"A",IF(I47>=2.5,"B",IF(I47>=1.5,"C","D"))))) -> D
A48: ='01_인적정보'!A8 -> 3 | B48: ='01_인적정보'!B8 -> BSS-003 | C48: ='01_인적정보'!C8 -> 김현민 | D48: ='01_인적정보'!E8 -> BIM컨설팅 | E48: ='01_인적정보'!H8 -> G6 | F48: ='01_인적정보'!L8 -> 0 | G48: ='07b_하반기입력'!K8 -> 0 | H48: ='07b_하반기입력'!L8 -> 0 | I48: =IFERROR(IF(AND(G48<>"",H48<>""),'02_의사결정·종합결과'!$B$67*IF(G48="S",5,IF(G48="A",4,IF(G48="B",3,IF(G48="C",2,IF(G48="D",1,0)))))+'02_의사결정·종합결과'!$B$68*IF(H48="S",5,IF(H48="A",4,IF(H48="B",3,IF(H48="C",2,IF(H48="D",1,0))))),IF(G48<>"",IF(G48="S",5,IF(G48="A",4,IF(G48="B",3,IF(G48="C",2,IF(G48="D",1,0))))),IF(H48<>"",IF(H48="S",5,IF(H48="A",4,IF(H48="B",3,IF(H48="C",2,IF(H48="D",1,0))))),""))),"") -> 0 | J48: =IF(I48="","",IF(I48>=4.5,"S",IF(I48>=3.5,"A",IF(I48>=2.5,"B",IF(I48>=1.5,"C","D"))))) -> D
A49: ='01_인적정보'!A9 -> 4 | B49: ='01_인적정보'!B9 -> BSS-004 | C49: ='01_인적정보'!C9 -> 이일곤 | D49: ='01_인적정보'!E9 -> 경영전략기획 | E49: ='01_인적정보'!H9 -> G6 | F49: ='01_인적정보'!L9 -> 0 | G49: ='07b_하반기입력'!K9 -> 0 | H49: ='07b_하반기입력'!L9 -> 0 | I49: =IFERROR(IF(AND(G49<>"",H49<>""),'02_의사결정·종합결과'!$B$67*IF(G49="S",5,IF(G49="A",4,IF(G49="B",3,IF(G49="C",2,IF(G49="D",1,0)))))+'02_의사결정·종합결과'!$B$68*IF(H49="S",5,IF(H49="A",4,IF(H49="B",3,IF(H49="C",2,IF(H49="D",1,0))))),IF(G49<>"",IF(G49="S",5,IF(G49="A",4,IF(G49="B",3,IF(G49="C",2,IF(G49="D",1,0))))),IF(H49<>"",IF(H49="S",5,IF(H49="A",4,IF(H49="B",3,IF(H49="C",2,IF(H49="D",1,0))))),""))),"") -> 0 | J49: =IF(I49="","",IF(I49>=4.5,"S",IF(I49>=3.5,"A",IF(I49>=2.5,"B",IF(I49>=1.5,"C","D"))))) -> D
A50: ='01_인적정보'!A10 -> 5 | B50: ='01_인적정보'!B10 -> BSS-005 | C50: ='01_인적정보'!C10 -> 송헌영 | D50: ='01_인적정보'!E10 -> 경영전략기획 | E50: ='01_인적정보'!H10 -> G6 | F50: ='01_인적정보'!L10 -> 0 | G50: ='07b_하반기입력'!K10 -> 0 | H50: ='07b_하반기입력'!L10 -> 0 | I50: =IFERROR(IF(AND(G50<>"",H50<>""),'02_의사결정·종합결과'!$B$67*IF(G50="S",5,IF(G50="A",4,IF(G50="B",3,IF(G50="C",2,IF(G50="D",1,0)))))+'02_의사결정·종합결과'!$B$68*IF(H50="S",5,IF(H50="A",4,IF(H50="B",3,IF(H50="C",2,IF(H50="D",1,0))))),IF(G50<>"",IF(G50="S",5,IF(G50="A",4,IF(G50="B",3,IF(G50="C",2,IF(G50="D",1,0))))),IF(H50<>"",IF(H50="S",5,IF(H50="A",4,IF(H50="B",3,IF(H50="C",2,IF(H50="D",1,0))))),""))),"") -> 0 | J50: =IF(I50="","",IF(I50>=4.5,"S",IF(I50>=3.5,"A",IF(I50>=2.5,"B",IF(I50>=1.5,"C","D"))))) -> D
A51: ='01_인적정보'!A11 -> 6 | B51: ='01_인적정보'!B11 -> BSS-006 | C51: ='01_인적정보'!C11 -> 이재용 | D51: ='01_인적정보'!E11 -> 경영전략기획 | E51: ='01_인적정보'!H11 -> G6 | F51: ='01_인적정보'!L11 -> 0 | G51: ='07b_하반기입력'!K11 -> 0 | H51: ='07b_하반기입력'!L11 -> 0 | I51: =IFERROR(IF(AND(G51<>"",H51<>""),'02_의사결정·종합결과'!$B$67*IF(G51="S",5,IF(G51="A",4,IF(G51="B",3,IF(G51="C",2,IF(G51="D",1,0)))))+'02_의사결정·종합결과'!$B$68*IF(H51="S",5,IF(H51="A",4,IF(H51="B",3,IF(H51="C",2,IF(H51="D",1,0))))),IF(G51<>"",IF(G51="S",5,IF(G51="A",4,IF(G51="B",3,IF(G51="C",2,IF(G51="D",1,0))))),IF(H51<>"",IF(H51="S",5,IF(H51="A",4,IF(H51="B",3,IF(H51="C",2,IF(H51="D",1,0))))),""))),"") -> 0 | J51: =IF(I51="","",IF(I51>=4.5,"S",IF(I51>=3.5,"A",IF(I51>=2.5,"B",IF(I51>=1.5,"C","D"))))) -> D
A52: ='01_인적정보'!A12 -> 7 | B52: ='01_인적정보'!B12 -> BSS-007 | C52: ='01_인적정보'!C12 -> 이진행 | D52: ='01_인적정보'!E12 -> 교육 | E52: ='01_인적정보'!H12 -> G5-M | F52: ='01_인적정보'!L12 -> 0 | G52: ='07b_하반기입력'!K12 -> 0 | H52: ='07b_하반기입력'!L12 -> 0 | I52: =IFERROR(IF(AND(G52<>"",H52<>""),'02_의사결정·종합결과'!$B$67*IF(G52="S",5,IF(G52="A",4,IF(G52="B",3,IF(G52="C",2,IF(G52="D",1,0)))))+'02_의사결정·종합결과'!$B$68*IF(H52="S",5,IF(H52="A",4,IF(H52="B",3,IF(H52="C",2,IF(H52="D",1,0))))),IF(G52<>"",IF(G52="S",5,IF(G52="A",4,IF(G52="B",3,IF(G52="C",2,IF(G52="D",1,0))))),IF(H52<>"",IF(H52="S",5,IF(H52="A",4,IF(H52="B",3,IF(H52="C",2,IF(H52="D",1,0))))),""))),"") -> 0 | J52: =IF(I52="","",IF(I52>=4.5,"S",IF(I52>=3.5,"A",IF(I52>=2.5,"B",IF(I52>=1.5,"C","D"))))) -> D
A53: ='01_인적정보'!A13 -> 8 | B53: ='01_인적정보'!B13 -> BSS-008 | C53: ='01_인적정보'!C13 -> 김민수 | D53: ='01_인적정보'!E13 -> 기술지원 | E53: ='01_인적정보'!H13 -> G5-M | F53: ='01_인적정보'!L13 -> 0 | G53: ='07b_하반기입력'!K13 -> 0 | H53: ='07b_하반기입력'!L13 -> 0 | I53: =IFERROR(IF(AND(G53<>"",H53<>""),'02_의사결정·종합결과'!$B$67*IF(G53="S",5,IF(G53="A",4,IF(G53="B",3,IF(G53="C",2,IF(G53="D",1,0)))))+'02_의사결정·종합결과'!$B$68*IF(H53="S",5,IF(H53="A",4,IF(H53="B",3,IF(H53="C",2,IF(H53="D",1,0))))),IF(G53<>"",IF(G53="S",5,IF(G53="A",4,IF(G53="B",3,IF(G53="C",2,IF(G53="D",1,0))))),IF(H53<>"",IF(H53="S",5,IF(H53="A",4,IF(H53="B",3,IF(H53="C",2,IF(H53="D",1,0))))),""))),"") -> 0 | J53: =IF(I53="","",IF(I53>=4.5,"S",IF(I53>=3.5,"A",IF(I53>=2.5,"B",IF(I53>=1.5,"C","D"))))) -> D
A54: ='01_인적정보'!A14 -> 9 | B54: ='01_인적정보'!B14 -> BSS-009 | C54: ='01_인적정보'!C14 -> 박남식 | D54: ='01_인적정보'!E14 -> BIM컨설팅 | E54: ='01_인적정보'!H14 -> G5-M | F54: ='01_인적정보'!L14 -> 0 | G54: ='07b_하반기입력'!K14 -> 0 | H54: ='07b_하반기입력'!L14 -> 0 | I54: =IFERROR(IF(AND(G54<>"",H54<>""),'02_의사결정·종합결과'!$B$67*IF(G54="S",5,IF(G54="A",4,IF(G54="B",3,IF(G54="C",2,IF(G54="D",1,0)))))+'02_의사결정·종합결과'!$B$68*IF(H54="S",5,IF(H54="A",4,IF(H54="B",3,IF(H54="C",2,IF(H54="D",1,0))))),IF(G54<>"",IF(G54="S",5,IF(G54="A",4,IF(G54="B",3,IF(G54="C",2,IF(G54="D",1,0))))),IF(H54<>"",IF(H54="S",5,IF(H54="A",4,IF(H54="B",3,IF(H54="C",2,IF(H54="D",1,0))))),""))),"") -> 0 | J54: =IF(I54="","",IF(I54>=4.5,"S",IF(I54>=3.5,"A",IF(I54>=2.5,"B",IF(I54>=1.5,"C","D"))))) -> D
A55: ='01_인적정보'!A15 -> 10 | B55: ='01_인적정보'!B15 -> BSS-010 | C55: ='01_인적정보'!C15 -> 신재민 | D55: ='01_인적정보'!E15 -> BIM컨설팅 | E55: ='01_인적정보'!H15 -> G5-S | F55: ='01_인적정보'!L15 -> 0 | G55: ='07b_하반기입력'!K15 -> 0 | H55: ='07b_하반기입력'!L15 -> 0 | I55: =IFERROR(IF(AND(G55<>"",H55<>""),'02_의사결정·종합결과'!$B$67*IF(G55="S",5,IF(G55="A",4,IF(G55="B",3,IF(G55="C",2,IF(G55="D",1,0)))))+'02_의사결정·종합결과'!$B$68*IF(H55="S",5,IF(H55="A",4,IF(H55="B",3,IF(H55="C",2,IF(H55="D",1,0))))),IF(G55<>"",IF(G55="S",5,IF(G55="A",4,IF(G55="B",3,IF(G55="C",2,IF(G55="D",1,0))))),IF(H55<>"",IF(H55="S",5,IF(H55="A",4,IF(H55="B",3,IF(H55="C",2,IF(H55="D",1,0))))),""))),"") -> 0 | J55: =IF(I55="","",IF(I55>=4.5,"S",IF(I55>=3.5,"A",IF(I55>=2.5,"B",IF(I55>=1.5,"C","D"))))) -> D
A56: ='01_인적정보'!A16 -> 11 | B56: ='01_인적정보'!B16 -> BSS-011 | C56: ='01_인적정보'!C16 -> 마장엽 | D56: ='01_인적정보'!E16 -> BIM컨설팅 | E56: ='01_인적정보'!H16 -> G5-S | F56: ='01_인적정보'!L16 -> 0 | G56: ='07b_하반기입력'!K16 -> 0 | H56: ='07b_하반기입력'!L16 -> 0 | I56: =IFERROR(IF(AND(G56<>"",H56<>""),'02_의사결정·종합결과'!$B$67*IF(G56="S",5,IF(G56="A",4,IF(G56="B",3,IF(G56="C",2,IF(G56="D",1,0)))))+'02_의사결정·종합결과'!$B$68*IF(H56="S",5,IF(H56="A",4,IF(H56="B",3,IF(H56="C",2,IF(H56="D",1,0))))),IF(G56<>"",IF(G56="S",5,IF(G56="A",4,IF(G56="B",3,IF(G56="C",2,IF(G56="D",1,0))))),IF(H56<>"",IF(H56="S",5,IF(H56="A",4,IF(H56="B",3,IF(H56="C",2,IF(H56="D",1,0))))),""))),"") -> 0 | J56: =IF(I56="","",IF(I56>=4.5,"S",IF(I56>=3.5,"A",IF(I56>=2.5,"B",IF(I56>=1.5,"C","D"))))) -> D
A57: ='01_인적정보'!A17 -> 12 | B57: ='01_인적정보'!B17 -> BSS-012 | C57: ='01_인적정보'!C17 -> 하은주 | D57: ='01_인적정보'!E17 -> 경영전략기획 | E57: ='01_인적정보'!H17 -> G5-M | F57: ='01_인적정보'!L17 -> 0 | G57: ='07b_하반기입력'!K17 -> 0 | H57: ='07b_하반기입력'!L17 -> 0 | I57: =IFERROR(IF(AND(G57<>"",H57<>""),'02_의사결정·종합결과'!$B$67*IF(G57="S",5,IF(G57="A",4,IF(G57="B",3,IF(G57="C",2,IF(G57="D",1,0)))))+'02_의사결정·종합결과'!$B$68*IF(H57="S",5,IF(H57="A",4,IF(H57="B",3,IF(H57="C",2,IF(H57="D",1,0))))),IF(G57<>"",IF(G57="S",5,IF(G57="A",4,IF(G57="B",3,IF(G57="C",2,IF(G57="D",1,0))))),IF(H57<>"",IF(H57="S",5,IF(H57="A",4,IF(H57="B",3,IF(H57="C",2,IF(H57="D",1,0))))),""))),"") -> 0 | J57: =IF(I57="","",IF(I57>=4.5,"S",IF(I57>=3.5,"A",IF(I57>=2.5,"B",IF(I57>=1.5,"C","D"))))) -> D
... A79: ='01_인적정보'!A39 -> 34 | B79: ='01_인적정보'!B39 -> BSS-034 | C79: ='01_인적정보'!C39 -> 엄보근 | D79: ='01_인적정보'!E39 -> BIM컨설팅 | E79: ='01_인적정보'!H39 -> G1 | F79: ='01_인적정보'!L39 -> 0 | G79: ='07b_하반기입력'!K39 -> 0 | H79: ='07b_하반기입력'!L39 -> 0 | I79: =IFERROR(IF(AND(G79<>"",H79<>""),'02_의사결정·종합결과'!$B$67*IF(G79="S",5,IF(G79="A",4,IF(G79="B",3,IF(G79="C",2,IF(G79="D",1,0)))))+'02_의사결정·종합결과'!$B$68*IF(H79="S",5,IF(H79="A",4,IF(H79="B",3,IF(H79="C",2,IF(H79="D",1,0))))),IF(G79<>"",IF(G79="S",5,IF(G79="A",4,IF(G79="B",3,IF(G79="C",2,IF(G79="D",1,0))))),IF(H79<>"",IF(H79="S",5,IF(H79="A",4,IF(H79="B",3,IF(H79="C",2,IF(H79="D",1,0))))),""))),"") -> 0 | J79: =IF(I79="","",IF(I79>=4.5,"S",IF(I79>=3.5,"A",IF(I79>=2.5,"B",IF(I79>=1.5,"C","D"))))) -> D

Sheet 07a_상반기입력
A1: 상반기 평가 결과 입력
A2: 평가지에서 각 직원별 [복사용 입력 행]을 통째로 복사 → 해당 사번 행 G열부터 [값 붙여넣기]. 1차·2차 평가자별 종합 등급을 받고, 02_의사결정의 평가자 가중치를 자동 적용해 04~06 시트에서 확정 등급 산출.
A4: 인적정보 | G4: 역할평가 | I4: 공통역량 | K4: 직무역량 | M4: 소견
A5: No. | B5: 사번 | C5: 성명 | D5: 직군 | E5: 직무 | F5: 역할등급 | G5: 역할(1차) | H5: 역할(2차) | I5: 공통(1차) | J5: 공통(2차) | K5: 직무(1차) | L5: 직무(2차) | M5: 종합 소견
A6: ='01_인적정보'!A6 -> 1 | B6: ='01_인적정보'!B6 -> BSS-001 | C6: ='01_인적정보'!C6 -> 이화형 | D6: ='01_인적정보'!D6 -> 영업 | E6: ='01_인적정보'!E6 -> 프로젝트영업 | F6: ='01_인적정보'!H6 -> G6
A7: ='01_인적정보'!A7 -> 2 | B7: ='01_인적정보'!B7 -> BSS-002 | C7: ='01_인적정보'!C7 -> 강전용 | D7: ='01_인적정보'!D7 -> 연구&개발 | E7: ='01_인적정보'!E7 -> 연구개발(R&D) | F7: ='01_인적정보'!H7 -> G6
A8: ='01_인적정보'!A8 -> 3 | B8: ='01_인적정보'!B8 -> BSS-003 | C8: ='01_인적정보'!C8 -> 김현민 | D8: ='01_인적정보'!D8 -> 설계 | E8: ='01_인적정보'!E8 -> BIM컨설팅 | F8: ='01_인적정보'!H8 -> G6
A9: ='01_인적정보'!A9 -> 4 | B9: ='01_인적정보'!B9 -> BSS-004 | C9: ='01_인적정보'!C9 -> 이일곤 | D9: ='01_인적정보'!D9 -> 경영관리 | E9: ='01_인적정보'!E9 -> 경영전략기획 | F9: ='01_인적정보'!H9 -> G6
A10: ='01_인적정보'!A10 -> 5 | B10: ='01_인적정보'!B10 -> BSS-005 | C10: ='01_인적정보'!C10 -> 송헌영 | D10: ='01_인적정보'!D10 -> 경영관리 | E10: ='01_인적정보'!E10 -> 경영전략기획 | F10: ='01_인적정보'!H10 -> G6
A11: ='01_인적정보'!A11 -> 6 | B11: ='01_인적정보'!B11 -> BSS-006 | C11: ='01_인적정보'!C11 -> 이재용 | D11: ='01_인적정보'!D11 -> 경영관리 | E11: ='01_인적정보'!E11 -> 경영전략기획 | F11: ='01_인적정보'!H11 -> G6
A12: ='01_인적정보'!A12 -> 7 | B12: ='01_인적정보'!B12 -> BSS-007 | C12: ='01_인적정보'!C12 -> 이진행 | D12: ='01_인적정보'!D12 -> 교육 및 기술지원 | E12: ='01_인적정보'!E12 -> 교육 | F12: ='01_인적정보'!H12 -> G5-M
A13: ='01_인적정보'!A13 -> 8 | B13: ='01_인적정보'!B13 -> BSS-008 | C13: ='01_인적정보'!C13 -> 김민수 | D13: ='01_인적정보'!D13 -> 교육 및 기술지원 | E13: ='01_인적정보'!E13 -> 기술지원 | F13: ='01_인적정보'!H13 -> G5-M
A14: ='01_인적정보'!A14 -> 9 | B14: ='01_인적정보'!B14 -> BSS-009 | C14: ='01_인적정보'!C14 -> 박남식 | D14: ='01_인적정보'!D14 -> 설계 | E14: ='01_인적정보'!E14 -> BIM컨설팅 | F14: ='01_인적정보'!H14 -> G5-M
A15: ='01_인적정보'!A15 -> 10 | B15: ='01_인적정보'!B15 -> BSS-010 | C15: ='01_인적정보'!C15 -> 신재민 | D15: ='01_인적정보'!D15 -> 설계 | E15: ='01_인적정보'!E15 -> BIM컨설팅 | F15: ='01_인적정보'!H15 -> G5-S
A16: ='01_인적정보'!A16 -> 11 | B16: ='01_인적정보'!B16 -> BSS-011 | C16: ='01_인적정보'!C16 -> 마장엽 | D16: ='01_인적정보'!D16 -> 설계 | E16: ='01_인적정보'!E16 -> BIM컨설팅 | F16: ='01_인적정보'!H16 -> G5-S
A17: ='01_인적정보'!A17 -> 12 | B17: ='01_인적정보'!B17 -> BSS-012 | C17: ='01_인적정보'!C17 -> 하은주 | D17: ='01_인적정보'!D17 -> 경영관리 | E17: ='01_인적정보'!E17 -> 경영전략기획 | F17: ='01_인적정보'!H17 -> G5-M
... A39: ='01_인적정보'!A39 -> 34 | B39: ='01_인적정보'!B39 -> BSS-034 | C39: ='01_인적정보'!C39 -> 엄보근 | D39: ='01_인적정보'!D39 -> 설계 | E39: ='01_인적정보'!E39 -> BIM컨설팅 | F39: ='01_인적정보'!H39 -> G1

Sheet 07b_하반기입력
A1: 하반기 평가 결과 입력
A2: 평가지에서 각 직원별 [복사용 입력 행]을 통째로 복사 → 해당 사번 행 G열부터 [값 붙여넣기]. 1차·2차 평가자별 종합 등급을 받고, 02_의사결정의 평가자 가중치를 자동 적용해 04~06 시트에서 확정 등급 산출.
A4: 인적정보 | G4: 역할평가 | I4: 공통역량 | K4: 직무역량 | M4: 소견
A5: No. | B5: 사번 | C5: 성명 | D5: 직군 | E5: 직무 | F5: 역할등급 | G5: 역할(1차) | H5: 역할(2차) | I5: 공통(1차) | J5: 공통(2차) | K5: 직무(1차) | L5: 직무(2차) | M5: 종합 소견
A6: ='01_인적정보'!A6 -> 1 | B6: ='01_인적정보'!B6 -> BSS-001 | C6: ='01_인적정보'!C6 -> 이화형 | D6: ='01_인적정보'!D6 -> 영업 | E6: ='01_인적정보'!E6 -> 프로젝트영업 | F6: ='01_인적정보'!H6 -> G6
A7: ='01_인적정보'!A7 -> 2 | B7: ='01_인적정보'!B7 -> BSS-002 | C7: ='01_인적정보'!C7 -> 강전용 | D7: ='01_인적정보'!D7 -> 연구&개발 | E7: ='01_인적정보'!E7 -> 연구개발(R&D) | F7: ='01_인적정보'!H7 -> G6
A8: ='01_인적정보'!A8 -> 3 | B8: ='01_인적정보'!B8 -> BSS-003 | C8: ='01_인적정보'!C8 -> 김현민 | D8: ='01_인적정보'!D8 -> 설계 | E8: ='01_인적정보'!E8 -> BIM컨설팅 | F8: ='01_인적정보'!H8 -> G6
A9: ='01_인적정보'!A9 -> 4 | B9: ='01_인적정보'!B9 -> BSS-004 | C9: ='01_인적정보'!C9 -> 이일곤 | D9: ='01_인적정보'!D9 -> 경영관리 | E9: ='01_인적정보'!E9 -> 경영전략기획 | F9: ='01_인적정보'!H9 -> G6
A10: ='01_인적정보'!A10 -> 5 | B10: ='01_인적정보'!B10 -> BSS-005 | C10: ='01_인적정보'!C10 -> 송헌영 | D10: ='01_인적정보'!D10 -> 경영관리 | E10: ='01_인적정보'!E10 -> 경영전략기획 | F10: ='01_인적정보'!H10 -> G6
A11: ='01_인적정보'!A11 -> 6 | B11: ='01_인적정보'!B11 -> BSS-006 | C11: ='01_인적정보'!C11 -> 이재용 | D11: ='01_인적정보'!D11 -> 경영관리 | E11: ='01_인적정보'!E11 -> 경영전략기획 | F11: ='01_인적정보'!H11 -> G6
A12: ='01_인적정보'!A12 -> 7 | B12: ='01_인적정보'!B12 -> BSS-007 | C12: ='01_인적정보'!C12 -> 이진행 | D12: ='01_인적정보'!D12 -> 교육 및 기술지원 | E12: ='01_인적정보'!E12 -> 교육 | F12: ='01_인적정보'!H12 -> G5-M
A13: ='01_인적정보'!A13 -> 8 | B13: ='01_인적정보'!B13 -> BSS-008 | C13: ='01_인적정보'!C13 -> 김민수 | D13: ='01_인적정보'!D13 -> 교육 및 기술지원 | E13: ='01_인적정보'!E13 -> 기술지원 | F13: ='01_인적정보'!H13 -> G5-M
A14: ='01_인적정보'!A14 -> 9 | B14: ='01_인적정보'!B14 -> BSS-009 | C14: ='01_인적정보'!C14 -> 박남식 | D14: ='01_인적정보'!D14 -> 설계 | E14: ='01_인적정보'!E14 -> BIM컨설팅 | F14: ='01_인적정보'!H14 -> G5-M
A15: ='01_인적정보'!A15 -> 10 | B15: ='01_인적정보'!B15 -> BSS-010 | C15: ='01_인적정보'!C15 -> 신재민 | D15: ='01_인적정보'!D15 -> 설계 | E15: ='01_인적정보'!E15 -> BIM컨설팅 | F15: ='01_인적정보'!H15 -> G5-S
A16: ='01_인적정보'!A16 -> 11 | B16: ='01_인적정보'!B16 -> BSS-011 | C16: ='01_인적정보'!C16 -> 마장엽 | D16: ='01_인적정보'!D16 -> 설계 | E16: ='01_인적정보'!E16 -> BIM컨설팅 | F16: ='01_인적정보'!H16 -> G5-S
A17: ='01_인적정보'!A17 -> 12 | B17: ='01_인적정보'!B17 -> BSS-012 | C17: ='01_인적정보'!C17 -> 하은주 | D17: ='01_인적정보'!D17 -> 경영관리 | E17: ='01_인적정보'!E17 -> 경영전략기획 | F17: ='01_인적정보'!H17 -> G5-M
... A39: ='01_인적정보'!A39 -> 34 | B39: ='01_인적정보'!B39 -> BSS-034 | C39: ='01_인적정보'!C39 -> 엄보근 | D39: ='01_인적정보'!D39 -> 설계 | E39: ='01_인적정보'!E39 -> BIM컨설팅 | F39: ='01_인적정보'!H39 -> G1

Sheet 08_종합평가
A1: 종합 성과평가 - 3축 통합 (역할 + 공통 + 직무) + 최종등급
A2: 직급별 가변 가중치 적용 → 종합점수 → 절대/상대평가 최종등급 자동 산출
A5: No. | B5: 사번 | C5: 성명 | D5: 직군 | E5: 직무 | F5: 역할등급 | G5: 역할(상) | H5: 역할(하) | I5: 역할점수 | J5: 공통(상) | K5: 공통(하) | L5: 공통점수 | M5: 직무(상) | N5: 직무(하) | O5: 직무점수 | P5: 가중(역할) | Q5: 가중(공통) | R5: 가중(직무) | S5: 종합점수 | T5: 절대등급 | U5: 최종등급 | V5: 종합 코멘트
A6: ='01_인적정보'!A6 -> 1 | B6: ='01_인적정보'!B6 -> BSS-001 | C6: ='01_인적정보'!C6 -> 이화형 | D6: ='01_인적정보'!D6 -> 영업 | E6: ='01_인적정보'!E6 -> 프로젝트영업 | F6: ='01_인적정보'!H6 -> G6 | G6: ='04_역할평가'!I6 -> D | H6: ='04_역할평가'!I46 -> D | I6: =IF(OR(G6="",H6=""),"",(IF(G6="S",5,IF(G6="A",4,IF(G6="B",3,IF(G6="C",2,IF(G6="D",1,0))))) * '02_의사결정·종합결과'!$B$7 + IF(H6="S",5,IF(H6="A",4,IF(H6="B",3,IF(H6="C",2,IF(H6="D",1,0))))) * '02_의사결정·종합결과'!$B$8)) -> 1 | J6: ='05_공통역량평가'!I6 -> D | K6: ='05_공통역량평가'!I46 -> D | L6: =IF(OR(J6="",K6=""),"",IF(J6="S",5,IF(J6="A",4,IF(J6="B",3,IF(J6="C",2,IF(J6="D",1,0))))) * '02_의사결정·종합결과'!$B$7 + IF(K6="S",5,IF(K6="A",4,IF(K6="B",3,IF(K6="C",2,IF(K6="D",1,0))))) * '02_의사결정·종합결과'!$B$8) -> 1 | M6: ='06_직무역량평가'!J6 -> D | N6: ='06_직무역량평가'!J46 -> D | O6: =IF(OR(M6="",N6=""),"",IF(M6="S",5,IF(M6="A",4,IF(M6="B",3,IF(M6="C",2,IF(M6="D",1,0))))) * '02_의사결정·종합결과'!$B$7 + IF(N6="S",5,IF(N6="A",4,IF(N6="B",3,IF(N6="C",2,IF(N6="D",1,0))))) * '02_의사결정·종합결과'!$B$8) -> 1 | P6: =IFERROR(VLOOKUP(F6,'02_의사결정·종합결과'!$A$16:$D$22,2,FALSE),"") -> 0.4 | Q6: =IFERROR(VLOOKUP(F6,'02_의사결정·종합결과'!$A$16:$D$22,3,FALSE),"") -> 0.25 | R6: =IFERROR(VLOOKUP(F6,'02_의사결정·종합결과'!$A$16:$D$22,4,FALSE),"") -> 0.35 | S6: =IF(OR(I6="",L6="",O6=""),"",I6*P6+L6*Q6+O6*R6) -> 1 | T6: =IF(S6="","",IF(S6>=4.5,"S",IF(S6>=3.5,"A",IF(S6>=2.5,"B",IF(S6>=1.5,"C","D"))))) -> D | U6: =IF('02_의사결정·종합결과'!$B$6="절대평가",T6,T6) -> D
A7: ='01_인적정보'!A7 -> 2 | B7: ='01_인적정보'!B7 -> BSS-002 | C7: ='01_인적정보'!C7 -> 강전용 | D7: ='01_인적정보'!D7 -> 연구&개발 | E7: ='01_인적정보'!E7 -> 연구개발(R&D) | F7: ='01_인적정보'!H7 -> G6 | G7: ='04_역할평가'!I7 -> D | H7: ='04_역할평가'!I47 -> D | I7: =IF(OR(G7="",H7=""),"",(IF(G7="S",5,IF(G7="A",4,IF(G7="B",3,IF(G7="C",2,IF(G7="D",1,0))))) * '02_의사결정·종합결과'!$B$7 + IF(H7="S",5,IF(H7="A",4,IF(H7="B",3,IF(H7="C",2,IF(H7="D",1,0))))) * '02_의사결정·종합결과'!$B$8)) -> 1 | J7: ='05_공통역량평가'!I7 -> D | K7: ='05_공통역량평가'!I47 -> D | L7: =IF(OR(J7="",K7=""),"",IF(J7="S",5,IF(J7="A",4,IF(J7="B",3,IF(J7="C",2,IF(J7="D",1,0))))) * '02_의사결정·종합결과'!$B$7 + IF(K7="S",5,IF(K7="A",4,IF(K7="B",3,IF(K7="C",2,IF(K7="D",1,0))))) * '02_의사결정·종합결과'!$B$8) -> 1 | M7: ='06_직무역량평가'!J7 -> D | N7: ='06_직무역량평가'!J47 -> D | O7: =IF(OR(M7="",N7=""),"",IF(M7="S",5,IF(M7="A",4,IF(M7="B",3,IF(M7="C",2,IF(M7="D",1,0))))) * '02_의사결정·종합결과'!$B$7 + IF(N7="S",5,IF(N7="A",4,IF(N7="B",3,IF(N7="C",2,IF(N7="D",1,0))))) * '02_의사결정·종합결과'!$B$8) -> 1 | P7: =IFERROR(VLOOKUP(F7,'02_의사결정·종합결과'!$A$16:$D$22,2,FALSE),"") -> 0.4 | Q7: =IFERROR(VLOOKUP(F7,'02_의사결정·종합결과'!$A$16:$D$22,3,FALSE),"") -> 0.25 | R7: =IFERROR(VLOOKUP(F7,'02_의사결정·종합결과'!$A$16:$D$22,4,FALSE),"") -> 0.35 | S7: =IF(OR(I7="",L7="",O7=""),"",I7*P7+L7*Q7+O7*R7) -> 1 | T7: =IF(S7="","",IF(S7>=4.5,"S",IF(S7>=3.5,"A",IF(S7>=2.5,"B",IF(S7>=1.5,"C","D"))))) -> D | U7: =IF('02_의사결정·종합결과'!$B$6="절대평가",T7,T7) -> D
A8: ='01_인적정보'!A8 -> 3 | B8: ='01_인적정보'!B8 -> BSS-003 | C8: ='01_인적정보'!C8 -> 김현민 | D8: ='01_인적정보'!D8 -> 설계 | E8: ='01_인적정보'!E8 -> BIM컨설팅 | F8: ='01_인적정보'!H8 -> G6 | G8: ='04_역할평가'!I8 -> D | H8: ='04_역할평가'!I48 -> D | I8: =IF(OR(G8="",H8=""),"",(IF(G8="S",5,IF(G8="A",4,IF(G8="B",3,IF(G8="C",2,IF(G8="D",1,0))))) * '02_의사결정·종합결과'!$B$7 + IF(H8="S",5,IF(H8="A",4,IF(H8="B",3,IF(H8="C",2,IF(H8="D",1,0))))) * '02_의사결정·종합결과'!$B$8)) -> 1 | J8: ='05_공통역량평가'!I8 -> D | K8: ='05_공통역량평가'!I48 -> D | L8: =IF(OR(J8="",K8=""),"",IF(J8="S",5,IF(J8="A",4,IF(J8="B",3,IF(J8="C",2,IF(J8="D",1,0))))) * '02_의사결정·종합결과'!$B$7 + IF(K8="S",5,IF(K8="A",4,IF(K8="B",3,IF(K8="C",2,IF(K8="D",1,0))))) * '02_의사결정·종합결과'!$B$8) -> 1 | M8: ='06_직무역량평가'!J8 -> D | N8: ='06_직무역량평가'!J48 -> D | O8: =IF(OR(M8="",N8=""),"",IF(M8="S",5,IF(M8="A",4,IF(M8="B",3,IF(M8="C",2,IF(M8="D",1,0))))) * '02_의사결정·종합결과'!$B$7 + IF(N8="S",5,IF(N8="A",4,IF(N8="B",3,IF(N8="C",2,IF(N8="D",1,0))))) * '02_의사결정·종합결과'!$B$8) -> 1 | P8: =IFERROR(VLOOKUP(F8,'02_의사결정·종합결과'!$A$16:$D$22,2,FALSE),"") -> 0.4 | Q8: =IFERROR(VLOOKUP(F8,'02_의사결정·종합결과'!$A$16:$D$22,3,FALSE),"") -> 0.25 | R8: =IFERROR(VLOOKUP(F8,'02_의사결정·종합결과'!$A$16:$D$22,4,FALSE),"") -> 0.35 | S8: =IF(OR(I8="",L8="",O8=""),"",I8*P8+L8*Q8+O8*R8) -> 1 | T8: =IF(S8="","",IF(S8>=4.5,"S",IF(S8>=3.5,"A",IF(S8>=2.5,"B",IF(S8>=1.5,"C","D"))))) -> D | U8: =IF('02_의사결정·종합결과'!$B$6="절대평가",T8,T8) -> D
A9: ='01_인적정보'!A9 -> 4 | B9: ='01_인적정보'!B9 -> BSS-004 | C9: ='01_인적정보'!C9 -> 이일곤 | D9: ='01_인적정보'!D9 -> 경영관리 | E9: ='01_인적정보'!E9 -> 경영전략기획 | F9: ='01_인적정보'!H9 -> G6 | G9: ='04_역할평가'!I9 -> D | H9: ='04_역할평가'!I49 -> D | I9: =IF(OR(G9="",H9=""),"",(IF(G9="S",5,IF(G9="A",4,IF(G9="B",3,IF(G9="C",2,IF(G9="D",1,0))))) * '02_의사결정·종합결과'!$B$7 + IF(H9="S",5,IF(H9="A",4,IF(H9="B",3,IF(H9="C",2,IF(H9="D",1,0))))) * '02_의사결정·종합결과'!$B$8)) -> 1 | J9: ='05_공통역량평가'!I9 -> D | K9: ='05_공통역량평가'!I49 -> D | L9: =IF(OR(J9="",K9=""),"",IF(J9="S",5,IF(J9="A",4,IF(J9="B",3,IF(J9="C",2,IF(J9="D",1,0))))) * '02_의사결정·종합결과'!$B$7 + IF(K9="S",5,IF(K9="A",4,IF(K9="B",3,IF(K9="C",2,IF(K9="D",1,0))))) * '02_의사결정·종합결과'!$B$8) -> 1 | M9: ='06_직무역량평가'!J9 -> D | N9: ='06_직무역량평가'!J49 -> D | O9: =IF(OR(M9="",N9=""),"",IF(M9="S",5,IF(M9="A",4,IF(M9="B",3,IF(M9="C",2,IF(M9="D",1,0))))) * '02_의사결정·종합결과'!$B$7 + IF(N9="S",5,IF(N9="A",4,IF(N9="B",3,IF(N9="C",2,IF(N9="D",1,0))))) * '02_의사결정·종합결과'!$B$8) -> 1 | P9: =IFERROR(VLOOKUP(F9,'02_의사결정·종합결과'!$A$16:$D$22,2,FALSE),"") -> 0.4 | Q9: =IFERROR(VLOOKUP(F9,'02_의사결정·종합결과'!$A$16:$D$22,3,FALSE),"") -> 0.25 | R9: =IFERROR(VLOOKUP(F9,'02_의사결정·종합결과'!$A$16:$D$22,4,FALSE),"") -> 0.35 | S9: =IF(OR(I9="",L9="",O9=""),"",I9*P9+L9*Q9+O9*R9) -> 1 | T9: =IF(S9="","",IF(S9>=4.5,"S",IF(S9>=3.5,"A",IF(S9>=2.5,"B",IF(S9>=1.5,"C","D"))))) -> D | U9: =IF('02_의사결정·종합결과'!$B$6="절대평가",T9,T9) -> D
A10: ='01_인적정보'!A10 -> 5 | B10: ='01_인적정보'!B10 -> BSS-005 | C10: ='01_인적정보'!C10 -> 송헌영 | D10: ='01_인적정보'!D10 -> 경영관리 | E10: ='01_인적정보'!E10 -> 경영전략기획 | F10: ='01_인적정보'!H10 -> G6 | G10: ='04_역할평가'!I10 -> D | H10: ='04_역할평가'!I50 -> D | I10: =IF(OR(G10="",H10=""),"",(IF(G10="S",5,IF(G10="A",4,IF(G10="B",3,IF(G10="C",2,IF(G10="D",1,0))))) * '02_의사결정·종합결과'!$B$7 + IF(H10="S",5,IF(H10="A",4,IF(H10="B",3,IF(H10="C",2,IF(H10="D",1,0))))) * '02_의사결정·종합결과'!$B$8)) -> 1 | J10: ='05_공통역량평가'!I10 -> D | K10: ='05_공통역량평가'!I50 -> D | L10: =IF(OR(J10="",K10=""),"",IF(J10="S",5,IF(J10="A",4,IF(J10="B",3,IF(J10="C",2,IF(J10="D",1,0))))) * '02_의사결정·종합결과'!$B$7 + IF(K10="S",5,IF(K10="A",4,IF(K10="B",3,IF(K10="C",2,IF(K10="D",1,0))))) * '02_의사결정·종합결과'!$B$8) -> 1 | M10: ='06_직무역량평가'!J10 -> D | N10: ='06_직무역량평가'!J50 -> D | O10: =IF(OR(M10="",N10=""),"",IF(M10="S",5,IF(M10="A",4,IF(M10="B",3,IF(M10="C",2,IF(M10="D",1,0))))) * '02_의사결정·종합결과'!$B$7 + IF(N10="S",5,IF(N10="A",4,IF(N10="B",3,IF(N10="C",2,IF(N10="D",1,0))))) * '02_의사결정·종합결과'!$B$8) -> 1 | P10: =IFERROR(VLOOKUP(F10,'02_의사결정·종합결과'!$A$16:$D$22,2,FALSE),"") -> 0.4 | Q10: =IFERROR(VLOOKUP(F10,'02_의사결정·종합결과'!$A$16:$D$22,3,FALSE),"") -> 0.25 | R10: =IFERROR(VLOOKUP(F10,'02_의사결정·종합결과'!$A$16:$D$22,4,FALSE),"") -> 0.35 | S10: =IF(OR(I10="",L10="",O10=""),"",I10*P10+L10*Q10+O10*R10) -> 1 | T10: =IF(S10="","",IF(S10>=4.5,"S",IF(S10>=3.5,"A",IF(S10>=2.5,"B",IF(S10>=1.5,"C","D"))))) -> D | U10: =IF('02_의사결정·종합결과'!$B$6="절대평가",T10,T10) -> D
A11: ='01_인적정보'!A11 -> 6 | B11: ='01_인적정보'!B11 -> BSS-006 | C11: ='01_인적정보'!C11 -> 이재용 | D11: ='01_인적정보'!D11 -> 경영관리 | E11: ='01_인적정보'!E11 -> 경영전략기획 | F11: ='01_인적정보'!H11 -> G6 | G11: ='04_역할평가'!I11 -> D | H11: ='04_역할평가'!I51 -> D | I11: =IF(OR(G11="",H11=""),"",(IF(G11="S",5,IF(G11="A",4,IF(G11="B",3,IF(G11="C",2,IF(G11="D",1,0))))) * '02_의사결정·종합결과'!$B$7 + IF(H11="S",5,IF(H11="A",4,IF(H11="B",3,IF(H11="C",2,IF(H11="D",1,0))))) * '02_의사결정·종합결과'!$B$8)) -> 1 | J11: ='05_공통역량평가'!I11 -> D | K11: ='05_공통역량평가'!I51 -> D | L11: =IF(OR(J11="",K11=""),"",IF(J11="S",5,IF(J11="A",4,IF(J11="B",3,IF(J11="C",2,IF(J11="D",1,0))))) * '02_의사결정·종합결과'!$B$7 + IF(K11="S",5,IF(K11="A",4,IF(K11="B",3,IF(K11="C",2,IF(K11="D",1,0))))) * '02_의사결정·종합결과'!$B$8) -> 1 | M11: ='06_직무역량평가'!J11 -> D | N11: ='06_직무역량평가'!J51 -> D | O11: =IF(OR(M11="",N11=""),"",IF(M11="S",5,IF(M11="A",4,IF(M11="B",3,IF(M11="C",2,IF(M11="D",1,0))))) * '02_의사결정·종합결과'!$B$7 + IF(N11="S",5,IF(N11="A",4,IF(N11="B",3,IF(N11="C",2,IF(N11="D",1,0))))) * '02_의사결정·종합결과'!$B$8) -> 1 | P11: =IFERROR(VLOOKUP(F11,'02_의사결정·종합결과'!$A$16:$D$22,2,FALSE),"") -> 0.4 | Q11: =IFERROR(VLOOKUP(F11,'02_의사결정·종합결과'!$A$16:$D$22,3,FALSE),"") -> 0.25 | R11: =IFERROR(VLOOKUP(F11,'02_의사결정·종합결과'!$A$16:$D$22,4,FALSE),"") -> 0.35 | S11: =IF(OR(I11="",L11="",O11=""),"",I11*P11+L11*Q11+O11*R11) -> 1 | T11: =IF(S11="","",IF(S11>=4.5,"S",IF(S11>=3.5,"A",IF(S11>=2.5,"B",IF(S11>=1.5,"C","D"))))) -> D | U11: =IF('02_의사결정·종합결과'!$B$6="절대평가",T11,T11) -> D
A12: ='01_인적정보'!A12 -> 7 | B12: ='01_인적정보'!B12 -> BSS-007 | C12: ='01_인적정보'!C12 -> 이진행 | D12: ='01_인적정보'!D12 -> 교육 및 기술지원 | E12: ='01_인적정보'!E12 -> 교육 | F12: ='01_인적정보'!H12 -> G5-M | G12: ='04_역할평가'!I12 -> D | H12: ='04_역할평가'!I52 -> D | I12: =IF(OR(G12="",H12=""),"",(IF(G12="S",5,IF(G12="A",4,IF(G12="B",3,IF(G12="C",2,IF(G12="D",1,0))))) * '02_의사결정·종합결과'!$B$7 + IF(H12="S",5,IF(H12="A",4,IF(H12="B",3,IF(H12="C",2,IF(H12="D",1,0))))) * '02_의사결정·종합결과'!$B$8)) -> 1 | J12: ='05_공통역량평가'!I12 -> D | K12: ='05_공통역량평가'!I52 -> D | L12: =IF(OR(J12="",K12=""),"",IF(J12="S",5,IF(J12="A",4,IF(J12="B",3,IF(J12="C",2,IF(J12="D",1,0))))) * '02_의사결정·종합결과'!$B$7 + IF(K12="S",5,IF(K12="A",4,IF(K12="B",3,IF(K12="C",2,IF(K12="D",1,0))))) * '02_의사결정·종합결과'!$B$8) -> 1 | M12: ='06_직무역량평가'!J12 -> D | N12: ='06_직무역량평가'!J52 -> D | O12: =IF(OR(M12="",N12=""),"",IF(M12="S",5,IF(M12="A",4,IF(M12="B",3,IF(M12="C",2,IF(M12="D",1,0))))) * '02_의사결정·종합결과'!$B$7 + IF(N12="S",5,IF(N12="A",4,IF(N12="B",3,IF(N12="C",2,IF(N12="D",1,0))))) * '02_의사결정·종합결과'!$B$8) -> 1 | P12: =IFERROR(VLOOKUP(F12,'02_의사결정·종합결과'!$A$16:$D$22,2,FALSE),"") -> 0.35 | Q12: =IFERROR(VLOOKUP(F12,'02_의사결정·종합결과'!$A$16:$D$22,3,FALSE),"") -> 0.3 | R12: =IFERROR(VLOOKUP(F12,'02_의사결정·종합결과'!$A$16:$D$22,4,FALSE),"") -> 0.35 | S12: =IF(OR(I12="",L12="",O12=""),"",I12*P12+L12*Q12+O12*R12) -> 1 | T12: =IF(S12="","",IF(S12>=4.5,"S",IF(S12>=3.5,"A",IF(S12>=2.5,"B",IF(S12>=1.5,"C","D"))))) -> D | U12: =IF('02_의사결정·종합결과'!$B$6="절대평가",T12,T12) -> D
A13: ='01_인적정보'!A13 -> 8 | B13: ='01_인적정보'!B13 -> BSS-008 | C13: ='01_인적정보'!C13 -> 김민수 | D13: ='01_인적정보'!D13 -> 교육 및 기술지원 | E13: ='01_인적정보'!E13 -> 기술지원 | F13: ='01_인적정보'!H13 -> G5-M | G13: ='04_역할평가'!I13 -> D | H13: ='04_역할평가'!I53 -> D | I13: =IF(OR(G13="",H13=""),"",(IF(G13="S",5,IF(G13="A",4,IF(G13="B",3,IF(G13="C",2,IF(G13="D",1,0))))) * '02_의사결정·종합결과'!$B$7 + IF(H13="S",5,IF(H13="A",4,IF(H13="B",3,IF(H13="C",2,IF(H13="D",1,0))))) * '02_의사결정·종합결과'!$B$8)) -> 1 | J13: ='05_공통역량평가'!I13 -> D | K13: ='05_공통역량평가'!I53 -> D | L13: =IF(OR(J13="",K13=""),"",IF(J13="S",5,IF(J13="A",4,IF(J13="B",3,IF(J13="C",2,IF(J13="D",1,0))))) * '02_의사결정·종합결과'!$B$7 + IF(K13="S",5,IF(K13="A",4,IF(K13="B",3,IF(K13="C",2,IF(K13="D",1,0))))) * '02_의사결정·종합결과'!$B$8) -> 1 | M13: ='06_직무역량평가'!J13 -> D | N13: ='06_직무역량평가'!J53 -> D | O13: =IF(OR(M13="",N13=""),"",IF(M13="S",5,IF(M13="A",4,IF(M13="B",3,IF(M13="C",2,IF(M13="D",1,0))))) * '02_의사결정·종합결과'!$B$7 + IF(N13="S",5,IF(N13="A",4,IF(N13="B",3,IF(N13="C",2,IF(N13="D",1,0))))) * '02_의사결정·종합결과'!$B$8) -> 1 | P13: =IFERROR(VLOOKUP(F13,'02_의사결정·종합결과'!$A$16:$D$22,2,FALSE),"") -> 0.35 | Q13: =IFERROR(VLOOKUP(F13,'02_의사결정·종합결과'!$A$16:$D$22,3,FALSE),"") -> 0.3 | R13: =IFERROR(VLOOKUP(F13,'02_의사결정·종합결과'!$A$16:$D$22,4,FALSE),"") -> 0.35 | S13: =IF(OR(I13="",L13="",O13=""),"",I13*P13+L13*Q13+O13*R13) -> 1 | T13: =IF(S13="","",IF(S13>=4.5,"S",IF(S13>=3.5,"A",IF(S13>=2.5,"B",IF(S13>=1.5,"C","D"))))) -> D | U13: =IF('02_의사결정·종합결과'!$B$6="절대평가",T13,T13) -> D
A14: ='01_인적정보'!A14 -> 9 | B14: ='01_인적정보'!B14 -> BSS-009 | C14: ='01_인적정보'!C14 -> 박남식 | D14: ='01_인적정보'!D14 -> 설계 | E14: ='01_인적정보'!E14 -> BIM컨설팅 | F14: ='01_인적정보'!H14 -> G5-M | G14: ='04_역할평가'!I14 -> D | H14: ='04_역할평가'!I54 -> D | I14: =IF(OR(G14="",H14=""),"",(IF(G14="S",5,IF(G14="A",4,IF(G14="B",3,IF(G14="C",2,IF(G14="D",1,0))))) * '02_의사결정·종합결과'!$B$7 + IF(H14="S",5,IF(H14="A",4,IF(H14="B",3,IF(H14="C",2,IF(H14="D",1,0))))) * '02_의사결정·종합결과'!$B$8)) -> 1 | J14: ='05_공통역량평가'!I14 -> D | K14: ='05_공통역량평가'!I54 -> D | L14: =IF(OR(J14="",K14=""),"",IF(J14="S",5,IF(J14="A",4,IF(J14="B",3,IF(J14="C",2,IF(J14="D",1,0))))) * '02_의사결정·종합결과'!$B$7 + IF(K14="S",5,IF(K14="A",4,IF(K14="B",3,IF(K14="C",2,IF(K14="D",1,0))))) * '02_의사결정·종합결과'!$B$8) -> 1 | M14: ='06_직무역량평가'!J14 -> D | N14: ='06_직무역량평가'!J54 -> D | O14: =IF(OR(M14="",N14=""),"",IF(M14="S",5,IF(M14="A",4,IF(M14="B",3,IF(M14="C",2,IF(M14="D",1,0))))) * '02_의사결정·종합결과'!$B$7 + IF(N14="S",5,IF(N14="A",4,IF(N14="B",3,IF(N14="C",2,IF(N14="D",1,0))))) * '02_의사결정·종합결과'!$B$8) -> 1 | P14: =IFERROR(VLOOKUP(F14,'02_의사결정·종합결과'!$A$16:$D$22,2,FALSE),"") -> 0.35 | Q14: =IFERROR(VLOOKUP(F14,'02_의사결정·종합결과'!$A$16:$D$22,3,FALSE),"") -> 0.3 | R14: =IFERROR(VLOOKUP(F14,'02_의사결정·종합결과'!$A$16:$D$22,4,FALSE),"") -> 0.35 | S14: =IF(OR(I14="",L14="",O14=""),"",I14*P14+L14*Q14+O14*R14) -> 1 | T14: =IF(S14="","",IF(S14>=4.5,"S",IF(S14>=3.5,"A",IF(S14>=2.5,"B",IF(S14>=1.5,"C","D"))))) -> D | U14: =IF('02_의사결정·종합결과'!$B$6="절대평가",T14,T14) -> D
A15: ='01_인적정보'!A15 -> 10 | B15: ='01_인적정보'!B15 -> BSS-010 | C15: ='01_인적정보'!C15 -> 신재민 | D15: ='01_인적정보'!D15 -> 설계 | E15: ='01_인적정보'!E15 -> BIM컨설팅 | F15: ='01_인적정보'!H15 -> G5-S | G15: ='04_역할평가'!I15 -> D | H15: ='04_역할평가'!I55 -> D | I15: =IF(OR(G15="",H15=""),"",(IF(G15="S",5,IF(G15="A",4,IF(G15="B",3,IF(G15="C",2,IF(G15="D",1,0))))) * '02_의사결정·종합결과'!$B$7 + IF(H15="S",5,IF(H15="A",4,IF(H15="B",3,IF(H15="C",2,IF(H15="D",1,0))))) * '02_의사결정·종합결과'!$B$8)) -> 1 | J15: ='05_공통역량평가'!I15 -> D | K15: ='05_공통역량평가'!I55 -> D | L15: =IF(OR(J15="",K15=""),"",IF(J15="S",5,IF(J15="A",4,IF(J15="B",3,IF(J15="C",2,IF(J15="D",1,0))))) * '02_의사결정·종합결과'!$B$7 + IF(K15="S",5,IF(K15="A",4,IF(K15="B",3,IF(K15="C",2,IF(K15="D",1,0))))) * '02_의사결정·종합결과'!$B$8) -> 1 | M15: ='06_직무역량평가'!J15 -> D | N15: ='06_직무역량평가'!J55 -> D | O15: =IF(OR(M15="",N15=""),"",IF(M15="S",5,IF(M15="A",4,IF(M15="B",3,IF(M15="C",2,IF(M15="D",1,0))))) * '02_의사결정·종합결과'!$B$7 + IF(N15="S",5,IF(N15="A",4,IF(N15="B",3,IF(N15="C",2,IF(N15="D",1,0))))) * '02_의사결정·종합결과'!$B$8) -> 1 | P15: =IFERROR(VLOOKUP(F15,'02_의사결정·종합결과'!$A$16:$D$22,2,FALSE),"") -> 0.3 | Q15: =IFERROR(VLOOKUP(F15,'02_의사결정·종합결과'!$A$16:$D$22,3,FALSE),"") -> 0.3 | R15: =IFERROR(VLOOKUP(F15,'02_의사결정·종합결과'!$A$16:$D$22,4,FALSE),"") -> 0.4 | S15: =IF(OR(I15="",L15="",O15=""),"",I15*P15+L15*Q15+O15*R15) -> 1 | T15: =IF(S15="","",IF(S15>=4.5,"S",IF(S15>=3.5,"A",IF(S15>=2.5,"B",IF(S15>=1.5,"C","D"))))) -> D | U15: =IF('02_의사결정·종합결과'!$B$6="절대평가",T15,T15) -> D
A16: ='01_인적정보'!A16 -> 11 | B16: ='01_인적정보'!B16 -> BSS-011 | C16: ='01_인적정보'!C16 -> 마장엽 | D16: ='01_인적정보'!D16 -> 설계 | E16: ='01_인적정보'!E16 -> BIM컨설팅 | F16: ='01_인적정보'!H16 -> G5-S | G16: ='04_역할평가'!I16 -> D | H16: ='04_역할평가'!I56 -> D | I16: =IF(OR(G16="",H16=""),"",(IF(G16="S",5,IF(G16="A",4,IF(G16="B",3,IF(G16="C",2,IF(G16="D",1,0))))) * '02_의사결정·종합결과'!$B$7 + IF(H16="S",5,IF(H16="A",4,IF(H16="B",3,IF(H16="C",2,IF(H16="D",1,0))))) * '02_의사결정·종합결과'!$B$8)) -> 1 | J16: ='05_공통역량평가'!I16 -> D | K16: ='05_공통역량평가'!I56 -> D | L16: =IF(OR(J16="",K16=""),"",IF(J16="S",5,IF(J16="A",4,IF(J16="B",3,IF(J16="C",2,IF(J16="D",1,0))))) * '02_의사결정·종합결과'!$B$7 + IF(K16="S",5,IF(K16="A",4,IF(K16="B",3,IF(K16="C",2,IF(K16="D",1,0))))) * '02_의사결정·종합결과'!$B$8) -> 1 | M16: ='06_직무역량평가'!J16 -> D | N16: ='06_직무역량평가'!J56 -> D | O16: =IF(OR(M16="",N16=""),"",IF(M16="S",5,IF(M16="A",4,IF(M16="B",3,IF(M16="C",2,IF(M16="D",1,0))))) * '02_의사결정·종합결과'!$B$7 + IF(N16="S",5,IF(N16="A",4,IF(N16="B",3,IF(N16="C",2,IF(N16="D",1,0))))) * '02_의사결정·종합결과'!$B$8) -> 1 | P16: =IFERROR(VLOOKUP(F16,'02_의사결정·종합결과'!$A$16:$D$22,2,FALSE),"") -> 0.3 | Q16: =IFERROR(VLOOKUP(F16,'02_의사결정·종합결과'!$A$16:$D$22,3,FALSE),"") -> 0.3 | R16: =IFERROR(VLOOKUP(F16,'02_의사결정·종합결과'!$A$16:$D$22,4,FALSE),"") -> 0.4 | S16: =IF(OR(I16="",L16="",O16=""),"",I16*P16+L16*Q16+O16*R16) -> 1 | T16: =IF(S16="","",IF(S16>=4.5,"S",IF(S16>=3.5,"A",IF(S16>=2.5,"B",IF(S16>=1.5,"C","D"))))) -> D | U16: =IF('02_의사결정·종합결과'!$B$6="절대평가",T16,T16) -> D
A17: ='01_인적정보'!A17 -> 12 | B17: ='01_인적정보'!B17 -> BSS-012 | C17: ='01_인적정보'!C17 -> 하은주 | D17: ='01_인적정보'!D17 -> 경영관리 | E17: ='01_인적정보'!E17 -> 경영전략기획 | F17: ='01_인적정보'!H17 -> G5-M | G17: ='04_역할평가'!I17 -> D | H17: ='04_역할평가'!I57 -> D | I17: =IF(OR(G17="",H17=""),"",(IF(G17="S",5,IF(G17="A",4,IF(G17="B",3,IF(G17="C",2,IF(G17="D",1,0))))) * '02_의사결정·종합결과'!$B$7 + IF(H17="S",5,IF(H17="A",4,IF(H17="B",3,IF(H17="C",2,IF(H17="D",1,0))))) * '02_의사결정·종합결과'!$B$8)) -> 1 | J17: ='05_공통역량평가'!I17 -> D | K17: ='05_공통역량평가'!I57 -> D | L17: =IF(OR(J17="",K17=""),"",IF(J17="S",5,IF(J17="A",4,IF(J17="B",3,IF(J17="C",2,IF(J17="D",1,0))))) * '02_의사결정·종합결과'!$B$7 + IF(K17="S",5,IF(K17="A",4,IF(K17="B",3,IF(K17="C",2,IF(K17="D",1,0))))) * '02_의사결정·종합결과'!$B$8) -> 1 | M17: ='06_직무역량평가'!J17 -> D | N17: ='06_직무역량평가'!J57 -> D | O17: =IF(OR(M17="",N17=""),"",IF(M17="S",5,IF(M17="A",4,IF(M17="B",3,IF(M17="C",2,IF(M17="D",1,0))))) * '02_의사결정·종합결과'!$B$7 + IF(N17="S",5,IF(N17="A",4,IF(N17="B",3,IF(N17="C",2,IF(N17="D",1,0))))) * '02_의사결정·종합결과'!$B$8) -> 1 | P17: =IFERROR(VLOOKUP(F17,'02_의사결정·종합결과'!$A$16:$D$22,2,FALSE),"") -> 0.35 | Q17: =IFERROR(VLOOKUP(F17,'02_의사결정·종합결과'!$A$16:$D$22,3,FALSE),"") -> 0.3 | R17: =IFERROR(VLOOKUP(F17,'02_의사결정·종합결과'!$A$16:$D$22,4,FALSE),"") -> 0.35 | S17: =IF(OR(I17="",L17="",O17=""),"",I17*P17+L17*Q17+O17*R17) -> 1 | T17: =IF(S17="","",IF(S17>=4.5,"S",IF(S17>=3.5,"A",IF(S17>=2.5,"B",IF(S17>=1.5,"C","D"))))) -> D | U17: =IF('02_의사결정·종합결과'!$B$6="절대평가",T17,T17) -> D
... A39: ='01_인적정보'!A39 -> 34 | B39: ='01_인적정보'!B39 -> BSS-034 | C39: ='01_인적정보'!C39 -> 엄보근 | D39: ='01_인적정보'!D39 -> 설계 | E39: ='01_인적정보'!E39 -> BIM컨설팅 | F39: ='01_인적정보'!H39 -> G1 | G39: ='04_역할평가'!I39 -> D | H39: ='04_역할평가'!I79 -> D | I39: =IF(OR(G39="",H39=""),"",(IF(G39="S",5,IF(G39="A",4,IF(G39="B",3,IF(G39="C",2,IF(G39="D",1,0))))) * '02_의사결정·종합결과'!$B$7 + IF(H39="S",5,IF(H39="A",4,IF(H39="B",3,IF(H39="C",2,IF(H39="D",1,0))))) * '02_의사결정·종합결과'!$B$8)) -> 1 | J39: ='05_공통역량평가'!I39 -> D | K39: ='05_공통역량평가'!I79 -> D | L39: =IF(OR(J39="",K39=""),"",IF(J39="S",5,IF(J39="A",4,IF(J39="B",3,IF(J39="C",2,IF(J39="D",1,0))))) * '02_의사결정·종합결과'!$B$7 + IF(K39="S",5,IF(K39="A",4,IF(K39="B",3,IF(K39="C",2,IF(K39="D",1,0))))) * '02_의사결정·종합결과'!$B$8) -> 1 | M39: ='06_직무역량평가'!J39 -> D | N39: ='06_직무역량평가'!J79 -> D | O39: =IF(OR(M39="",N39=""),"",IF(M39="S",5,IF(M39="A",4,IF(M39="B",3,IF(M39="C",2,IF(M39="D",1,0))))) * '02_의사결정·종합결과'!$B$7 + IF(N39="S",5,IF(N39="A",4,IF(N39="B",3,IF(N39="C",2,IF(N39="D",1,0))))) * '02_의사결정·종합결과'!$B$8) -> 1 | P39: =IFERROR(VLOOKUP(F39,'02_의사결정·종합결과'!$A$16:$D$22,2,FALSE),"") -> 0.15 | Q39: =IFERROR(VLOOKUP(F39,'02_의사결정·종합결과'!$A$16:$D$22,3,FALSE),"") -> 0.35 | R39: =IFERROR(VLOOKUP(F39,'02_의사결정·종합결과'!$A$16:$D$22,4,FALSE),"") -> 0.5 | S39: =IF(OR(I39="",L39="",O39=""),"",I39*P39+L39*Q39+O39*R39) -> 1 | T39: =IF(S39="","",IF(S39>=4.5,"S",IF(S39>=3.5,"A",IF(S39>=2.5,"B",IF(S39>=1.5,"C","D"))))) -> D | U39: =IF('02_의사결정·종합결과'!$B$6="절대평가",T39,T39) -> D

Sheet 09_보상연계
A1: 성과평가 → 보상 연계 (기본연봉 인상)
A2: 08 종합평가의 최종등급 → 인상률 → 차년도 기본연봉 자동 산출. 페이밴드 검증 포함.
A5: No. | B5: 사번 | C5: 성명 | D5: 직군 | E5: 부서 | F5: 역할등급 | G5: 현재 연봉 | H5: 최종등급 | I5: 평가인상률 | J5: 승진여부 | K5: 승진인상률 | L5: 총인상률 | M5: 페이밴드 Min | N5: 페이밴드 Max | O5: 신규연봉(안) | P5: 연봉확정 | Q5: 인상액
A6: ='01_인적정보'!A6 -> 1 | B6: ='01_인적정보'!B6 -> BSS-001 | C6: ='01_인적정보'!C6 -> 이화형 | D6: ='01_인적정보'!D6 -> 영업 | E6: ='01_인적정보'!F6 -> 스마트사업부 | F6: ='01_인적정보'!H6 -> G6 | G6: ='01_인적정보'!K6 -> 72500000 | H6: ='08_종합평가'!U6 -> D | I6: =IF(H6="","",IF(H6="S",'02_의사결정·종합결과'!$B$26,IF(H6="A",'02_의사결정·종합결과'!$C$26,IF(H6="B",'02_의사결정·종합결과'!$D$26,IF(H6="C",'02_의사결정·종합결과'!$E$26,'02_의사결정·종합결과'!$F$26))))) -> 0.02 | J6: N | K6: =IF(J6="Y",'02_의사결정·종합결과'!$B$28,0) -> 0 | L6: =IF(I6="","",I6+K6) -> 0.02 | M6: =IFERROR(VLOOKUP(F6,'02_의사결정·종합결과'!$A$32:$D$38,2,FALSE),"") -> 58000000 | N6: =IFERROR(VLOOKUP(F6,'02_의사결정·종합결과'!$A$32:$D$38,4,FALSE),"") -> 80000000 | O6: =IF(L6="","",ROUND(G6*(1+L6),-4)) -> 73950000 | P6: =O6 -> 73950000 | Q6: =IF(P6="","",P6-G6) -> 1450000
A7: ='01_인적정보'!A7 -> 2 | B7: ='01_인적정보'!B7 -> BSS-002 | C7: ='01_인적정보'!C7 -> 강전용 | D7: ='01_인적정보'!D7 -> 연구&개발 | E7: ='01_인적정보'!F7 -> R&D본부 | F7: ='01_인적정보'!H7 -> G6 | G7: ='01_인적정보'!K7 -> 68870000 | H7: ='08_종합평가'!U7 -> D | I7: =IF(H7="","",IF(H7="S",'02_의사결정·종합결과'!$B$26,IF(H7="A",'02_의사결정·종합결과'!$C$26,IF(H7="B",'02_의사결정·종합결과'!$D$26,IF(H7="C",'02_의사결정·종합결과'!$E$26,'02_의사결정·종합결과'!$F$26))))) -> 0.02 | J7: N | K7: =IF(J7="Y",'02_의사결정·종합결과'!$B$28,0) -> 0 | L7: =IF(I7="","",I7+K7) -> 0.02 | M7: =IFERROR(VLOOKUP(F7,'02_의사결정·종합결과'!$A$32:$D$38,2,FALSE),"") -> 58000000 | N7: =IFERROR(VLOOKUP(F7,'02_의사결정·종합결과'!$A$32:$D$38,4,FALSE),"") -> 80000000 | O7: =IF(L7="","",ROUND(G7*(1+L7),-4)) -> 70250000 | P7: =O7 -> 70250000 | Q7: =IF(P7="","",P7-G7) -> 1380000
A8: ='01_인적정보'!A8 -> 3 | B8: ='01_인적정보'!B8 -> BSS-003 | C8: ='01_인적정보'!C8 -> 김현민 | D8: ='01_인적정보'!D8 -> 설계 | E8: ='01_인적정보'!F8 -> 컨설팅본부 | F8: ='01_인적정보'!H8 -> G6 | G8: ='01_인적정보'!K8 -> 67500000 | H8: ='08_종합평가'!U8 -> D | I8: =IF(H8="","",IF(H8="S",'02_의사결정·종합결과'!$B$26,IF(H8="A",'02_의사결정·종합결과'!$C$26,IF(H8="B",'02_의사결정·종합결과'!$D$26,IF(H8="C",'02_의사결정·종합결과'!$E$26,'02_의사결정·종합결과'!$F$26))))) -> 0.02 | J8: N | K8: =IF(J8="Y",'02_의사결정·종합결과'!$B$28,0) -> 0 | L8: =IF(I8="","",I8+K8) -> 0.02 | M8: =IFERROR(VLOOKUP(F8,'02_의사결정·종합결과'!$A$32:$D$38,2,FALSE),"") -> 58000000 | N8: =IFERROR(VLOOKUP(F8,'02_의사결정·종합결과'!$A$32:$D$38,4,FALSE),"") -> 80000000 | O8: =IF(L8="","",ROUND(G8*(1+L8),-4)) -> 68850000 | P8: =O8 -> 68850000 | Q8: =IF(P8="","",P8-G8) -> 1350000
A9: ='01_인적정보'!A9 -> 4 | B9: ='01_인적정보'!B9 -> BSS-004 | C9: ='01_인적정보'!C9 -> 이일곤 | D9: ='01_인적정보'!D9 -> 경영관리 | E9: ='01_인적정보'!F9 -> 경영전략실 | F9: ='01_인적정보'!H9 -> G6 | G9: ='01_인적정보'!K9 -> 64530000 | H9: ='08_종합평가'!U9 -> D | I9: =IF(H9="","",IF(H9="S",'02_의사결정·종합결과'!$B$26,IF(H9="A",'02_의사결정·종합결과'!$C$26,IF(H9="B",'02_의사결정·종합결과'!$D$26,IF(H9="C",'02_의사결정·종합결과'!$E$26,'02_의사결정·종합결과'!$F$26))))) -> 0.02 | J9: N | K9: =IF(J9="Y",'02_의사결정·종합결과'!$B$28,0) -> 0 | L9: =IF(I9="","",I9+K9) -> 0.02 | M9: =IFERROR(VLOOKUP(F9,'02_의사결정·종합결과'!$A$32:$D$38,2,FALSE),"") -> 58000000 | N9: =IFERROR(VLOOKUP(F9,'02_의사결정·종합결과'!$A$32:$D$38,4,FALSE),"") -> 80000000 | O9: =IF(L9="","",ROUND(G9*(1+L9),-4)) -> 65820000 | P9: =O9 -> 65820000 | Q9: =IF(P9="","",P9-G9) -> 1290000
A10: ='01_인적정보'!A10 -> 5 | B10: ='01_인적정보'!B10 -> BSS-005 | C10: ='01_인적정보'!C10 -> 송헌영 | D10: ='01_인적정보'!D10 -> 경영관리 | E10: ='01_인적정보'!F10 -> 경영전략실 | F10: ='01_인적정보'!H10 -> G6 | G10: ='01_인적정보'!K10 -> 65180000 | H10: ='08_종합평가'!U10 -> D | I10: =IF(H10="","",IF(H10="S",'02_의사결정·종합결과'!$B$26,IF(H10="A",'02_의사결정·종합결과'!$C$26,IF(H10="B",'02_의사결정·종합결과'!$D$26,IF(H10="C",'02_의사결정·종합결과'!$E$26,'02_의사결정·종합결과'!$F$26))))) -> 0.02 | J10: N | K10: =IF(J10="Y",'02_의사결정·종합결과'!$B$28,0) -> 0 | L10: =IF(I10="","",I10+K10) -> 0.02 | M10: =IFERROR(VLOOKUP(F10,'02_의사결정·종합결과'!$A$32:$D$38,2,FALSE),"") -> 58000000 | N10: =IFERROR(VLOOKUP(F10,'02_의사결정·종합결과'!$A$32:$D$38,4,FALSE),"") -> 80000000 | O10: =IF(L10="","",ROUND(G10*(1+L10),-4)) -> 66480000 | P10: =O10 -> 66480000 | Q10: =IF(P10="","",P10-G10) -> 1300000
A11: ='01_인적정보'!A11 -> 6 | B11: ='01_인적정보'!B11 -> BSS-006 | C11: ='01_인적정보'!C11 -> 이재용 | D11: ='01_인적정보'!D11 -> 경영관리 | E11: ='01_인적정보'!F11 -> 경영전략실 | F11: ='01_인적정보'!H11 -> G6 | G11: ='01_인적정보'!K11 -> 62000000 | H11: ='08_종합평가'!U11 -> D | I11: =IF(H11="","",IF(H11="S",'02_의사결정·종합결과'!$B$26,IF(H11="A",'02_의사결정·종합결과'!$C$26,IF(H11="B",'02_의사결정·종합결과'!$D$26,IF(H11="C",'02_의사결정·종합결과'!$E$26,'02_의사결정·종합결과'!$F$26))))) -> 0.02 | J11: N | K11: =IF(J11="Y",'02_의사결정·종합결과'!$B$28,0) -> 0 | L11: =IF(I11="","",I11+K11) -> 0.02 | M11: =IFERROR(VLOOKUP(F11,'02_의사결정·종합결과'!$A$32:$D$38,2,FALSE),"") -> 58000000 | N11: =IFERROR(VLOOKUP(F11,'02_의사결정·종합결과'!$A$32:$D$38,4,FALSE),"") -> 80000000 | O11: =IF(L11="","",ROUND(G11*(1+L11),-4)) -> 63240000 | P11: =O11 -> 63240000 | Q11: =IF(P11="","",P11-G11) -> 1240000
A12: ='01_인적정보'!A12 -> 7 | B12: ='01_인적정보'!B12 -> BSS-007 | C12: ='01_인적정보'!C12 -> 이진행 | D12: ='01_인적정보'!D12 -> 교육 및 기술지원 | E12: ='01_인적정보'!F12 -> 솔루션본부 | F12: ='01_인적정보'!H12 -> G5-M | G12: ='01_인적정보'!K12 -> 59700000 | H12: ='08_종합평가'!U12 -> D | I12: =IF(H12="","",IF(H12="S",'02_의사결정·종합결과'!$B$26,IF(H12="A",'02_의사결정·종합결과'!$C$26,IF(H12="B",'02_의사결정·종합결과'!$D$26,IF(H12="C",'02_의사결정·종합결과'!$E$26,'02_의사결정·종합결과'!$F$26))))) -> 0.02 | J12: N | K12: =IF(J12="Y",'02_의사결정·종합결과'!$B$28,0) -> 0 | L12: =IF(I12="","",I12+K12) -> 0.02 | M12: =IFERROR(VLOOKUP(F12,'02_의사결정·종합결과'!$A$32:$D$38,2,FALSE),"") -> 53000000 | N12: =IFERROR(VLOOKUP(F12,'02_의사결정·종합결과'!$A$32:$D$38,4,FALSE),"") -> 73000000 | O12: =IF(L12="","",ROUND(G12*(1+L12),-4)) -> 60890000 | P12: =O12 -> 60890000 | Q12: =IF(P12="","",P12-G12) -> 1190000
A13: ='01_인적정보'!A13 -> 8 | B13: ='01_인적정보'!B13 -> BSS-008 | C13: ='01_인적정보'!C13 -> 김민수 | D13: ='01_인적정보'!D13 -> 교육 및 기술지원 | E13: ='01_인적정보'!F13 -> 솔루션본부 | F13: ='01_인적정보'!H13 -> G5-M | G13: ='01_인적정보'!K13 -> 59050000 | H13: ='08_종합평가'!U13 -> D | I13: =IF(H13="","",IF(H13="S",'02_의사결정·종합결과'!$B$26,IF(H13="A",'02_의사결정·종합결과'!$C$26,IF(H13="B",'02_의사결정·종합결과'!$D$26,IF(H13="C",'02_의사결정·종합결과'!$E$26,'02_의사결정·종합결과'!$F$26))))) -> 0.02 | J13: N | K13: =IF(J13="Y",'02_의사결정·종합결과'!$B$28,0) -> 0 | L13: =IF(I13="","",I13+K13) -> 0.02 | M13: =IFERROR(VLOOKUP(F13,'02_의사결정·종합결과'!$A$32:$D$38,2,FALSE),"") -> 53000000 | N13: =IFERROR(VLOOKUP(F13,'02_의사결정·종합결과'!$A$32:$D$38,4,FALSE),"") -> 73000000 | O13: =IF(L13="","",ROUND(G13*(1+L13),-4)) -> 60230000 | P13: =O13 -> 60230000 | Q13: =IF(P13="","",P13-G13) -> 1180000
A14: ='01_인적정보'!A14 -> 9 | B14: ='01_인적정보'!B14 -> BSS-009 | C14: ='01_인적정보'!C14 -> 박남식 | D14: ='01_인적정보'!D14 -> 설계 | E14: ='01_인적정보'!F14 -> 컨설팅본부 | F14: ='01_인적정보'!H14 -> G5-M | G14: ='01_인적정보'!K14 -> 59050000 | H14: ='08_종합평가'!U14 -> D | I14: =IF(H14="","",IF(H14="S",'02_의사결정·종합결과'!$B$26,IF(H14="A",'02_의사결정·종합결과'!$C$26,IF(H14="B",'02_의사결정·종합결과'!$D$26,IF(H14="C",'02_의사결정·종합결과'!$E$26,'02_의사결정·종합결과'!$F$26))))) -> 0.02 | J14: N | K14: =IF(J14="Y",'02_의사결정·종합결과'!$B$28,0) -> 0 | L14: =IF(I14="","",I14+K14) -> 0.02 | M14: =IFERROR(VLOOKUP(F14,'02_의사결정·종합결과'!$A$32:$D$38,2,FALSE),"") -> 53000000 | N14: =IFERROR(VLOOKUP(F14,'02_의사결정·종합결과'!$A$32:$D$38,4,FALSE),"") -> 73000000 | O14: =IF(L14="","",ROUND(G14*(1+L14),-4)) -> 60230000 | P14: =O14 -> 60230000 | Q14: =IF(P14="","",P14-G14) -> 1180000
A15: ='01_인적정보'!A15 -> 10 | B15: ='01_인적정보'!B15 -> BSS-010 | C15: ='01_인적정보'!C15 -> 신재민 | D15: ='01_인적정보'!D15 -> 설계 | E15: ='01_인적정보'!F15 -> 컨설팅본부 | F15: ='01_인적정보'!H15 -> G5-S | G15: ='01_인적정보'!K15 -> 59050000 | H15: ='08_종합평가'!U15 -> D | I15: =IF(H15="","",IF(H15="S",'02_의사결정·종합결과'!$B$26,IF(H15="A",'02_의사결정·종합결과'!$C$26,IF(H15="B",'02_의사결정·종합결과'!$D$26,IF(H15="C",'02_의사결정·종합결과'!$E$26,'02_의사결정·종합결과'!$F$26))))) -> 0.02 | J15: N | K15: =IF(J15="Y",'02_의사결정·종합결과'!$B$28,0) -> 0 | L15: =IF(I15="","",I15+K15) -> 0.02 | M15: =IFERROR(VLOOKUP(F15,'02_의사결정·종합결과'!$A$32:$D$38,2,FALSE),"") -> 53000000 | N15: =IFERROR(VLOOKUP(F15,'02_의사결정·종합결과'!$A$32:$D$38,4,FALSE),"") -> 73000000 | O15: =IF(L15="","",ROUND(G15*(1+L15),-4)) -> 60230000 | P15: =O15 -> 60230000 | Q15: =IF(P15="","",P15-G15) -> 1180000
A16: ='01_인적정보'!A16 -> 11 | B16: ='01_인적정보'!B16 -> BSS-011 | C16: ='01_인적정보'!C16 -> 마장엽 | D16: ='01_인적정보'!D16 -> 설계 | E16: ='01_인적정보'!F16 -> 컨설팅본부 | F16: ='01_인적정보'!H16 -> G5-S | G16: ='01_인적정보'!K16 -> 57760000 | H16: ='08_종합평가'!U16 -> D | I16: =IF(H16="","",IF(H16="S",'02_의사결정·종합결과'!$B$26,IF(H16="A",'02_의사결정·종합결과'!$C$26,IF(H16="B",'02_의사결정·종합결과'!$D$26,IF(H16="C",'02_의사결정·종합결과'!$E$26,'02_의사결정·종합결과'!$F$26))))) -> 0.02 | J16: N | K16: =IF(J16="Y",'02_의사결정·종합결과'!$B$28,0) -> 0 | L16: =IF(I16="","",I16+K16) -> 0.02 | M16: =IFERROR(VLOOKUP(F16,'02_의사결정·종합결과'!$A$32:$D$38,2,FALSE),"") -> 53000000 | N16: =IFERROR(VLOOKUP(F16,'02_의사결정·종합결과'!$A$32:$D$38,4,FALSE),"") -> 73000000 | O16: =IF(L16="","",ROUND(G16*(1+L16),-4)) -> 58920000 | P16: =O16 -> 58920000 | Q16: =IF(P16="","",P16-G16) -> 1160000
A17: ='01_인적정보'!A17 -> 12 | B17: ='01_인적정보'!B17 -> BSS-012 | C17: ='01_인적정보'!C17 -> 하은주 | D17: ='01_인적정보'!D17 -> 경영관리 | E17: ='01_인적정보'!F17 -> 마케팅팀 | F17: ='01_인적정보'!H17 -> G5-M | G17: ='01_인적정보'!K17 -> 57760000 | H17: ='08_종합평가'!U17 -> D | I17: =IF(H17="","",IF(H17="S",'02_의사결정·종합결과'!$B$26,IF(H17="A",'02_의사결정·종합결과'!$C$26,IF(H17="B",'02_의사결정·종합결과'!$D$26,IF(H17="C",'02_의사결정·종합결과'!$E$26,'02_의사결정·종합결과'!$F$26))))) -> 0.02 | J17: N | K17: =IF(J17="Y",'02_의사결정·종합결과'!$B$28,0) -> 0 | L17: =IF(I17="","",I17+K17) -> 0.02 | M17: =IFERROR(VLOOKUP(F17,'02_의사결정·종합결과'!$A$32:$D$38,2,FALSE),"") -> 53000000 | N17: =IFERROR(VLOOKUP(F17,'02_의사결정·종합결과'!$A$32:$D$38,4,FALSE),"") -> 73000000 | O17: =IF(L17="","",ROUND(G17*(1+L17),-4)) -> 58920000 | P17: =O17 -> 58920000 | Q17: =IF(P17="","",P17-G17) -> 1160000
... A39: ='01_인적정보'!A39 -> 34 | B39: ='01_인적정보'!B39 -> BSS-034 | C39: ='01_인적정보'!C39 -> 엄보근 | D39: ='01_인적정보'!D39 -> 설계 | E39: ='01_인적정보'!F39 -> 컨설팅본부 | F39: ='01_인적정보'!H39 -> G1 | G39: ='01_인적정보'!K39 -> 32000000 | H39: ='08_종합평가'!U39 -> D | I39: =IF(H39="","",IF(H39="S",'02_의사결정·종합결과'!$B$26,IF(H39="A",'02_의사결정·종합결과'!$C$26,IF(H39="B",'02_의사결정·종합결과'!$D$26,IF(H39="C",'02_의사결정·종합결과'!$E$26,'02_의사결정·종합결과'!$F$26))))) -> 0.02 | J39: N | K39: =IF(J39="Y",'02_의사결정·종합결과'!$B$28,0) -> 0 | L39: =IF(I39="","",I39+K39) -> 0.02 | M39: =IFERROR(VLOOKUP(F39,'02_의사결정·종합결과'!$A$32:$D$38,2,FALSE),"") -> 33000000 | N39: =IFERROR(VLOOKUP(F39,'02_의사결정·종합결과'!$A$32:$D$38,4,FALSE),"") -> 44000000 | O39: =IF(L39="","",ROUND(G39*(1+L39),-4)) -> 32640000 | P39: =O39 -> 32640000 | Q39: =IF(P39="","",P39-G39) -> 640000
F41: 합계 | G41: =SUM(G6:G39) -> 1687275000 | O41: =SUM(O6:O39) -> 1721010000 | P41: =SUM(P6:P39) -> 1721010000 | Q41: =SUM(Q6:Q39) -> 33735000

Sheet 10_성과급관리
A1: 성과급(인센티브) 관리 — 등급별 자동 산출
A2: 08 종합평가의 최종등급에 따라 자동 산정. 전사 KPI 달성률로 재원 가산.
A4: ■ 전사 KPI 달성률 → 성과급 재원 가산 계수
A5: 전사 KPI 종합등급 | B5: ='03_전사업적평가'!B11 | C5: KPI 가산 계수 | D5: =IFERROR(IF(B5="","",IF(B5="S",1.2,IF(B5="A",1.1,IF(B5="B",1,IF(B5="C",0.9,IF(B5="D",0.8,1)))))),1) | E5: 수동 조정 | F5: 1 | G5: S/A 등급 시 가산, C/D 등급 시 감산. 수동 조정란에 직접 입력해 덮어쓰기 가능.
A7: ■ 개인별 성과급 산출
A8: No. | B8: 사번 | C8: 성명 | D8: 부서 | E8: 역할등급 | F8: 연봉(현재) | G8: 최종등급 | H8: 월급여 | I8: 기본 성과급률 | J8: 기본 성과급(원) | K8: 가산계수 | L8: 최종 성과급 | M8: 비고
A9: ='01_인적정보'!A6 -> 1 | B9: ='01_인적정보'!B6 -> BSS-001 | C9: ='01_인적정보'!C6 -> 이화형 | D9: ='01_인적정보'!F6 -> 스마트사업부 | E9: ='01_인적정보'!H6 -> G6 | F9: ='01_인적정보'!K6 -> 72500000 | G9: ='08_종합평가'!U6 -> D | H9: =ROUND(F9/12,-3) -> 6042000 | I9: =IF(G9="","",IF(G9="S",'02_의사결정·종합결과'!$B$27,IF(G9="A",'02_의사결정·종합결과'!$C$27,IF(G9="B",'02_의사결정·종합결과'!$D$27,IF(G9="C",'02_의사결정·종합결과'!$E$27,'02_의사결정·종합결과'!$F$27))))) -> 0 | J9: =IF(I9="","",ROUND(H9*I9*12,-3)) -> 0 | K9: =IF($F$5<>1,$F$5,IF($D$5="",1,$D$5)) -> 1 | L9: =IF(J9="","",ROUND(J9*K9,-3)) -> 0
A10: ='01_인적정보'!A7 -> 2 | B10: ='01_인적정보'!B7 -> BSS-002 | C10: ='01_인적정보'!C7 -> 강전용 | D10: ='01_인적정보'!F7 -> R&D본부 | E10: ='01_인적정보'!H7 -> G6 | F10: ='01_인적정보'!K7 -> 68870000 | G10: ='08_종합평가'!U7 -> D | H10: =ROUND(F10/12,-3) -> 5739000 | I10: =IF(G10="","",IF(G10="S",'02_의사결정·종합결과'!$B$27,IF(G10="A",'02_의사결정·종합결과'!$C$27,IF(G10="B",'02_의사결정·종합결과'!$D$27,IF(G10="C",'02_의사결정·종합결과'!$E$27,'02_의사결정·종합결과'!$F$27))))) -> 0 | J10: =IF(I10="","",ROUND(H10*I10*12,-3)) -> 0 | K10: =IF($F$5<>1,$F$5,IF($D$5="",1,$D$5)) -> 1 | L10: =IF(J10="","",ROUND(J10*K10,-3)) -> 0
A11: ='01_인적정보'!A8 -> 3 | B11: ='01_인적정보'!B8 -> BSS-003 | C11: ='01_인적정보'!C8 -> 김현민 | D11: ='01_인적정보'!F8 -> 컨설팅본부 | E11: ='01_인적정보'!H8 -> G6 | F11: ='01_인적정보'!K8 -> 67500000 | G11: ='08_종합평가'!U8 -> D | H11: =ROUND(F11/12,-3) -> 5625000 | I11: =IF(G11="","",IF(G11="S",'02_의사결정·종합결과'!$B$27,IF(G11="A",'02_의사결정·종합결과'!$C$27,IF(G11="B",'02_의사결정·종합결과'!$D$27,IF(G11="C",'02_의사결정·종합결과'!$E$27,'02_의사결정·종합결과'!$F$27))))) -> 0 | J11: =IF(I11="","",ROUND(H11*I11*12,-3)) -> 0 | K11: =IF($F$5<>1,$F$5,IF($D$5="",1,$D$5)) -> 1 | L11: =IF(J11="","",ROUND(J11*K11,-3)) -> 0
A12: ='01_인적정보'!A9 -> 4 | B12: ='01_인적정보'!B9 -> BSS-004 | C12: ='01_인적정보'!C9 -> 이일곤 | D12: ='01_인적정보'!F9 -> 경영전략실 | E12: ='01_인적정보'!H9 -> G6 | F12: ='01_인적정보'!K9 -> 64530000 | G12: ='08_종합평가'!U9 -> D | H12: =ROUND(F12/12,-3) -> 5378000 | I12: =IF(G12="","",IF(G12="S",'02_의사결정·종합결과'!$B$27,IF(G12="A",'02_의사결정·종합결과'!$C$27,IF(G12="B",'02_의사결정·종합결과'!$D$27,IF(G12="C",'02_의사결정·종합결과'!$E$27,'02_의사결정·종합결과'!$F$27))))) -> 0 | J12: =IF(I12="","",ROUND(H12*I12*12,-3)) -> 0 | K12: =IF($F$5<>1,$F$5,IF($D$5="",1,$D$5)) -> 1 | L12: =IF(J12="","",ROUND(J12*K12,-3)) -> 0
A13: ='01_인적정보'!A10 -> 5 | B13: ='01_인적정보'!B10 -> BSS-005 | C13: ='01_인적정보'!C10 -> 송헌영 | D13: ='01_인적정보'!F10 -> 경영전략실 | E13: ='01_인적정보'!H10 -> G6 | F13: ='01_인적정보'!K10 -> 65180000 | G13: ='08_종합평가'!U10 -> D | H13: =ROUND(F13/12,-3) -> 5432000 | I13: =IF(G13="","",IF(G13="S",'02_의사결정·종합결과'!$B$27,IF(G13="A",'02_의사결정·종합결과'!$C$27,IF(G13="B",'02_의사결정·종합결과'!$D$27,IF(G13="C",'02_의사결정·종합결과'!$E$27,'02_의사결정·종합결과'!$F$27))))) -> 0 | J13: =IF(I13="","",ROUND(H13*I13*12,-3)) -> 0 | K13: =IF($F$5<>1,$F$5,IF($D$5="",1,$D$5)) -> 1 | L13: =IF(J13="","",ROUND(J13*K13,-3)) -> 0
A14: ='01_인적정보'!A11 -> 6 | B14: ='01_인적정보'!B11 -> BSS-006 | C14: ='01_인적정보'!C11 -> 이재용 | D14: ='01_인적정보'!F11 -> 경영전략실 | E14: ='01_인적정보'!H11 -> G6 | F14: ='01_인적정보'!K11 -> 62000000 | G14: ='08_종합평가'!U11 -> D | H14: =ROUND(F14/12,-3) -> 5167000 | I14: =IF(G14="","",IF(G14="S",'02_의사결정·종합결과'!$B$27,IF(G14="A",'02_의사결정·종합결과'!$C$27,IF(G14="B",'02_의사결정·종합결과'!$D$27,IF(G14="C",'02_의사결정·종합결과'!$E$27,'02_의사결정·종합결과'!$F$27))))) -> 0 | J14: =IF(I14="","",ROUND(H14*I14*12,-3)) -> 0 | K14: =IF($F$5<>1,$F$5,IF($D$5="",1,$D$5)) -> 1 | L14: =IF(J14="","",ROUND(J14*K14,-3)) -> 0
A15: ='01_인적정보'!A12 -> 7 | B15: ='01_인적정보'!B12 -> BSS-007 | C15: ='01_인적정보'!C12 -> 이진행 | D15: ='01_인적정보'!F12 -> 솔루션본부 | E15: ='01_인적정보'!H12 -> G5-M | F15: ='01_인적정보'!K12 -> 59700000 | G15: ='08_종합평가'!U12 -> D | H15: =ROUND(F15/12,-3) -> 4975000 | I15: =IF(G15="","",IF(G15="S",'02_의사결정·종합결과'!$B$27,IF(G15="A",'02_의사결정·종합결과'!$C$27,IF(G15="B",'02_의사결정·종합결과'!$D$27,IF(G15="C",'02_의사결정·종합결과'!$E$27,'02_의사결정·종합결과'!$F$27))))) -> 0 | J15: =IF(I15="","",ROUND(H15*I15*12,-3)) -> 0 | K15: =IF($F$5<>1,$F$5,IF($D$5="",1,$D$5)) -> 1 | L15: =IF(J15="","",ROUND(J15*K15,-3)) -> 0
A16: ='01_인적정보'!A13 -> 8 | B16: ='01_인적정보'!B13 -> BSS-008 | C16: ='01_인적정보'!C13 -> 김민수 | D16: ='01_인적정보'!F13 -> 솔루션본부 | E16: ='01_인적정보'!H13 -> G5-M | F16: ='01_인적정보'!K13 -> 59050000 | G16: ='08_종합평가'!U13 -> D | H16: =ROUND(F16/12,-3) -> 4921000 | I16: =IF(G16="","",IF(G16="S",'02_의사결정·종합결과'!$B$27,IF(G16="A",'02_의사결정·종합결과'!$C$27,IF(G16="B",'02_의사결정·종합결과'!$D$27,IF(G16="C",'02_의사결정·종합결과'!$E$27,'02_의사결정·종합결과'!$F$27))))) -> 0 | J16: =IF(I16="","",ROUND(H16*I16*12,-3)) -> 0 | K16: =IF($F$5<>1,$F$5,IF($D$5="",1,$D$5)) -> 1 | L16: =IF(J16="","",ROUND(J16*K16,-3)) -> 0
A17: ='01_인적정보'!A14 -> 9 | B17: ='01_인적정보'!B14 -> BSS-009 | C17: ='01_인적정보'!C14 -> 박남식 | D17: ='01_인적정보'!F14 -> 컨설팅본부 | E17: ='01_인적정보'!H14 -> G5-M | F17: ='01_인적정보'!K14 -> 59050000 | G17: ='08_종합평가'!U14 -> D | H17: =ROUND(F17/12,-3) -> 4921000 | I17: =IF(G17="","",IF(G17="S",'02_의사결정·종합결과'!$B$27,IF(G17="A",'02_의사결정·종합결과'!$C$27,IF(G17="B",'02_의사결정·종합결과'!$D$27,IF(G17="C",'02_의사결정·종합결과'!$E$27,'02_의사결정·종합결과'!$F$27))))) -> 0 | J17: =IF(I17="","",ROUND(H17*I17*12,-3)) -> 0 | K17: =IF($F$5<>1,$F$5,IF($D$5="",1,$D$5)) -> 1 | L17: =IF(J17="","",ROUND(J17*K17,-3)) -> 0
A18: ='01_인적정보'!A15 -> 10 | B18: ='01_인적정보'!B15 -> BSS-010 | C18: ='01_인적정보'!C15 -> 신재민 | D18: ='01_인적정보'!F15 -> 컨설팅본부 | E18: ='01_인적정보'!H15 -> G5-S | F18: ='01_인적정보'!K15 -> 59050000 | G18: ='08_종합평가'!U15 -> D | H18: =ROUND(F18/12,-3) -> 4921000 | I18: =IF(G18="","",IF(G18="S",'02_의사결정·종합결과'!$B$27,IF(G18="A",'02_의사결정·종합결과'!$C$27,IF(G18="B",'02_의사결정·종합결과'!$D$27,IF(G18="C",'02_의사결정·종합결과'!$E$27,'02_의사결정·종합결과'!$F$27))))) -> 0 | J18: =IF(I18="","",ROUND(H18*I18*12,-3)) -> 0 | K18: =IF($F$5<>1,$F$5,IF($D$5="",1,$D$5)) -> 1 | L18: =IF(J18="","",ROUND(J18*K18,-3)) -> 0
A19: ='01_인적정보'!A16 -> 11 | B19: ='01_인적정보'!B16 -> BSS-011 | C19: ='01_인적정보'!C16 -> 마장엽 | D19: ='01_인적정보'!F16 -> 컨설팅본부 | E19: ='01_인적정보'!H16 -> G5-S | F19: ='01_인적정보'!K16 -> 57760000 | G19: ='08_종합평가'!U16 -> D | H19: =ROUND(F19/12,-3) -> 4813000 | I19: =IF(G19="","",IF(G19="S",'02_의사결정·종합결과'!$B$27,IF(G19="A",'02_의사결정·종합결과'!$C$27,IF(G19="B",'02_의사결정·종합결과'!$D$27,IF(G19="C",'02_의사결정·종합결과'!$E$27,'02_의사결정·종합결과'!$F$27))))) -> 0 | J19: =IF(I19="","",ROUND(H19*I19*12,-3)) -> 0 | K19: =IF($F$5<>1,$F$5,IF($D$5="",1,$D$5)) -> 1 | L19: =IF(J19="","",ROUND(J19*K19,-3)) -> 0
A20: ='01_인적정보'!A17 -> 12 | B20: ='01_인적정보'!B17 -> BSS-012 | C20: ='01_인적정보'!C17 -> 하은주 | D20: ='01_인적정보'!F17 -> 마케팅팀 | E20: ='01_인적정보'!H17 -> G5-M | F20: ='01_인적정보'!K17 -> 57760000 | G20: ='08_종합평가'!U17 -> D | H20: =ROUND(F20/12,-3) -> 4813000 | I20: =IF(G20="","",IF(G20="S",'02_의사결정·종합결과'!$B$27,IF(G20="A",'02_의사결정·종합결과'!$C$27,IF(G20="B",'02_의사결정·종합결과'!$D$27,IF(G20="C",'02_의사결정·종합결과'!$E$27,'02_의사결정·종합결과'!$F$27))))) -> 0 | J20: =IF(I20="","",ROUND(H20*I20*12,-3)) -> 0 | K20: =IF($F$5<>1,$F$5,IF($D$5="",1,$D$5)) -> 1 | L20: =IF(J20="","",ROUND(J20*K20,-3)) -> 0
... A42: ='01_인적정보'!A39 -> 34 | B42: ='01_인적정보'!B39 -> BSS-034 | C42: ='01_인적정보'!C39 -> 엄보근 | D42: ='01_인적정보'!F39 -> 컨설팅본부 | E42: ='01_인적정보'!H39 -> G1 | F42: ='01_인적정보'!K39 -> 32000000 | G42: ='08_종합평가'!U39 -> D | H42: =ROUND(F42/12,-3) -> 2667000 | I42: =IF(G42="","",IF(G42="S",'02_의사결정·종합결과'!$B$27,IF(G42="A",'02_의사결정·종합결과'!$C$27,IF(G42="B",'02_의사결정·종합결과'!$D$27,IF(G42="C",'02_의사결정·종합결과'!$E$27,'02_의사결정·종합결과'!$F$27))))) -> 0 | J42: =IF(I42="","",ROUND(H42*I42*12,-3)) -> 0 | K42: =IF($F$5<>1,$F$5,IF($D$5="",1,$D$5)) -> 1 | L42: =IF(J42="","",ROUND(J42*K42,-3)) -> 0
K44: 총 성과급 재원 | L44: =SUM(L9:L42) -> 0

Sheet 11_페이밴드검증
A1: 페이밴드 적합성 검증
A2: 현재·인상 후 연봉의 페이밴드 위치를 자동 검증. 이탈자는 자동 식별.
A4: ■ 등급별 페이밴드 (02 자동 참조)
A5: 역할등급 | B5: 최소 | C5: 중위 | D5: 최대 | E5: Range Spread | F5: 해당 인원 | G5: 범위 내 | H5: 이탈
A6: G6 | B6: ='02_의사결정·종합결과'!B32 -> 58000000 | C6: ='02_의사결정·종합결과'!C32 -> 69000000 | D6: ='02_의사결정·종합결과'!D32 -> 80000000 | E6: =(D6-B6)/B6 -> 0.37931034 | F6: =COUNTIF('09_보상연계'!$F$6:$F$39,A6) -> 6 | G6: =SUMPRODUCT(('09_보상연계'!$F$6:$F$39=A6)*('09_보상연계'!$P$6:$P$39>=B6)*('09_보상연계'!$P$6:$P$39<=D6)) -> 6 | H6: =F6-G6 -> 0
A7: G5-M | B7: ='02_의사결정·종합결과'!B33 -> 53000000 | C7: ='02_의사결정·종합결과'!C33 -> 63000000 | D7: ='02_의사결정·종합결과'!D33 -> 73000000 | E7: =(D7-B7)/B7 -> 0.37735849 | F7: =COUNTIF('09_보상연계'!$F$6:$F$39,A7) -> 4 | G7: =SUMPRODUCT(('09_보상연계'!$F$6:$F$39=A7)*('09_보상연계'!$P$6:$P$39>=B7)*('09_보상연계'!$P$6:$P$39<=D7)) -> 4 | H7: =F7-G7 -> 0
A8: G5-S | B8: ='02_의사결정·종합결과'!B34 -> 53000000 | C8: ='02_의사결정·종합결과'!C34 -> 63000000 | D8: ='02_의사결정·종합결과'!D34 -> 73000000 | E8: =(D8-B8)/B8 -> 0.37735849 | F8: =COUNTIF('09_보상연계'!$F$6:$F$39,A8) -> 6 | G8: =SUMPRODUCT(('09_보상연계'!$F$6:$F$39=A8)*('09_보상연계'!$P$6:$P$39>=B8)*('09_보상연계'!$P$6:$P$39<=D8)) -> 6 | H8: =F8-G8 -> 0
A9: G4 | B9: ='02_의사결정·종합결과'!B35 -> 49000000 | C9: ='02_의사결정·종합결과'!C35 -> 57500000 | D9: ='02_의사결정·종합결과'!D35 -> 66000000 | E9: =(D9-B9)/B9 -> 0.34693878 | F9: =COUNTIF('09_보상연계'!$F$6:$F$39,A9) -> 2 | G9: =SUMPRODUCT(('09_보상연계'!$F$6:$F$39=A9)*('09_보상연계'!$P$6:$P$39>=B9)*('09_보상연계'!$P$6:$P$39<=D9)) -> 2 | H9: =F9-G9 -> 0
A10: G3 | B10: ='02_의사결정·종합결과'!B36 -> 42000000 | C10: ='02_의사결정·종합결과'!C36 -> 49500000 | D10: ='02_의사결정·종합결과'!D36 -> 57000000 | E10: =(D10-B10)/B10 -> 0.35714286 | F10: =COUNTIF('09_보상연계'!$F$6:$F$39,A10) -> 2 | G10: =SUMPRODUCT(('09_보상연계'!$F$6:$F$39=A10)*('09_보상연계'!$P$6:$P$39>=B10)*('09_보상연계'!$P$6:$P$39<=D10)) -> 2 | H10: =F10-G10 -> 0
A11: G2 | B11: ='02_의사결정·종합결과'!B37 -> 36000000 | C11: ='02_의사결정·종합결과'!C37 -> 42500000 | D11: ='02_의사결정·종합결과'!D37 -> 49000000 | E11: =(D11-B11)/B11 -> 0.36111111 | F11: =COUNTIF('09_보상연계'!$F$6:$F$39,A11) -> 6 | G11: =SUMPRODUCT(('09_보상연계'!$F$6:$F$39=A11)*('09_보상연계'!$P$6:$P$39>=B11)*('09_보상연계'!$P$6:$P$39<=D11)) -> 5 | H11: =F11-G11 -> 1
A12: G1 | B12: ='02_의사결정·종합결과'!B38 -> 33000000 | C12: ='02_의사결정·종합결과'!C38 -> 38500000 | D12: ='02_의사결정·종합결과'!D38 -> 44000000 | E12: =(D12-B12)/B12 -> 0.33333333 | F12: =COUNTIF('09_보상연계'!$F$6:$F$39,A12) -> 8 | G12: =SUMPRODUCT(('09_보상연계'!$F$6:$F$39=A12)*('09_보상연계'!$P$6:$P$39>=B12)*('09_보상연계'!$P$6:$P$39<=D12)) -> 5 | H12: =F12-G12 -> 3
A14: ■ 페이밴드 이탈자 명단 (자동 식별)
A15: No. | B15: 사번 | C15: 성명 | D15: 역할등급 | E15: 확정 연봉 | F15: Min | G15: Max | H15: 이탈 방향 | I15: 조정 권고
A16: ='09_보상연계'!A6 -> 1 | B16: ='09_보상연계'!B6 -> BSS-001 | C16: ='09_보상연계'!C6 -> 이화형 | D16: ='09_보상연계'!F6 -> G6 | E16: ='09_보상연계'!P6 -> 73950000 | F16: ='09_보상연계'!M6 -> 58000000 | G16: ='09_보상연계'!N6 -> 80000000 | H16: =IF(E16="","",IF(E16<F16,"⬇ Min 미달",IF(E16>G16,"⬆ Max 초과","✓ 범위 내"))) -> ✓ 범위 내 | I16: =IF(E16="","",IF(E16<F16,F16-E16,IF(E16>G16,E16-G16,0))) -> 0
A17: ='09_보상연계'!A7 -> 2 | B17: ='09_보상연계'!B7 -> BSS-002 | C17: ='09_보상연계'!C7 -> 강전용 | D17: ='09_보상연계'!F7 -> G6 | E17: ='09_보상연계'!P7 -> 70250000 | F17: ='09_보상연계'!M7 -> 58000000 | G17: ='09_보상연계'!N7 -> 80000000 | H17: =IF(E17="","",IF(E17<F17,"⬇ Min 미달",IF(E17>G17,"⬆ Max 초과","✓ 범위 내"))) -> ✓ 범위 내 | I17: =IF(E17="","",IF(E17<F17,F17-E17,IF(E17>G17,E17-G17,0))) -> 0
A18: ='09_보상연계'!A8 -> 3 | B18: ='09_보상연계'!B8 -> BSS-003 | C18: ='09_보상연계'!C8 -> 김현민 | D18: ='09_보상연계'!F8 -> G6 | E18: ='09_보상연계'!P8 -> 68850000 | F18: ='09_보상연계'!M8 -> 58000000 | G18: ='09_보상연계'!N8 -> 80000000 | H18: =IF(E18="","",IF(E18<F18,"⬇ Min 미달",IF(E18>G18,"⬆ Max 초과","✓ 범위 내"))) -> ✓ 범위 내 | I18: =IF(E18="","",IF(E18<F18,F18-E18,IF(E18>G18,E18-G18,0))) -> 0
A19: ='09_보상연계'!A9 -> 4 | B19: ='09_보상연계'!B9 -> BSS-004 | C19: ='09_보상연계'!C9 -> 이일곤 | D19: ='09_보상연계'!F9 -> G6 | E19: ='09_보상연계'!P9 -> 65820000 | F19: ='09_보상연계'!M9 -> 58000000 | G19: ='09_보상연계'!N9 -> 80000000 | H19: =IF(E19="","",IF(E19<F19,"⬇ Min 미달",IF(E19>G19,"⬆ Max 초과","✓ 범위 내"))) -> ✓ 범위 내 | I19: =IF(E19="","",IF(E19<F19,F19-E19,IF(E19>G19,E19-G19,0))) -> 0
A20: ='09_보상연계'!A10 -> 5 | B20: ='09_보상연계'!B10 -> BSS-005 | C20: ='09_보상연계'!C10 -> 송헌영 | D20: ='09_보상연계'!F10 -> G6 | E20: ='09_보상연계'!P10 -> 66480000 | F20: ='09_보상연계'!M10 -> 58000000 | G20: ='09_보상연계'!N10 -> 80000000 | H20: =IF(E20="","",IF(E20<F20,"⬇ Min 미달",IF(E20>G20,"⬆ Max 초과","✓ 범위 내"))) -> ✓ 범위 내 | I20: =IF(E20="","",IF(E20<F20,F20-E20,IF(E20>G20,E20-G20,0))) -> 0
A21: ='09_보상연계'!A11 -> 6 | B21: ='09_보상연계'!B11 -> BSS-006 | C21: ='09_보상연계'!C11 -> 이재용 | D21: ='09_보상연계'!F11 -> G6 | E21: ='09_보상연계'!P11 -> 63240000 | F21: ='09_보상연계'!M11 -> 58000000 | G21: ='09_보상연계'!N11 -> 80000000 | H21: =IF(E21="","",IF(E21<F21,"⬇ Min 미달",IF(E21>G21,"⬆ Max 초과","✓ 범위 내"))) -> ✓ 범위 내 | I21: =IF(E21="","",IF(E21<F21,F21-E21,IF(E21>G21,E21-G21,0))) -> 0
A22: ='09_보상연계'!A12 -> 7 | B22: ='09_보상연계'!B12 -> BSS-007 | C22: ='09_보상연계'!C12 -> 이진행 | D22: ='09_보상연계'!F12 -> G5-M | E22: ='09_보상연계'!P12 -> 60890000 | F22: ='09_보상연계'!M12 -> 53000000 | G22: ='09_보상연계'!N12 -> 73000000 | H22: =IF(E22="","",IF(E22<F22,"⬇ Min 미달",IF(E22>G22,"⬆ Max 초과","✓ 범위 내"))) -> ✓ 범위 내 | I22: =IF(E22="","",IF(E22<F22,F22-E22,IF(E22>G22,E22-G22,0))) -> 0
A23: ='09_보상연계'!A13 -> 8 | B23: ='09_보상연계'!B13 -> BSS-008 | C23: ='09_보상연계'!C13 -> 김민수 | D23: ='09_보상연계'!F13 -> G5-M | E23: ='09_보상연계'!P13 -> 60230000 | F23: ='09_보상연계'!M13 -> 53000000 | G23: ='09_보상연계'!N13 -> 73000000 | H23: =IF(E23="","",IF(E23<F23,"⬇ Min 미달",IF(E23>G23,"⬆ Max 초과","✓ 범위 내"))) -> ✓ 범위 내 | I23: =IF(E23="","",IF(E23<F23,F23-E23,IF(E23>G23,E23-G23,0))) -> 0
A24: ='09_보상연계'!A14 -> 9 | B24: ='09_보상연계'!B14 -> BSS-009 | C24: ='09_보상연계'!C14 -> 박남식 | D24: ='09_보상연계'!F14 -> G5-M | E24: ='09_보상연계'!P14 -> 60230000 | F24: ='09_보상연계'!M14 -> 53000000 | G24: ='09_보상연계'!N14 -> 73000000 | H24: =IF(E24="","",IF(E24<F24,"⬇ Min 미달",IF(E24>G24,"⬆ Max 초과","✓ 범위 내"))) -> ✓ 범위 내 | I24: =IF(E24="","",IF(E24<F24,F24-E24,IF(E24>G24,E24-G24,0))) -> 0
A25: ='09_보상연계'!A15 -> 10 | B25: ='09_보상연계'!B15 -> BSS-010 | C25: ='09_보상연계'!C15 -> 신재민 | D25: ='09_보상연계'!F15 -> G5-S | E25: ='09_보상연계'!P15 -> 60230000 | F25: ='09_보상연계'!M15 -> 53000000 | G25: ='09_보상연계'!N15 -> 73000000 | H25: =IF(E25="","",IF(E25<F25,"⬇ Min 미달",IF(E25>G25,"⬆ Max 초과","✓ 범위 내"))) -> ✓ 범위 내 | I25: =IF(E25="","",IF(E25<F25,F25-E25,IF(E25>G25,E25-G25,0))) -> 0
A26: ='09_보상연계'!A16 -> 11 | B26: ='09_보상연계'!B16 -> BSS-011 | C26: ='09_보상연계'!C16 -> 마장엽 | D26: ='09_보상연계'!F16 -> G5-S | E26: ='09_보상연계'!P16 -> 58920000 | F26: ='09_보상연계'!M16 -> 53000000 | G26: ='09_보상연계'!N16 -> 73000000 | H26: =IF(E26="","",IF(E26<F26,"⬇ Min 미달",IF(E26>G26,"⬆ Max 초과","✓ 범위 내"))) -> ✓ 범위 내 | I26: =IF(E26="","",IF(E26<F26,F26-E26,IF(E26>G26,E26-G26,0))) -> 0
A27: ='09_보상연계'!A17 -> 12 | B27: ='09_보상연계'!B17 -> BSS-012 | C27: ='09_보상연계'!C17 -> 하은주 | D27: ='09_보상연계'!F17 -> G5-M | E27: ='09_보상연계'!P17 -> 58920000 | F27: ='09_보상연계'!M17 -> 53000000 | G27: ='09_보상연계'!N17 -> 73000000 | H27: =IF(E27="","",IF(E27<F27,"⬇ Min 미달",IF(E27>G27,"⬆ Max 초과","✓ 범위 내"))) -> ✓ 범위 내 | I27: =IF(E27="","",IF(E27<F27,F27-E27,IF(E27>G27,E27-G27,0))) -> 0
... A49: ='09_보상연계'!A39 -> 34 | B49: ='09_보상연계'!B39 -> BSS-034 | C49: ='09_보상연계'!C39 -> 엄보근 | D49: ='09_보상연계'!F39 -> G1 | E49: ='09_보상연계'!P39 -> 32640000 | F49: ='09_보상연계'!M39 -> 33000000 | G49: ='09_보상연계'!N39 -> 44000000 | H49: =IF(E49="","",IF(E49<F49,"⬇ Min 미달",IF(E49>G49,"⬆ Max 초과","✓ 범위 내"))) -> ⬇ Min 미달 | I49: =IF(E49="","",IF(E49<F49,F49-E49,IF(E49>G49,E49-G49,0))) -> 360000

Sheet 12_시뮬레이션
A1: End-to-End 시뮬레이션 대시보드
A2: 07a/07b에 등급 입력 시 모든 시트가 갱신되어 여기에 종합 요약. 변경 시뮬레이션 확인용.
A4: ▶ 종합 요약
A5: 총 인원 | B5: =COUNTA('01_인적정보'!C6:C65) -> 34
A6: 연봉 총액(현재) | B6: =SUM('09_보상연계'!G6:G39) -> 1687275000
A7: 연봉 총액(인상후) | B7: ='09_보상연계'!P41 -> 1721010000
A8: 총 인상액 | B8: ='09_보상연계'!Q41 -> 33735000
A9: 인상률 (평균) | B9: =IFERROR('09_보상연계'!Q41/'09_보상연계'!G41,0) -> 0.019993777
A10: 성과급 재원 | B10: ='10_성과급관리'!L44 -> 0
A11: 페이밴드 이탈자 | B11: =SUM('11_페이밴드검증'!H6:H12) -> 4
A14: ▶ 평가 등급 분포 (전사)
A15: 등급 | B15: 인원수 | C15: 비율
A16: S | B16: =COUNTIF('08_종합평가'!U6:U39,"S") -> 0 | C16: =IFERROR(B16/SUM($B$16:$B$20),0) -> 0
A17: A | B17: =COUNTIF('08_종합평가'!U6:U39,"A") -> 0 | C17: =IFERROR(B17/SUM($B$16:$B$20),0) -> 0
A18: B | B18: =COUNTIF('08_종합평가'!U6:U39,"B") -> 0 | C18: =IFERROR(B18/SUM($B$16:$B$20),0) -> 0
A19: C | B19: =COUNTIF('08_종합평가'!U6:U39,"C") -> 0 | C19: =IFERROR(B19/SUM($B$16:$B$20),0) -> 0
A20: D | B20: =COUNTIF('08_종합평가'!U6:U39,"D") -> 34 | C20: =IFERROR(B20/SUM($B$16:$B$20),0) -> 1
A23: ▶ 부서별 평균 인상률
A24: 부서 | B24: 인원 | C24: 평균 인상률 | D24: 총 인상액
A25: R&D본부 | B25: =COUNTIF('09_보상연계'!E6:E39,"R&D본부") -> 1 | C25: =IFERROR(AVERAGEIFS('09_보상연계'!L6:L39,'09_보상연계'!E6:E39,"R&D본부"),"") -> 0.02 | D25: =SUMIFS('09_보상연계'!Q6:Q39,'09_보상연계'!E6:E39,"R&D본부") -> 1380000
A26: 경영전략실 | B26: =COUNTIF('09_보상연계'!E6:E39,"경영전략실") -> 3 | C26: =IFERROR(AVERAGEIFS('09_보상연계'!L6:L39,'09_보상연계'!E6:E39,"경영전략실"),"") -> 0.02 | D26: =SUMIFS('09_보상연계'!Q6:Q39,'09_보상연계'!E6:E39,"경영전략실") -> 3830000
A27: 마케팅팀 | B27: =COUNTIF('09_보상연계'!E6:E39,"마케팅팀") -> 2 | C27: =IFERROR(AVERAGEIFS('09_보상연계'!L6:L39,'09_보상연계'!E6:E39,"마케팅팀"),"") -> 0.02 | D27: =SUMIFS('09_보상연계'!Q6:Q39,'09_보상연계'!E6:E39,"마케팅팀") -> 1855000
A28: 솔루션본부 | B28: =COUNTIF('09_보상연계'!E6:E39,"솔루션본부") -> 5 | C28: =IFERROR(AVERAGEIFS('09_보상연계'!L6:L39,'09_보상연계'!E6:E39,"솔루션본부"),"") -> 0.02 | D28: =SUMIFS('09_보상연계'!Q6:Q39,'09_보상연계'!E6:E39,"솔루션본부") -> 4910000
A29: 스마트사업부 | B29: =COUNTIF('09_보상연계'!E6:E39,"스마트사업부") -> 1 | C29: =IFERROR(AVERAGEIFS('09_보상연계'!L6:L39,'09_보상연계'!E6:E39,"스마트사업부"),"") -> 0.02 | D29: =SUMIFS('09_보상연계'!Q6:Q39,'09_보상연계'!E6:E39,"스마트사업부") -> 1450000
A30: 컨설팅본부 | B30: =COUNTIF('09_보상연계'!E6:E39,"컨설팅본부") -> 22 | C30: =IFERROR(AVERAGEIFS('09_보상연계'!L6:L39,'09_보상연계'!E6:E39,"컨설팅본부"),"") -> 0.02 | D30: =SUMIFS('09_보상연계'!Q6:Q39,'09_보상연계'!E6:E39,"컨설팅본부") -> 20310000

Sheet 13_직무역할DB
A1: 직무·역할등급 정의 데이터베이스
A2: 직무 × 역할등급(G1~G6) 마스터. 모든 시트가 조회키(직무_등급)로 VLOOKUP 참조
A5: 조회키 | B5: 직무 | C5: 역할등급 | D5: 역할명 | E5: 역할 정의 | F5: 책임범위 | G5: 권한 수준 | H5: 표준연한
A6: 경영전략기획_G6 | B6: 경영전략기획 | C6: G6 | D6: 사업·조직 관리 | E6: 회사의 비전과 중장기 전략을 총괄하며, 경영·인사·재무·마케팅 등 핵심 기능을 통합 관리하고, 전사 의사결정·대외 협력·리스크 관리를 주도 | F6: 전사 KPI 달성, 손익 책임 | G6: 전사 의사결정, 예산 편성, 인력 승인 | H6: 5년 이상
A7: 경영전략기획_G5-M | B7: 경영전략기획 | C7: G5-M | D7: 직무 관리(부서장) | E7: 부서 전략 및 목표를 수립하고, 자원 배분·예산 관리·성과 관리를 통해 조직 성과 달성을 책임지고, 부서 내 의사결정을 주도 | F7: 부서 KPI 달성 책임 | G7: 부서 의사결정, 예산 배분, 채용/승진 제안 | H7: 4년 이상
A8: 경영전략기획_G5-S | B8: 경영전략기획 | C8: G5-S | D8: 실무 스페셜리스트 | E8: 직무 최고 수준의 전문성과 현장 경험을 기반으로, 복잡하고 고난이도의 프로젝트를 성공적으로 수행하며 내부 기술 자산화·전파를 주도 | F8: 핵심 기술/과제 성과 책임 | G8: 전문 영역 의사결정 | H8: 4년 이상
A9: 경영전략기획_G4 | B9: 경영전략기획 | C9: G4 | D9: 실무 책임(PM) | E9: 단위 프로젝트의 전략 수립·추진을 주도하며, 예산·일정·품질 등 목표 달성을 책임지고 성과를 보고 | F9: 프로젝트 성과 책임 | G9: 프로젝트 의사결정, 예산 집행 | H9: 3년 이상
A10: 경영전략기획_G3 | B10: 경영전략기획 | C10: G3 | D10: 핵심 실무 | E10: 전문 지식과 기술을 활용해 프로젝트 핵심 과업을 기획·수행하며, 산출물 품질과 일정 준수를 책임지는 중추적 역할 | F10: 모듈/과업 성과 | G10: 모듈 범위 자율 | H10: 3년 이상
A11: 경영전략기획_G2 | B11: 경영전략기획 | C11: G2 | D11: 실무 | E11: 프로젝트 계획에 따라 독립적·자율적으로 세부 과업을 계획·수행하며, 완성도 있는 산출물을 도출 | F11: 개별 과업 성과 | G11: 과업 범위 자율 | H11: 2년 이상
A12: 경영전략기획_G1 | B12: 경영전략기획 | C12: G1 | D12: 실무 보조 | E12: 실무에 대한 이해와 과업 수행에 필요한 기술·지식을 습득하며, 프로젝트 진행 과정에서 기본적인 과업을 보조 | F12: 학습/보조 수행도 | G12: 제한적 권한 | H12: 1년 이상
A13: 프로젝트영업_G6 | B13: 프로젝트영업 | C13: G6 | D13: 사업·조직 관리 | E13: 회사의 비전과 중장기 전략을 총괄하며, 경영·인사·재무·마케팅 등 핵심 기능을 통합 관리하고, 전사 의사결정·대외 협력·리스크 관리를 주도 | F13: 전사 KPI 달성, 손익 책임 | G13: 전사 의사결정, 예산 편성, 인력 승인 | H13: 5년 이상
A14: 프로젝트영업_G5-M | B14: 프로젝트영업 | C14: G5-M | D14: 직무 관리(부서장) | E14: 부서 전략 및 목표를 수립하고, 자원 배분·예산 관리·성과 관리를 통해 조직 성과 달성을 책임지고, 부서 내 의사결정을 주도 | F14: 부서 KPI 달성 책임 | G14: 부서 의사결정, 예산 배분, 채용/승진 제안 | H14: 4년 이상
A15: 프로젝트영업_G5-S | B15: 프로젝트영업 | C15: G5-S | D15: 실무 스페셜리스트 | E15: 직무 최고 수준의 전문성과 현장 경험을 기반으로, 복잡하고 고난이도의 프로젝트를 성공적으로 수행하며 내부 기술 자산화·전파를 주도 | F15: 핵심 기술/과제 성과 책임 | G15: 전문 영역 의사결정 | H15: 4년 이상
A16: 프로젝트영업_G4 | B16: 프로젝트영업 | C16: G4 | D16: 실무 책임(PM) | E16: 단위 프로젝트의 전략 수립·추진을 주도하며, 예산·일정·품질 등 목표 달성을 책임지고 성과를 보고 | F16: 프로젝트 성과 책임 | G16: 프로젝트 의사결정, 예산 집행 | H16: 3년 이상
... A54: 연구개발(R&D)_G1 | B54: 연구개발(R&D) | C54: G1 | D54: 실무 보조 | E54: 실무에 대한 이해와 과업 수행에 필요한 기술·지식을 습득하며, 프로젝트 진행 과정에서 기본적인 과업을 보조 | F54: 학습/보조 수행도 | G54: 제한적 권한 | H54: 1년 이상

Sheet 14_직무책무DB
A1: 직무별 책무·과업 상세 DB (직무 프로파일)
A2: 각 직무의 전체 책무 카탈로그. 15_직원별책무매핑에서 개인별로 메인 책무를 선택해 평가.
A5: No. | B5: 직무 | C5: 전문영역 | D5: 핵심 책무 | E5: 핵심 과업 (평가기준) | F5: 필요 스킬 | G5: 조회키(직무_책무)
A6: 1 | B6: 경영전략기획 | C6: 경영기획 | D6: 중장기 경영전략 수립 | E6: 내외부 경영환경 분석·중장기 전략방향 설정, PEST·SWOT 분석 | F6: 전략적 사고력, 데이터 분석력, 기획력 | G6: 경영전략기획_중장기 경영전략 수립
A7: 2 | B7: 경영전략기획 | C7: 경영기획 | D7: 조직 목표 및 KPI 관리 | E7: 연간 사업계획·KPI 체계 수립, 성과지표 정의서 작성·관리 | F7: 성과관리, 문제해결, 데이터 시각화 | G7: 경영전략기획_조직 목표 및 KPI 관리
A8: 3 | B8: 경영전략기획 | C8: 경영기획 | D8: 경영계획 및 예산수립 | E8: 연간사업계획·예산 조정관리, 예산편성·전사 예산안 | F8: 재무·회계 지식, 엑셀 활용 | G8: 경영전략기획_경영계획 및 예산수립
A9: 4 | B9: 경영전략기획 | C9: 경영기획 | D9: 경영평가 및 모니터링 | E9: 경영실적 점검·성과지표 운영, 부서별 실적측정·편차분석 | F9: 분석력, 통계해석, 리포팅 | G9: 경영전략기획_경영평가 및 모니터링
A10: 5 | B10: 경영전략기획 | C10: 경영기획 | D10: 신규 사업 기획 및 타당성 검토 | E10: 신사업 발굴·시장조사, 사업성·타당성 검토 | F10: 시장조사, 재무분석, PM | G10: 경영전략기획_신규 사업 기획 및 타당성 검토
A11: 6 | B11: 경영전략기획 | C11: 경영기획 | D11: 리스크 성과분석 | E11: 경영리스크 파악·대응계획 수립, KRI 관리 | F11: 리스크관리, 협상력, 문서작성 | G11: 경영전략기획_리스크 성과분석
A12: 7 | B12: 경영전략기획 | C12: 인사총무 | D12: 인사관리 및 인력운영 | E12: 입·퇴사 인사프로세스, 근태·휴가·인사기록 | F12: HRM 시스템, 문서작성, 개인정보 관리 | G12: 경영전략기획_인사관리 및 인력운영
A13: 8 | B13: 경영전략기획 | C13: 인사총무 | D13: 급여 및 복리후생 | E13: 급여·상여·성과급 정산, 4대보험·연말정산, 복리후생 운영 | F13: 급여정산, 세무·보험 이해 | G13: 경영전략기획_급여 및 복리후생
A14: 9 | B14: 경영전략기획 | C14: 인사총무 | D14: 총무 및 자산관리 | E14: 사무실 운영·비품·시설·차량, 보안·출입통제 | F14: 행정처리, 회계 이해, 문서관리 | G14: 경영전략기획_총무 및 자산관리
A15: 10 | B15: 경영전략기획 | C15: 인사총무 | D15: 노무 및 법규 | E15: 근로계약서·취업규칙·인사제도, 노동법 준수 모니터링 | F15: 근로기준법, 노무 실무 | G15: 경영전략기획_노무 및 법규
A16: 11 | B16: 경영전략기획 | C16: 인사총무 | D16: 조직문화 및 사내행사 | E16: 사내 행사 기획·진행, 내부 커뮤니케이션, 온보딩 | F16: 행사기획·운영, 대인 커뮤니케이션 | G16: 경영전략기획_조직문화 및 사내행사
A17: 12 | B17: 경영전략기획 | C17: 재무회계 | D17: 재무 전략 및 자금 관리 | E17: 자금 조달·운영, 재무 리스크 관리, 투자 검토 | F17: 재무지식, 분석력 | G17: 경영전략기획_재무 전략 및 자금 관리
... A68: 63 | B68: 연구개발(R&D) | C68: 품질관리 | D68: 코드 리뷰·품질 표준 | E68: 코드 리뷰·정적 분석·품질 표준 | F68: 코드 품질 | G68: 연구개발(R&D)_코드 리뷰·품질 표준

Sheet 15_직원별책무매핑
A1: ★ 직원별 메인 책무 매핑
A2: 각 직무 책무 헤더(파란 셀)는 고정. 직원 행의 책무 칸에 O(메인 책무) 또는 X(아님)만 입력. 메인 책무 수는 자동 카운트.
A3: ▶ 사용법: 직원별로 자신의 직무 섹션을 찾아 → 메인 책무 셀에 O, 비메인 셀에 X 입력 → E열(메인 책무 수)이 자동 갱신
A5: ■ 직무: 경영전략기획 (책무 19개) | 해당 직원 5명
A6: No. | B6: 사번 | C6: 성명 | D6: 부서 | E6: 메인 책무 수 | F6: 경영기획 | L6: 인사총무 | Q6: 재무회계 | V6: 마케팅
F7: 중장기 경영전략 수립 | G7: 조직 목표 및 KPI 관리 | H7: 경영계획 및 예산수립 | I7: 경영평가 및 모니터링 | J7: 신규 사업 기획 및 타당성 검토 | K7: 리스크 성과분석 | L7: 인사관리 및 인력운영 | M7: 급여 및 복리후생 | N7: 총무 및 자산관리 | O7: 노무 및 법규 | P7: 조직문화 및 사내행사 | Q7: 재무 전략 및 자금 관리 | R7: 회계 관리 및 결산 | S7: 결산 및 세무 | T7: 프로젝트 손익 및 원가관리 | U7: 자금 및 경영지원 | V7: 마케팅 전략 수립 | W7: 브랜드 마케팅 | X7: 컨텐츠 마케팅
A8: 1 | B8: BSS-004 | C8: 이일곤 (G6) | D8: 경영전략실 | E8: =COUNTIF(F8:X8,"O") -> 0 | F8: X | G8: X | H8: X | I8: X | J8: X | K8: X | L8: X | M8: X | N8: X | O8: X | P8: X | Q8: X | R8: X | S8: X | T8: X | U8: X | V8: X | W8: X | X8: X
A9: 2 | B9: BSS-005 | C9: 송헌영 (G6) | D9: 경영전략실 | E9: =COUNTIF(F9:X9,"O") -> 0 | F9: X | G9: X | H9: X | I9: X | J9: X | K9: X | L9: X | M9: X | N9: X | O9: X | P9: X | Q9: X | R9: X | S9: X | T9: X | U9: X | V9: X | W9: X | X9: X
A10: 3 | B10: BSS-006 | C10: 이재용 (G6) | D10: 경영전략실 | E10: =COUNTIF(F10:X10,"O") -> 0 | F10: X | G10: X | H10: X | I10: X | J10: X | K10: X | L10: X | M10: X | N10: X | O10: X | P10: X | Q10: X | R10: X | S10: X | T10: X | U10: X | V10: X | W10: X | X10: X
A11: 4 | B11: BSS-012 | C11: 하은주 (G5-M) | D11: 마케팅팀 | E11: =COUNTIF(F11:X11,"O") -> 0 | F11: X | G11: X | H11: X | I11: X | J11: X | K11: X | L11: X | M11: X | N11: X | O11: X | P11: X | Q11: X | R11: X | S11: X | T11: X | U11: X | V11: X | W11: X | X11: X
A12: 5 | B12: BSS-026 | C12: 박진희 (G1) | D12: 마케팅팀 | E12: =COUNTIF(F12:X12,"O") -> 0 | F12: X | G12: X | H12: X | I12: X | J12: X | K12: X | L12: X | M12: X | N12: X | O12: X | P12: X | Q12: X | R12: X | S12: X | T12: X | U12: X | V12: X | W12: X | X12: X
A15: ■ 직무: 프로젝트영업 (책무 7개) | 해당 직원 1명
A16: No. | B16: 사번 | C16: 성명 | D16: 부서 | E16: 메인 책무 수 | F16: 영업기획 | I16: 고객관리 | K16: 프로젝트 영업
F17: 시장조사 및 고객 발굴 | G17: 제안 및 입찰 준비 | H17: 계약 협상 | I17: 기존 고객 관리 | J17: 신규 고객 개발 | K17: 프로젝트 발굴 및 수주 | L17: 계약 후 사후관리
A18: 1 | B18: BSS-001 | C18: 이화형 (G6) | D18: 스마트사업부 | E18: =COUNTIF(F18:L18,"O") -> 0 | F18: X | G18: X | H18: X | I18: X | J18: X | K18: X | L18: X
A21: ■ 직무: SW판매영업 (책무 4개) | 해당 직원 0명
A22: No. | B22: 사번 | C22: 성명 | D22: 부서 | E22: 메인 책무 수 | F22: SW 영업 | H22: 파트너십 | I22: 고객지원
F23: SW 패키지 영업 | G23: 라이선스 관리·갱신 | H23: 파트너사 관리 | I23: 고객 기술 지원
A26: ■ 직무: BIM컨설팅 (책무 15개) | 해당 직원 21명
A27: No. | B27: 사번 | C27: 성명 | D27: 부서 | E27: 메인 책무 수 | F27: 계획모델링 | I27: 드론응용모델링 | K27: 구조모델링 | L27: 상하수도모델링 | M27: 컨설팅 | P27: 프로젝트관리 | S27: 기술개발
F28: BIM 기반 설계 계획수립 | G28: 설계 모델링 수행 | H28: 품질 검토 및 협업 | I28: 드론 측량 및 데이터 수집 | J28: 3D 메쉬·포인트클라우드 생성 | K28: 구조 BIM 모델링 | L28: 상하수도 BIM 모델링 | M28: 클라이언트 요구분석 | N28: BIM 도입 컨설팅 | O28: 보고서 작성 및 발표 | P28: 일정 및 자원 관리 | Q28: 품질 관리 | R28: 리스크 관리 | S28: BIM 라이브러리 구축 | T28: 내부 가이드라인 작성
A29: 1 | B29: BSS-003 | C29: 김현민 (G6) | D29: 컨설팅본부 | E29: =COUNTIF(F29:T29,"O") -> 0 | F29: X | G29: X | H29: X | I29: X | J29: X | K29: X | L29: X | M29: X | N29: X | O29: X | P29: X | Q29: X | R29: X | S29: X | T29: X
A30: 2 | B30: BSS-009 | C30: 박남식 (G5-M) | D30: 컨설팅본부 | E30: =COUNTIF(F30:T30,"O") -> 0 | F30: X | G30: X | H30: X | I30: X | J30: X | K30: X | L30: X | M30: X | N30: X | O30: X | P30: X | Q30: X | R30: X | S30: X | T30: X
A31: 3 | B31: BSS-010 | C31: 신재민 (G5-S) | D31: 컨설팅본부 | E31: =COUNTIF(F31:T31,"O") -> 0 | F31: X | G31: X | H31: X | I31: X | J31: X | K31: X | L31: X | M31: X | N31: X | O31: X | P31: X | Q31: X | R31: X | S31: X | T31: X
A32: 4 | B32: BSS-011 | C32: 마장엽 (G5-S) | D32: 컨설팅본부 | E32: =COUNTIF(F32:T32,"O") -> 0 | F32: X | G32: X | H32: X | I32: X | J32: X | K32: X | L32: X | M32: X | N32: X | O32: X | P32: X | Q32: X | R32: X | S32: X | T32: X
A33: 5 | B33: BSS-013 | C33: 홍사훈 (G5-S) | D33: 컨설팅본부 | E33: =COUNTIF(F33:T33,"O") -> 0 | F33: X | G33: X | H33: X | I33: X | J33: X | K33: X | L33: X | M33: X | N33: X | O33: X | P33: X | Q33: X | R33: X | S33: X | T33: X
A34: 6 | B34: BSS-014 | C34: 유자영 (G5-S) | D34: 컨설팅본부 | E34: =COUNTIF(F34:T34,"O") -> 0 | F34: X | G34: X | H34: X | I34: X | J34: X | K34: X | L34: X | M34: X | N34: X | O34: X | P34: X | Q34: X | R34: X | S34: X | T34: X
A35: 7 | B35: BSS-015 | C35: 민지선 (G5-S) | D35: 컨설팅본부 | E35: =COUNTIF(F35:T35,"O") -> 0 | F35: X | G35: X | H35: X | I35: X | J35: X | K35: X | L35: X | M35: X | N35: X | O35: X | P35: X | Q35: X | R35: X | S35: X | T35: X
A36: 8 | B36: BSS-016 | C36: 장훈 (G5-S) | D36: 컨설팅본부 | E36: =COUNTIF(F36:T36,"O") -> 0 | F36: X | G36: X | H36: X | I36: X | J36: X | K36: X | L36: X | M36: X | N36: X | O36: X | P36: X | Q36: X | R36: X | S36: X | T36: X
A37: 9 | B37: BSS-018 | C37: 조성준 (G4) | D37: 컨설팅본부 | E37: =COUNTIF(F37:T37,"O") -> 0 | F37: X | G37: X | H37: X | I37: X | J37: X | K37: X | L37: X | M37: X | N37: X | O37: X | P37: X | Q37: X | R37: X | S37: X | T37: X
A38: 10 | B38: BSS-019 | C38: 구서현 (G3) | D38: 컨설팅본부 | E38: =COUNTIF(F38:T38,"O") -> 0 | F38: X | G38: X | H38: X | I38: X | J38: X | K38: X | L38: X | M38: X | N38: X | O38: X | P38: X | Q38: X | R38: X | S38: X | T38: X
A39: 11 | B39: BSS-021 | C39: 김가연 (G2) | D39: 컨설팅본부 | E39: =COUNTIF(F39:T39,"O") -> 0 | F39: X | G39: X | H39: X | I39: X | J39: X | K39: X | L39: X | M39: X | N39: X | O39: X | P39: X | Q39: X | R39: X | S39: X | T39: X
A40: 12 | B40: BSS-022 | C40: 한근수 (G2) | D40: 컨설팅본부 | E40: =COUNTIF(F40:T40,"O") -> 0 | F40: X | G40: X | H40: X | I40: X | J40: X | K40: X | L40: X | M40: X | N40: X | O40: X | P40: X | Q40: X | R40: X | S40: X | T40: X
... A49: 21 | B49: BSS-034 | C49: 엄보근 (G1) | D49: 컨설팅본부 | E49: =COUNTIF(F49:T49,"O") -> 0 | F49: X | G49: X | H49: X | I49: X | J49: X | K49: X | L49: X | M49: X | N49: X | O49: X | P49: X | Q49: X | R49: X | S49: X | T49: X
A52: ■ 직무: 교육 (책무 6개) | 해당 직원 3명
A53: No. | B53: 사번 | C53: 성명 | D53: 부서 | E53: 메인 책무 수 | F53: 교육 기획 | H53: 교육 운영 | K53: 수료/인증
F54: 교육과정 기획 | G54: 교재 개발 | H54: 교육 진행 및 강의 | I54: 실습 지원 | J54: 평가 및 피드백 | K54: 수료 관리·인증 발급
A55: 1 | B55: BSS-007 | C55: 이진행 (G5-M) | D55: 솔루션본부 | E55: =COUNTIF(F55:K55,"O") -> 0 | F55: X | G55: X | H55: X | I55: X | J55: X | K55: X
A56: 2 | B56: BSS-017 | C56: 김우람 (G4) | D56: 솔루션본부 | E56: =COUNTIF(F56:K56,"O") -> 0 | F56: X | G56: X | H56: X | I56: X | J56: X | K56: X
A57: 3 | B57: BSS-027 | C57: 장은한 (G2) | D57: 솔루션본부 | E57: =COUNTIF(F57:K57,"O") -> 0 | F57: X | G57: X | H57: X | I57: X | J57: X | K57: X
A60: ■ 직무: 기술지원 (책무 5개) | 해당 직원 2명
A61: No. | B61: 사번 | C61: 성명 | D61: 부서 | E61: 메인 책무 수 | F61: 기술지원 | I61: 품질개선
F62: 고객 문의 대응 | G62: 원격·현장 지원 | H62: 기술 문서 작성 | I62: 버그 리포트 및 피드백 | J62: 품질 모니터링
A63: 1 | B63: BSS-008 | C63: 김민수 (G5-M) | D63: 솔루션본부 | E63: =COUNTIF(F63:J63,"O") -> 0 | F63: X | G63: X | H63: X | I63: X | J63: X
A64: 2 | B64: BSS-020 | C64: 박진용 (G3) | D64: 솔루션본부 | E64: =COUNTIF(F64:J64,"O") -> 0 | F64: X | G64: X | H64: X | I64: X | J64: X
A67: ■ 직무: 연구개발(R&D) (책무 7개) | 해당 직원 2명
A68: No. | B68: 사번 | C68: 성명 | D68: 부서 | E68: 메인 책무 수 | F68: 건설SW개발 | I68: 국책연구과제 | L68: 품질관리
F69: 요구사항 분석·설계 | G69: 코딩 및 단위 테스트 | H69: 통합 및 배포 | I69: 과제 기획·제안 | J69: 연구 수행 및 보고 | K69: 특허·논문 | L69: 코드 리뷰·품질 표준
A70: 1 | B70: BSS-002 | C70: 강전용 (G6) | D70: R&D본부 | E70: =COUNTIF(F70:L70,"O") -> 0 | F70: X | G70: X | H70: X | I70: X | J70: X | K70: X | L70: X
A71: 2 | B71: BSS-025 | C71: 김성수 (G2) | D71: 컨설팅본부 | E71: =COUNTIF(F71:L71,"O") -> 0 | F71: X | G71: X | H71: X | I71: X | J71: X | K71: X | L71: X
