Workbook

Sheet 00_운영가이드
A1: 베이시스소프트 HR 통합관리 시스템 - 운영 가이드
A2: 1년 2회 평가(상·하반기) → 등급 결정 → 임금 조정 → 페이밴드 검증의 End-to-End 운영 도구
A4: ■ 우리가 하려는 일 (핵심 의사결정 4단계)
A5: 단계 | B5: 핵심 작업 | C5: 의사결정 | D5: 주요 내용
A6: STEP 1 | B6: 평가 실시 | C6: 연 2회(상반기·하반기) 개인별 3축 평가 | D6: 역할평가 + 공통역량평가 + 직무역량평가
A7: STEP 2 | B7: 등급 결정 | C7: 회사 전체 KPI + 개인 평가 결과 종합 | D7: 3축 가중통합 → 최종 등급(S/A/B/C/D) 산출
A8: STEP 3 | B8: 임금 조정 | C8: 평가 등급에 따라 차년도 기본연봉 인상 | D8: S 6% / A 5% / B 4% / C 3% / D 2% (+ 승진 가산)
A9: STEP 4 | B9: 페이밴드 관리 | C9: 전체 임직원 임금이 역할등급별 범위 내 유지 | D9: Min/Mid/Max 검증 → 이탈자 조정 권고
A12: ■ 우리가 가진 도구 (산출물)
A13: 도구 | B13: 파일/시트 | E13: 용도·운영 주체
A14: 통합 관리 시트 | B14: 본 파일 (HR 통합관리시스템 v5.xlsx) | E14: HR 담당자가 모든 평가 결과를 모아 종합 등급·인상률·페이밴드를 산출. 본 파일.
A15: 직무별 평가지 | B15: 평가지_2026_v2/평가지_{부서}_2026_v2.xlsx (부서별 6종) | E15: 부서장(1·2차 평가자)이 작성. HR이 배포·회수 후 [복사용 행]을 통합시트에 옮김.
A17: ■ HR 담당자 운영 흐름 (한 평가 사이클)
A18: 단계 | B18: 내용
A19: ① 준비 | B19: 01_인적정보 확인 + 15_직원별책무매핑에서 직원별 메인 책무 O/X 선택
A20: ② 배포 | B20: 평가지_{부서}_2026_v2.xlsx 6개 파일을 각 부서장에게 배포 (이메일/공유폴더)
A21: ③ 평가 | B21: 부서장(1·2차 평가자)이 각자 등급(S/A/B/C/D) 입력 → 시트가 가중평균·등급 자동 산출
A22: ④ 회수 | B22: 평가지 회수 (보통 평가 마감 후 1주일 내)
A23: ⑤ 입력 | B23: 각 평가지 직원 시트 하단 [복사용 입력 행] A~U 21개 셀 통째 복사 → 본 파일 07a/07b의 해당 사번 행 G~AA에 [값 붙여넣기]
A24: ⑥ 점검 | B24: 00_운영현황판에서 누락·이상 알림 확인 → 보완
A25: ⑦ 결과 확인 | B25: 08_종합평가 (최종등급) / 09_보상연계 (인상률·신규연봉) / 10_성과급관리 / 11_페이밴드검증 / 12_시뮬레이션
A27: ■ 본 파일 시트 역할 (18개)
A28: 시트 | B28: 역할 | G28: 유형
A29: 00_운영가이드 | B29: 본 시트 - 운영 흐름·시트 안내 | G29: 안내
A30: 00_운영현황판 | B30: 평가 진행률·이상 알림·등급 분포 한눈에 | G30: 대시보드
A31: 01_인적정보 | B31: 직원 마스터(34명). 사번·역할등급 입력 | G31: HR 입력
A32: 02_의사결정·종합결과 | B32: 가중치·인상률·페이밴드·평가자 비중 설정 | G32: HR 입력
A33: 03_전사업적평가 | B33: 전사 KPI 실적 입력 → 성과급 재원 가산 | G33: HR 입력
A34: 04_역할평가 | B34: 자동 산출 (07a/07b 입력값 기반) | G34: 자동
A35: 05_공통역량평가 | B35: 자동 산출 (11개 역량 가중합산) | G35: 자동
A36: 06_직무역량평가 | B36: 자동 산출 (개인별 메인 책무 평균) | G36: 자동
A37: 07a_상반기입력 | B37: 부서별 평가지의 [복사용 행]을 여기 G~AA에 붙여넣기 | G37: HR 입력 (핵심)
A38: 07b_하반기입력 | B38: 하반기 동일 구조 | G38: HR 입력 (핵심)
A39: 08_종합평가 | B39: 3축 가중통합 → 최종 등급 | G39: 자동
... A46: 15_직원별책무매핑 | B46: 직원별 메인 책무 O/X 선택 | G46: HR 입력
A48: ■ 색상 범례
B49: 노란셀 | C49: HR이 직접 입력 | F49: 연두셀 | G49: 자동 계산 - 수정 금지
B50: 회색셀 | C50: 참고 라벨 | F50: 주황셀 | G50: 안내·중요 표시
B51: S/A 등급 | C51: 탁월·우수 | F51: D 등급/이탈 | G51: 즉시 조치
A81: 본 시스템은 베이시스소프트의 임금·평가 운영을 위해 설계되었습니다. 사용 중 의문 사항은 컨설팅 담당자 또는 시앤피컨설팅 이석주 컨설턴트에게 문의해 주세요.

Sheet 00_운영현황판
A1: ★ HR 운영 현황판 (모든 평가 진행 상황 한눈에)
A2: 이 시트가 평가 사이클의 컨트롤 타워. 여기서 진행률·이상신호 확인 후 각 시트로 진입.
A3: ✻ 이 시트는 평가 사이클이 진행되는 동안 매일 가장 먼저 확인하는 페이지입니다. 진행률·이상 알림으로 현재 상태를 즉시 파악하세요.
A4: ■ 평가 진행 현황
A5: 지표 | B5: 상반기 진행 | C5: 하반기 진행 | D5: 상태
A6: 총 직원수 | B6: =COUNTA('01_인적정보'!C6:C65) | C6: =B6 | D6: =IF(B$6=0,"",IF(B6>=B$6,"✓ 완료",IF(B6>0,"진행중","미시작")))
A7: 역할평가 입력완료 | B7: =COUNTA('07a_상반기입력'!L6:L39) | C7: =COUNTA('07b_하반기입력'!L6:L39) | D7: =IF(B$6=0,"",IF(B7>=B$6,"✓ 완료",IF(B7>0,"진행중","미시작")))
A8: 공통역량 입력완료 | B8: =COUNTA('07a_상반기입력'!N6:N39) | C8: =COUNTA('07b_하반기입력'!N6:N39) | D8: =IF(B$6=0,"",IF(B8>=B$6,"✓ 완료",IF(B8>0,"진행중","미시작")))
A9: 직무역량 입력완료 | B9: =COUNTA('07a_상반기입력'!Y6:Y39) | C9: =COUNTA('07b_하반기입력'!Y6:Y39) | D9: =IF(B$6=0,"",IF(B9>=B$6,"✓ 완료",IF(B9>0,"진행중","미시작")))
A10: 종합평가 산출완료 | B10: =COUNTA('08_종합평가'!U6:U39) | C10: =B10 | D10: =IF(B$6=0,"",IF(B10>=B$6,"✓ 완료",IF(B10>0,"진행중","미시작")))
A12: ■ 이상 알림 (자동 점검)
A13: 가중치 합계 검증 (G6~G1) | B13: =IF(SUMPRODUCT(('02_의사결정·종합결과'!E16:E22<>1)*1)>0,"✗ 가중치 합계 ≠ 100% 행 존재","✓ 모든 가중치 OK")
A14: 상반기 등급 누락자 수 | B14: =COUNTA('01_인적정보'!B6:B39) - COUNTA('07a_상반기입력'!L6:L39)
A15: 하반기 등급 누락자 수 | B15: =COUNTA('01_인적정보'!B6:B39) - COUNTA('07b_하반기입력'!L6:L39)
A16: 페이밴드 이탈자 수 | B16: =SUMPRODUCT(('09_보상연계'!O6:O39<'09_보상연계'!L6:L39)+('09_보상연계'!O6:O39>'09_보상연계'!M6:M39))
A17: 페이밴드 검증 시트의 이탈자 (참조) | B17: =SUM('11_페이밴드검증'!H6:H12)
A19: ■ 평가 등급 분포 (전사 종합)
A20: 등급 | B20: S | C20: A | D20: B | E20: C | F20: D
A21: 인원수 | B21: =COUNTIF('08_종합평가'!U6:U39,"S") | C21: =COUNTIF('08_종합평가'!U6:U39,"A") | D21: =COUNTIF('08_종합평가'!U6:U39,"B") | E21: =COUNTIF('08_종합평가'!U6:U39,"C") | F21: =COUNTIF('08_종합평가'!U6:U39,"D")
A24: ■ 오늘 해야 할 일
A25: 1) 01_인적정보에서 직원 명단·역할등급(G5-M/G5-S 포함) 확인
A26: 2) 15_직원별책무매핑에서 직원별 메인 책무 선택 (신규 - 평가 시작 전 필수)
A27: 3) 부서별 평가지 6종 배포 (평가자에게 이메일/공유폴더 전달)
A28: 4) 평가지 회수 후 07a/07b 상·하반기 입력 시트에 등급 입력
A29: 5) 본 시트에서 진행률·이상알림 확인
A30: 6) 모두 완료 시 08~12 산출 시트에서 결과 확인

Sheet 01_인적정보
A1: 임직원 명부 마스터 (Master)
A2: 사번을 키로 모든 시트를 연결. 노란셀만 직접 수정. ★ G5는 M(부서장)/S(스페셜리스트)로 분리되어 있습니다.
A5: No. | B5: 사번 | C5: 성명 | D5: 직군 | E5: 직무 | F5: 부서 | G5: 기존직급 | H5: 역할등급 | I5: 입사일 | J5: 근속연수 | K5: 기존연봉 | L5: 주요 책무 수 | M5: 조회키(직무_등급) | N5: 비고
A6: 1 | B6: BSS-001 | C6: 이화형 | D6: 영업 | E6: 프로젝트영업 | F6: 스마트사업부 | G6: 전무 | H6: G6 | I6: 2014-01-08 | J6: =IFERROR(ROUND((TODAY()-DATEVALUE(I6))/365,1),"") | K6: 72500000 | L6: =IFERROR(INDEX('15_직원별책무매핑'!$E:$E,MATCH(B6,'15_직원별책무매핑'!$B:$B,0)),0) | M6: =E6&"_"&H6
A7: 2 | B7: BSS-002 | C7: 강전용 | D7: 연구&개발 | E7: 연구개발(R&D) | F7: R&D본부 | G7: 상무 | H7: G6 | I7: 2014-02-15 | J7: =IFERROR(ROUND((TODAY()-DATEVALUE(I7))/365,1),"") | K7: 68870000 | L7: =IFERROR(INDEX('15_직원별책무매핑'!$E:$E,MATCH(B7,'15_직원별책무매핑'!$B:$B,0)),0) | M7: =E7&"_"&H7
A8: 3 | B8: BSS-003 | C8: 김현민 | D8: 설계 | E8: BIM컨설팅 | F8: 컨설팅본부 | G8: 상무 | H8: G6 | I8: 2014-03-22 | J8: =IFERROR(ROUND((TODAY()-DATEVALUE(I8))/365,1),"") | K8: 67500000 | L8: =IFERROR(INDEX('15_직원별책무매핑'!$E:$E,MATCH(B8,'15_직원별책무매핑'!$B:$B,0)),0) | M8: =E8&"_"&H8
A9: 4 | B9: BSS-004 | C9: 이일곤 | D9: 경영관리 | E9: 경영전략기획 | F9: 경영전략실 | G9: 이사 | H9: G6 | I9: 2014-04-01 | J9: =IFERROR(ROUND((TODAY()-DATEVALUE(I9))/365,1),"") | K9: 64530000 | L9: =IFERROR(INDEX('15_직원별책무매핑'!$E:$E,MATCH(B9,'15_직원별책무매핑'!$B:$B,0)),0) | M9: =E9&"_"&H9
A10: 5 | B10: BSS-005 | C10: 송헌영 | D10: 경영관리 | E10: 경영전략기획 | F10: 경영전략실 | G10: 이사 | H10: G6 | I10: 2015-05-08 | J10: =IFERROR(ROUND((TODAY()-DATEVALUE(I10))/365,1),"") | K10: 65180000 | L10: =IFERROR(INDEX('15_직원별책무매핑'!$E:$E,MATCH(B10,'15_직원별책무매핑'!$B:$B,0)),0) | M10: =E10&"_"&H10
A11: 6 | B11: BSS-006 | C11: 이재용 | D11: 경영관리 | E11: 경영전략기획 | F11: 경영전략실 | G11: 이사 | H11: G6 | I11: 2015-06-15 | J11: =IFERROR(ROUND((TODAY()-DATEVALUE(I11))/365,1),"") | K11: 62000000 | L11: =IFERROR(INDEX('15_직원별책무매핑'!$E:$E,MATCH(B11,'15_직원별책무매핑'!$B:$B,0)),0) | M11: =E11&"_"&H11
A12: 7 | B12: BSS-007 | C12: 이진행 | D12: 교육 및 기술지원 | E12: 교육 | F12: 솔루션본부 | G12: 부장 | H12: G5-M | I12: 2015-07-22 | J12: =IFERROR(ROUND((TODAY()-DATEVALUE(I12))/365,1),"") | K12: 59700000 | L12: =IFERROR(INDEX('15_직원별책무매핑'!$E:$E,MATCH(B12,'15_직원별책무매핑'!$B:$B,0)),0) | M12: =E12&"_"&H12
A13: 8 | B13: BSS-008 | C13: 김민수 | D13: 교육 및 기술지원 | E13: 기술지원 | F13: 솔루션본부 | G13: 부장 | H13: G5-M | I13: 2015-08-01 | J13: =IFERROR(ROUND((TODAY()-DATEVALUE(I13))/365,1),"") | K13: 59050000 | L13: =IFERROR(INDEX('15_직원별책무매핑'!$E:$E,MATCH(B13,'15_직원별책무매핑'!$B:$B,0)),0) | M13: =E13&"_"&H13
A14: 9 | B14: BSS-009 | C14: 박남식 | D14: 설계 | E14: BIM컨설팅 | F14: 컨설팅본부 | G14: 부장 | H14: G5-M | I14: 2016-09-08 | J14: =IFERROR(ROUND((TODAY()-DATEVALUE(I14))/365,1),"") | K14: 59050000 | L14: =IFERROR(INDEX('15_직원별책무매핑'!$E:$E,MATCH(B14,'15_직원별책무매핑'!$B:$B,0)),0) | M14: =E14&"_"&H14
A15: 10 | B15: BSS-010 | C15: 신재민 | D15: 설계 | E15: BIM컨설팅 | F15: 컨설팅본부 | G15: 부장 | H15: G5-S | I15: 2016-10-15 | J15: =IFERROR(ROUND((TODAY()-DATEVALUE(I15))/365,1),"") | K15: 59050000 | L15: =IFERROR(INDEX('15_직원별책무매핑'!$E:$E,MATCH(B15,'15_직원별책무매핑'!$B:$B,0)),0) | M15: =E15&"_"&H15
A16: 11 | B16: BSS-011 | C16: 마장엽 | D16: 설계 | E16: BIM컨설팅 | F16: 컨설팅본부 | G16: 부장 | H16: G5-S | I16: 2016-11-22 | J16: =IFERROR(ROUND((TODAY()-DATEVALUE(I16))/365,1),"") | K16: 57760000 | L16: =IFERROR(INDEX('15_직원별책무매핑'!$E:$E,MATCH(B16,'15_직원별책무매핑'!$B:$B,0)),0) | M16: =E16&"_"&H16
A17: 12 | B17: BSS-012 | C17: 하은주 | D17: 경영관리 | E17: 경영전략기획 | F17: 마케팅팀 | G17: 부장 | H17: G5-M | I17: 2016-12-01 | J17: =IFERROR(ROUND((TODAY()-DATEVALUE(I17))/365,1),"") | K17: 57760000 | L17: =IFERROR(INDEX('15_직원별책무매핑'!$E:$E,MATCH(B17,'15_직원별책무매핑'!$B:$B,0)),0) | M17: =E17&"_"&H17
... A39: 34 | B39: BSS-034 | C39: 엄보근 | D39: 설계 | E39: BIM컨설팅 | F39: 컨설팅본부 | G39: 사원 | H39: G1 | I39: 2022-10-15 | J39: =IFERROR(ROUND((TODAY()-DATEVALUE(I39))/365,1),"") | K39: 32000000 | L39: =IFERROR(INDEX('15_직원별책무매핑'!$E:$E,MATCH(B39,'15_직원별책무매핑'!$B:$B,0)),0) | M39: =E39&"_"&H39
A42: ■ 자동 통계 (역할등급별/직군별/부서별)
A43: 역할등급 | B43: 인원 | L43: =IFERROR(INDEX('15_직원별책무매핑'!$E:$E,MATCH(B43,'15_직원별책무매핑'!$B:$B,0)),0)
A44: G6 | B44: =COUNTIF(H6:H85,"G6") | L44: =IFERROR(INDEX('15_직원별책무매핑'!$E:$E,MATCH(B44,'15_직원별책무매핑'!$B:$B,0)),0)
A45: G5-M | B45: =COUNTIF(H6:H85,"G5-M") | L45: =IFERROR(INDEX('15_직원별책무매핑'!$E:$E,MATCH(B45,'15_직원별책무매핑'!$B:$B,0)),0)
A46: G5-S | B46: =COUNTIF(H6:H85,"G5-S") | L46: =IFERROR(INDEX('15_직원별책무매핑'!$E:$E,MATCH(B46,'15_직원별책무매핑'!$B:$B,0)),0)
A47: G4 | B47: =COUNTIF(H6:H85,"G4") | L47: =IFERROR(INDEX('15_직원별책무매핑'!$E:$E,MATCH(B47,'15_직원별책무매핑'!$B:$B,0)),0)
A48: G3 | B48: =COUNTIF(H6:H85,"G3") | L48: =IFERROR(INDEX('15_직원별책무매핑'!$E:$E,MATCH(B48,'15_직원별책무매핑'!$B:$B,0)),0)
A49: G2 | B49: =COUNTIF(H6:H85,"G2") | L49: =IFERROR(INDEX('15_직원별책무매핑'!$E:$E,MATCH(B49,'15_직원별책무매핑'!$B:$B,0)),0)
A50: G1 | B50: =COUNTIF(H6:H85,"G1")

Sheet 02_의사결정·종합결과
A1: HR 의사결정 컨피그 (가중치·인상률·페이밴드)
A2: 이 시트에서 가중치·인상률·페이밴드를 정의. 모든 산출 시트가 자동 참조합니다.
A4: ■ ① 평가 방식·반기 가중치
A5: 평가 척도 | B5: 5점 | C5: 5점 또는 100점 (전 시트 일괄 적용)
A6: 평가 방식 | B6: 절대평가 | C6: 절대평가: 점수→등급 환산 / 상대평가: 분포 강제
A7: 상반기 가중치 | B7: 0.5 | C7: 평가차수별 가중치
A8: 하반기 가중치 | B8: =1-B7 | C8: 자동 계산
A10: 강제분포 비중 | B10: S | C10: A | D10: B | E10: C | F10: D
B11: 0.1 | C11: 0.15 | D11: 0.5 | E11: 0.15 | F11: 0.1
A14: ■ ② 직급별 3축 평가 가중치 (역할 + 공통역량 + 직무역량 = 100%) ★ G5-M/G5-S 분리
A15: 역할등급 | B15: 역할평가 W | C15: 공통역량 W | D15: 직무역량 W | E15: 합계 | F15: 검증 | G15: 설계 의도
A16: G6 | B16: 0.4 | C16: 0.25 | D16: 0.35 | E16: =B16+C16+D16 | F16: =IF(E16=1,"✓ OK","✗ ≠100%") | G16: 경영성과 책임·전사 의사결정 중심
A17: G5-M | B17: 0.35 | C17: 0.3 | D17: 0.35 | E17: =B17+C17+D17 | F17: =IF(E17=1,"✓ OK","✗ ≠100%") | G17: 조직 관리·부서장 성과 책임
A18: G5-S | B18: 0.3 | C18: 0.3 | D18: 0.4 | E18: =B18+C18+D18 | F18: =IF(E18=1,"✓ OK","✗ ≠100%") | G18: 실무 스페셜리스트·전문성 강조
A19: G4 | B19: 0.3 | C19: 0.3 | D19: 0.4 | E19: =B19+C19+D19 | F19: =IF(E19=1,"✓ OK","✗ ≠100%") | G19: 실무 책임자, 직무역량 강조
A20: G3 | B20: 0.25 | C20: 0.3 | D20: 0.45 | E20: =B20+C20+D20 | F20: =IF(E20=1,"✓ OK","✗ ≠100%") | G20: 핵심 실무자, 직무 깊이 가중
A21: G2 | B21: 0.2 | C21: 0.35 | D21: 0.45 | E21: =B21+C21+D21 | F21: =IF(E21=1,"✓ OK","✗ ≠100%") | G21: 실무자, 역량 개발 집중
A22: G1 | B22: 0.15 | C22: 0.35 | D22: 0.5 | E22: =B22+C22+D22 | F22: =IF(E22=1,"✓ OK","✗ ≠100%") | G22: 신입·실무 보조, 기본기 학습
A24: ■ ③ 평가 등급별 인상률·성과급률
A25: 구분 | B25: S | C25: A | D25: B | E25: C | F25: D | G25: 비고
A26: 기본연봉 인상률 | B26: 0.06 | C26: 0.05 | D26: 0.04 | E26: 0.03 | F26: 0.02 | G26: 09_보상연계에 자동 반영
A27: 성과급 지급률 | B27: 0.2 | C27: 0.15 | D27: 0.1 | E27: 0.05 | F27: 0 | G27: 10_성과급관리에 자동 반영
A28: 승진 가산률 | B28: 0.01 | C28: 승진(역할등급 상승) 시 기본연봉 인상률에 가산 | G28: Y/N 선택 시 자동 적용
A30: ■ ④ 페이밴드 (역할등급별 기본연봉 범위)
A31: 역할등급 | B31: 최소(Min) | C31: 중위(Mid) | D31: 최대(Max) | E31: Range Spread
A32: G6 | B32: 58000000 | C32: 69000000 | D32: 80000000 | E32: =(D32-B32)/B32
A33: G5-M | B33: 53000000 | C33: 63000000 | D33: 73000000 | E33: =(D33-B33)/B33
A34: G5-S | B34: 53000000 | C34: 63000000 | D34: 73000000 | E34: =(D34-B34)/B34
A35: G4 | B35: 49000000 | C35: 57500000 | D35: 66000000 | E35: =(D35-B35)/B35
A36: G3 | B36: 42000000 | C36: 49500000 | D36: 57000000 | E36: =(D36-B36)/B36
A37: G2 | B37: 36000000 | C37: 42500000 | D37: 49000000 | E37: =(D37-B37)/B37
A38: G1 | B38: 33000000 | C38: 38500000 | D38: 44000000 | E38: =(D38-B38)/B38
A40: ■ ⑤ 공통역량별 가중치 (11개 역량)
A41: No. | B41: 역량군 | C41: 핵심 역량 | D41: 가중치 | E41: 역량 설명
A42: C-1 | B42: 업무역량 | C42: 직무 전문성 | D42: 0.15 | E42: 직무에 필요한 전문 지식 및 기술을 충분히 보유하고 실무에 적절히 적용하는지 평가
A43: C-2 | B43: 업무역량 | C43: 분석력 | D43: 0.1 | E43: 데이터·수치를 기반으로 사고하며 업무 효율을 높이는 능력
A44: C-3 | B44: 업무역량 | C44: 기획/실행력 | D44: 0.1 | E44: 실행 가능한 목표 설정·계획 수립·체계적 실행 능력
A45: C-4 | B45: 조직역량 | C45: 자원·시간 관리 | D45: 0.1 | E45: 업무 우선순위 설정 및 시간 내 효과적 업무 완수 능력
A46: C-5 | B46: 조직역량 | C46: 협업 능력 | D46: 0.1 | E46: 팀원·타 부서와의 협업 태도와 적극적 협력
A47: C-6 | B47: 조직역량 | C47: 소통 능력 | D47: 0.1 | E47: 명확한 의견 전달·경청·효과적 커뮤니케이션
A48: C-7 | B48: 인성역량 | C48: 윤리/책임감 | D48: 0.1 | E48: 공정·투명한 업무 처리와 책임감 있는 업무 수행
A49: C-8 | B49: 인성역량 | C49: 업무 태도 | D49: 0.1 | E49: 성실·주도적 태도, 변화에 대한 유연성
A50: C-9 | B50: 미래역량 | C50: 혁신 역량 | D50: 0.05 | E50: AI·자동화 등 최신 기술을 실무에 접목
A51: C-10 | B51: 미래역량 | C51: 프로세스 개선 | D51: 0.05 | E51: 업무 절차 분석 및 비효율 개선 아이디어 제시·실행
A52: C-11 | B52: 미래역량 | C52: 지속가능 기여 | D52: 0.05 | E52: 장기적 성과 향상·조직 기여도
A66: ■ ⑥ 1차/2차 평가자 가중치
A67: 1차 평가자 (직속상사) | B67: 0.5 | C67: 직속상사 평가 가중치. 평가지·통합시트에서 자동 적용. 기본 50%, 조직 상황에 맞게 조정.
A68: 2차 평가자 (조정자) | B68: =1-B67 | C68: 자동 계산 (1 - 1차 가중치). 조정자(부서장·임원) 가중치.

Sheet 03_전사업적평가
A1: 전사 업적 평가 (전사 KPI)
A2: 전사 KPI 달성도 → 성과급 가산 계수로 활용 (10_성과급관리에서 자동 참조)
A5: No. | B5: KPI | C5: 측정방법 | D5: 가중치 | E5: 목표 | F5: S 기준 | G5: A 기준 | H5: B 기준 | I5: C 기준 | J5: D 기준 | K5: 실적
A6: 1 | B6: 영업이익률 | C6: 영업이익 ÷ 매출액 × 100 | D6: 0.4 | E6: 0.12 | F6: 0.15 | G6: 0.12 | H6: 0.1 | I6: 0.08 | J6: 0.06
A7: 2 | B7: 매출 성장률 | C7: (금년-전년)/전년 × 100 | D7: 0.35 | E7: 0.07 | F7: 0.08 | G7: 0.07 | H7: 0.06 | I7: 0.05 | J7: 0.04
A8: 3 | B8: 프로젝트 납기·품질 준수율 | C8: 납기·품질 충족 ÷ 총 프로젝트 × 100 | D8: 0.25 | E8: 0.92 | F8: 0.93 | G8: 0.92 | H8: 0.91 | I8: 0.9 | J8: 0.89
A10: ■ 전사 KPI 종합
A11: 전사 종합 등급 | B11: =IFERROR(IF(COUNTBLANK(K6:K8)>0,"",IF(SUMPRODUCT(D6:D8,(K6:K8>=F6:F8)*1)>=0.8,"S",IF(SUMPRODUCT(D6:D8,(K6:K8>=G6:G8)*1)>=0.8,"A",IF(SUMPRODUCT(D6:D8,(K6:K8>=H6:H8)*1)>=0.8,"B",IF(SUMPRODUCT(D6:D8,(K6:K8>=I6:I8)*1)>=0.8,"C","D"))))),"-") | C11: 실적 입력 후 자동 산출. 10_성과급관리의 KPI 가산계수로 활용.

Sheet 04_역할평가
A1: 역할평가 — 역할등급별 5개 BARS 항목
A2: ★ [자동 산출 시트] - HR이 직접 입력하지 않습니다. 07a/07b 입력값을 참조해 자동 계산. 결과 검토용.
A4: ■ 등급 부여 기준 (BARS 행동기준)
A5: S (탁월) | B5: 역할정의를 현저히 초과 달성. 조직 전체에 긍정적 파급효과 창출
A6: A (우수) | B6: 역할정의를 충실히 수행하며 기대 수준을 상회. 자기주도적 성과
A7: B (양호) | B7: 역할정의에 부합하는 수준으로 안정적 수행. 기대 책임을 기한 내 완수
A8: C (미흡) | B8: 역할정의에 비해 일부 부족. 추가 지도·지원 필요
A9: D (부족) | B9: 역할 수행 수준이 현저히 미흡. 구체적 개선 계획 필요
A11: ■ 상반기 역할평가 (34명)
A12: No. | B12: 사번 | C12: 성명 | D12: 직무 | E12: 역할등급 | F12: 역할명 | G12: R-1 | H12: R-2 | I12: R-3 | J12: R-4 | K12: R-5 | L12: 5개 평균 | M12: 1차(종합) | N12: 2차(종합) | O12: 확정등급 | P12: 평가점수 | Q12: 강점·개선 소견
A13: ='01_인적정보'!A6 | B13: ='01_인적정보'!B6 | C13: ='01_인적정보'!C6 | D13: ='01_인적정보'!E6 | E13: ='01_인적정보'!H6 | F13: =IFERROR(VLOOKUP('01_인적정보'!M6,'13_직무역할DB'!$A$6:$D$70,4,FALSE),"") | G13: ='07a_상반기입력'!G6 | H13: ='07a_상반기입력'!H6 | I13: ='07a_상반기입력'!I6 | J13: ='07a_상반기입력'!J6 | K13: ='07a_상반기입력'!K6 | L13: =IFERROR((IF(G13="S",5,IF(G13="A",4,IF(G13="B",3,IF(G13="C",2,IF(G13="D",1,0)))))+IF(H13="S",5,IF(H13="A",4,IF(H13="B",3,IF(H13="C",2,IF(H13="D",1,0)))))+IF(I13="S",5,IF(I13="A",4,IF(I13="B",3,IF(I13="C",2,IF(I13="D",1,0)))))+IF(J13="S",5,IF(J13="A",4,IF(J13="B",3,IF(J13="C",2,IF(J13="D",1,0)))))+IF(K13="S",5,IF(K13="A",4,IF(K13="B",3,IF(K13="C",2,IF(K13="D",1,0))))))/5,"") | M13: ='07a_상반기입력'!L6 | N13: ='07a_상반기입력'!M6 | O13: =IF(N13<>"",N13,IF(M13<>"",M13,IF(L13="","",IF(L13>=4.5,"S",IF(L13>=3.5,"A",IF(L13>=2.5,"B",IF(L13>=1.5,"C","D"))))))) | P13: =IF(O13="","",IF(O13="S",5,IF(O13="A",4,IF(O13="B",3,IF(O13="C",2,IF(O13="D",1,0))))))
A14: ='01_인적정보'!A7 | B14: ='01_인적정보'!B7 | C14: ='01_인적정보'!C7 | D14: ='01_인적정보'!E7 | E14: ='01_인적정보'!H7 | F14: =IFERROR(VLOOKUP('01_인적정보'!M7,'13_직무역할DB'!$A$6:$D$70,4,FALSE),"") | G14: ='07a_상반기입력'!G7 | H14: ='07a_상반기입력'!H7 | I14: ='07a_상반기입력'!I7 | J14: ='07a_상반기입력'!J7 | K14: ='07a_상반기입력'!K7 | L14: =IFERROR((IF(G14="S",5,IF(G14="A",4,IF(G14="B",3,IF(G14="C",2,IF(G14="D",1,0)))))+IF(H14="S",5,IF(H14="A",4,IF(H14="B",3,IF(H14="C",2,IF(H14="D",1,0)))))+IF(I14="S",5,IF(I14="A",4,IF(I14="B",3,IF(I14="C",2,IF(I14="D",1,0)))))+IF(J14="S",5,IF(J14="A",4,IF(J14="B",3,IF(J14="C",2,IF(J14="D",1,0)))))+IF(K14="S",5,IF(K14="A",4,IF(K14="B",3,IF(K14="C",2,IF(K14="D",1,0))))))/5,"") | M14: ='07a_상반기입력'!L7 | N14: ='07a_상반기입력'!M7 | O14: =IF(N14<>"",N14,IF(M14<>"",M14,IF(L14="","",IF(L14>=4.5,"S",IF(L14>=3.5,"A",IF(L14>=2.5,"B",IF(L14>=1.5,"C","D"))))))) | P14: =IF(O14="","",IF(O14="S",5,IF(O14="A",4,IF(O14="B",3,IF(O14="C",2,IF(O14="D",1,0))))))
A15: ='01_인적정보'!A8 | B15: ='01_인적정보'!B8 | C15: ='01_인적정보'!C8 | D15: ='01_인적정보'!E8 | E15: ='01_인적정보'!H8 | F15: =IFERROR(VLOOKUP('01_인적정보'!M8,'13_직무역할DB'!$A$6:$D$70,4,FALSE),"") | G15: ='07a_상반기입력'!G8 | H15: ='07a_상반기입력'!H8 | I15: ='07a_상반기입력'!I8 | J15: ='07a_상반기입력'!J8 | K15: ='07a_상반기입력'!K8 | L15: =IFERROR((IF(G15="S",5,IF(G15="A",4,IF(G15="B",3,IF(G15="C",2,IF(G15="D",1,0)))))+IF(H15="S",5,IF(H15="A",4,IF(H15="B",3,IF(H15="C",2,IF(H15="D",1,0)))))+IF(I15="S",5,IF(I15="A",4,IF(I15="B",3,IF(I15="C",2,IF(I15="D",1,0)))))+IF(J15="S",5,IF(J15="A",4,IF(J15="B",3,IF(J15="C",2,IF(J15="D",1,0)))))+IF(K15="S",5,IF(K15="A",4,IF(K15="B",3,IF(K15="C",2,IF(K15="D",1,0))))))/5,"") | M15: ='07a_상반기입력'!L8 | N15: ='07a_상반기입력'!M8 | O15: =IF(N15<>"",N15,IF(M15<>"",M15,IF(L15="","",IF(L15>=4.5,"S",IF(L15>=3.5,"A",IF(L15>=2.5,"B",IF(L15>=1.5,"C","D"))))))) | P15: =IF(O15="","",IF(O15="S",5,IF(O15="A",4,IF(O15="B",3,IF(O15="C",2,IF(O15="D",1,0))))))
A16: ='01_인적정보'!A9 | B16: ='01_인적정보'!B9 | C16: ='01_인적정보'!C9 | D16: ='01_인적정보'!E9 | E16: ='01_인적정보'!H9 | F16: =IFERROR(VLOOKUP('01_인적정보'!M9,'13_직무역할DB'!$A$6:$D$70,4,FALSE),"") | G16: ='07a_상반기입력'!G9 | H16: ='07a_상반기입력'!H9 | I16: ='07a_상반기입력'!I9 | J16: ='07a_상반기입력'!J9 | K16: ='07a_상반기입력'!K9 | L16: =IFERROR((IF(G16="S",5,IF(G16="A",4,IF(G16="B",3,IF(G16="C",2,IF(G16="D",1,0)))))+IF(H16="S",5,IF(H16="A",4,IF(H16="B",3,IF(H16="C",2,IF(H16="D",1,0)))))+IF(I16="S",5,IF(I16="A",4,IF(I16="B",3,IF(I16="C",2,IF(I16="D",1,0)))))+IF(J16="S",5,IF(J16="A",4,IF(J16="B",3,IF(J16="C",2,IF(J16="D",1,0)))))+IF(K16="S",5,IF(K16="A",4,IF(K16="B",3,IF(K16="C",2,IF(K16="D",1,0))))))/5,"") | M16: ='07a_상반기입력'!L9 | N16: ='07a_상반기입력'!M9 | O16: =IF(N16<>"",N16,IF(M16<>"",M16,IF(L16="","",IF(L16>=4.5,"S",IF(L16>=3.5,"A",IF(L16>=2.5,"B",IF(L16>=1.5,"C","D"))))))) | P16: =IF(O16="","",IF(O16="S",5,IF(O16="A",4,IF(O16="B",3,IF(O16="C",2,IF(O16="D",1,0))))))
A17: ='01_인적정보'!A10 | B17: ='01_인적정보'!B10 | C17: ='01_인적정보'!C10 | D17: ='01_인적정보'!E10 | E17: ='01_인적정보'!H10 | F17: =IFERROR(VLOOKUP('01_인적정보'!M10,'13_직무역할DB'!$A$6:$D$70,4,FALSE),"") | G17: ='07a_상반기입력'!G10 | H17: ='07a_상반기입력'!H10 | I17: ='07a_상반기입력'!I10 | J17: ='07a_상반기입력'!J10 | K17: ='07a_상반기입력'!K10 | L17: =IFERROR((IF(G17="S",5,IF(G17="A",4,IF(G17="B",3,IF(G17="C",2,IF(G17="D",1,0)))))+IF(H17="S",5,IF(H17="A",4,IF(H17="B",3,IF(H17="C",2,IF(H17="D",1,0)))))+IF(I17="S",5,IF(I17="A",4,IF(I17="B",3,IF(I17="C",2,IF(I17="D",1,0)))))+IF(J17="S",5,IF(J17="A",4,IF(J17="B",3,IF(J17="C",2,IF(J17="D",1,0)))))+IF(K17="S",5,IF(K17="A",4,IF(K17="B",3,IF(K17="C",2,IF(K17="D",1,0))))))/5,"") | M17: ='07a_상반기입력'!L10 | N17: ='07a_상반기입력'!M10 | O17: =IF(N17<>"",N17,IF(M17<>"",M17,IF(L17="","",IF(L17>=4.5,"S",IF(L17>=3.5,"A",IF(L17>=2.5,"B",IF(L17>=1.5,"C","D"))))))) | P17: =IF(O17="","",IF(O17="S",5,IF(O17="A",4,IF(O17="B",3,IF(O17="C",2,IF(O17="D",1,0))))))
A18: ='01_인적정보'!A11 | B18: ='01_인적정보'!B11 | C18: ='01_인적정보'!C11 | D18: ='01_인적정보'!E11 | E18: ='01_인적정보'!H11 | F18: =IFERROR(VLOOKUP('01_인적정보'!M11,'13_직무역할DB'!$A$6:$D$70,4,FALSE),"") | G18: ='07a_상반기입력'!G11 | H18: ='07a_상반기입력'!H11 | I18: ='07a_상반기입력'!I11 | J18: ='07a_상반기입력'!J11 | K18: ='07a_상반기입력'!K11 | L18: =IFERROR((IF(G18="S",5,IF(G18="A",4,IF(G18="B",3,IF(G18="C",2,IF(G18="D",1,0)))))+IF(H18="S",5,IF(H18="A",4,IF(H18="B",3,IF(H18="C",2,IF(H18="D",1,0)))))+IF(I18="S",5,IF(I18="A",4,IF(I18="B",3,IF(I18="C",2,IF(I18="D",1,0)))))+IF(J18="S",5,IF(J18="A",4,IF(J18="B",3,IF(J18="C",2,IF(J18="D",1,0)))))+IF(K18="S",5,IF(K18="A",4,IF(K18="B",3,IF(K18="C",2,IF(K18="D",1,0))))))/5,"") | M18: ='07a_상반기입력'!L11 | N18: ='07a_상반기입력'!M11 | O18: =IF(N18<>"",N18,IF(M18<>"",M18,IF(L18="","",IF(L18>=4.5,"S",IF(L18>=3.5,"A",IF(L18>=2.5,"B",IF(L18>=1.5,"C","D"))))))) | P18: =IF(O18="","",IF(O18="S",5,IF(O18="A",4,IF(O18="B",3,IF(O18="C",2,IF(O18="D",1,0))))))
A19: ='01_인적정보'!A12 | B19: ='01_인적정보'!B12 | C19: ='01_인적정보'!C12 | D19: ='01_인적정보'!E12 | E19: ='01_인적정보'!H12 | F19: =IFERROR(VLOOKUP('01_인적정보'!M12,'13_직무역할DB'!$A$6:$D$70,4,FALSE),"") | G19: ='07a_상반기입력'!G12 | H19: ='07a_상반기입력'!H12 | I19: ='07a_상반기입력'!I12 | J19: ='07a_상반기입력'!J12 | K19: ='07a_상반기입력'!K12 | L19: =IFERROR((IF(G19="S",5,IF(G19="A",4,IF(G19="B",3,IF(G19="C",2,IF(G19="D",1,0)))))+IF(H19="S",5,IF(H19="A",4,IF(H19="B",3,IF(H19="C",2,IF(H19="D",1,0)))))+IF(I19="S",5,IF(I19="A",4,IF(I19="B",3,IF(I19="C",2,IF(I19="D",1,0)))))+IF(J19="S",5,IF(J19="A",4,IF(J19="B",3,IF(J19="C",2,IF(J19="D",1,0)))))+IF(K19="S",5,IF(K19="A",4,IF(K19="B",3,IF(K19="C",2,IF(K19="D",1,0))))))/5,"") | M19: ='07a_상반기입력'!L12 | N19: ='07a_상반기입력'!M12 | O19: =IF(N19<>"",N19,IF(M19<>"",M19,IF(L19="","",IF(L19>=4.5,"S",IF(L19>=3.5,"A",IF(L19>=2.5,"B",IF(L19>=1.5,"C","D"))))))) | P19: =IF(O19="","",IF(O19="S",5,IF(O19="A",4,IF(O19="B",3,IF(O19="C",2,IF(O19="D",1,0))))))
A20: ='01_인적정보'!A13 | B20: ='01_인적정보'!B13 | C20: ='01_인적정보'!C13 | D20: ='01_인적정보'!E13 | E20: ='01_인적정보'!H13 | F20: =IFERROR(VLOOKUP('01_인적정보'!M13,'13_직무역할DB'!$A$6:$D$70,4,FALSE),"") | G20: ='07a_상반기입력'!G13 | H20: ='07a_상반기입력'!H13 | I20: ='07a_상반기입력'!I13 | J20: ='07a_상반기입력'!J13 | K20: ='07a_상반기입력'!K13 | L20: =IFERROR((IF(G20="S",5,IF(G20="A",4,IF(G20="B",3,IF(G20="C",2,IF(G20="D",1,0)))))+IF(H20="S",5,IF(H20="A",4,IF(H20="B",3,IF(H20="C",2,IF(H20="D",1,0)))))+IF(I20="S",5,IF(I20="A",4,IF(I20="B",3,IF(I20="C",2,IF(I20="D",1,0)))))+IF(J20="S",5,IF(J20="A",4,IF(J20="B",3,IF(J20="C",2,IF(J20="D",1,0)))))+IF(K20="S",5,IF(K20="A",4,IF(K20="B",3,IF(K20="C",2,IF(K20="D",1,0))))))/5,"") | M20: ='07a_상반기입력'!L13 | N20: ='07a_상반기입력'!M13 | O20: =IF(N20<>"",N20,IF(M20<>"",M20,IF(L20="","",IF(L20>=4.5,"S",IF(L20>=3.5,"A",IF(L20>=2.5,"B",IF(L20>=1.5,"C","D"))))))) | P20: =IF(O20="","",IF(O20="S",5,IF(O20="A",4,IF(O20="B",3,IF(O20="C",2,IF(O20="D",1,0))))))
A21: ='01_인적정보'!A14 | B21: ='01_인적정보'!B14 | C21: ='01_인적정보'!C14 | D21: ='01_인적정보'!E14 | E21: ='01_인적정보'!H14 | F21: =IFERROR(VLOOKUP('01_인적정보'!M14,'13_직무역할DB'!$A$6:$D$70,4,FALSE),"") | G21: ='07a_상반기입력'!G14 | H21: ='07a_상반기입력'!H14 | I21: ='07a_상반기입력'!I14 | J21: ='07a_상반기입력'!J14 | K21: ='07a_상반기입력'!K14 | L21: =IFERROR((IF(G21="S",5,IF(G21="A",4,IF(G21="B",3,IF(G21="C",2,IF(G21="D",1,0)))))+IF(H21="S",5,IF(H21="A",4,IF(H21="B",3,IF(H21="C",2,IF(H21="D",1,0)))))+IF(I21="S",5,IF(I21="A",4,IF(I21="B",3,IF(I21="C",2,IF(I21="D",1,0)))))+IF(J21="S",5,IF(J21="A",4,IF(J21="B",3,IF(J21="C",2,IF(J21="D",1,0)))))+IF(K21="S",5,IF(K21="A",4,IF(K21="B",3,IF(K21="C",2,IF(K21="D",1,0))))))/5,"") | M21: ='07a_상반기입력'!L14 | N21: ='07a_상반기입력'!M14 | O21: =IF(N21<>"",N21,IF(M21<>"",M21,IF(L21="","",IF(L21>=4.5,"S",IF(L21>=3.5,"A",IF(L21>=2.5,"B",IF(L21>=1.5,"C","D"))))))) | P21: =IF(O21="","",IF(O21="S",5,IF(O21="A",4,IF(O21="B",3,IF(O21="C",2,IF(O21="D",1,0))))))
A22: ='01_인적정보'!A15 | B22: ='01_인적정보'!B15 | C22: ='01_인적정보'!C15 | D22: ='01_인적정보'!E15 | E22: ='01_인적정보'!H15 | F22: =IFERROR(VLOOKUP('01_인적정보'!M15,'13_직무역할DB'!$A$6:$D$70,4,FALSE),"") | G22: ='07a_상반기입력'!G15 | H22: ='07a_상반기입력'!H15 | I22: ='07a_상반기입력'!I15 | J22: ='07a_상반기입력'!J15 | K22: ='07a_상반기입력'!K15 | L22: =IFERROR((IF(G22="S",5,IF(G22="A",4,IF(G22="B",3,IF(G22="C",2,IF(G22="D",1,0)))))+IF(H22="S",5,IF(H22="A",4,IF(H22="B",3,IF(H22="C",2,IF(H22="D",1,0)))))+IF(I22="S",5,IF(I22="A",4,IF(I22="B",3,IF(I22="C",2,IF(I22="D",1,0)))))+IF(J22="S",5,IF(J22="A",4,IF(J22="B",3,IF(J22="C",2,IF(J22="D",1,0)))))+IF(K22="S",5,IF(K22="A",4,IF(K22="B",3,IF(K22="C",2,IF(K22="D",1,0))))))/5,"") | M22: ='07a_상반기입력'!L15 | N22: ='07a_상반기입력'!M15 | O22: =IF(N22<>"",N22,IF(M22<>"",M22,IF(L22="","",IF(L22>=4.5,"S",IF(L22>=3.5,"A",IF(L22>=2.5,"B",IF(L22>=1.5,"C","D"))))))) | P22: =IF(O22="","",IF(O22="S",5,IF(O22="A",4,IF(O22="B",3,IF(O22="C",2,IF(O22="D",1,0))))))
A23: ='01_인적정보'!A16 | B23: ='01_인적정보'!B16 | C23: ='01_인적정보'!C16 | D23: ='01_인적정보'!E16 | E23: ='01_인적정보'!H16 | F23: =IFERROR(VLOOKUP('01_인적정보'!M16,'13_직무역할DB'!$A$6:$D$70,4,FALSE),"") | G23: ='07a_상반기입력'!G16 | H23: ='07a_상반기입력'!H16 | I23: ='07a_상반기입력'!I16 | J23: ='07a_상반기입력'!J16 | K23: ='07a_상반기입력'!K16 | L23: =IFERROR((IF(G23="S",5,IF(G23="A",4,IF(G23="B",3,IF(G23="C",2,IF(G23="D",1,0)))))+IF(H23="S",5,IF(H23="A",4,IF(H23="B",3,IF(H23="C",2,IF(H23="D",1,0)))))+IF(I23="S",5,IF(I23="A",4,IF(I23="B",3,IF(I23="C",2,IF(I23="D",1,0)))))+IF(J23="S",5,IF(J23="A",4,IF(J23="B",3,IF(J23="C",2,IF(J23="D",1,0)))))+IF(K23="S",5,IF(K23="A",4,IF(K23="B",3,IF(K23="C",2,IF(K23="D",1,0))))))/5,"") | M23: ='07a_상반기입력'!L16 | N23: ='07a_상반기입력'!M16 | O23: =IF(N23<>"",N23,IF(M23<>"",M23,IF(L23="","",IF(L23>=4.5,"S",IF(L23>=3.5,"A",IF(L23>=2.5,"B",IF(L23>=1.5,"C","D"))))))) | P23: =IF(O23="","",IF(O23="S",5,IF(O23="A",4,IF(O23="B",3,IF(O23="C",2,IF(O23="D",1,0))))))
A24: ='01_인적정보'!A17 | B24: ='01_인적정보'!B17 | C24: ='01_인적정보'!C17 | D24: ='01_인적정보'!E17 | E24: ='01_인적정보'!H17 | F24: =IFERROR(VLOOKUP('01_인적정보'!M17,'13_직무역할DB'!$A$6:$D$70,4,FALSE),"") | G24: ='07a_상반기입력'!G17 | H24: ='07a_상반기입력'!H17 | I24: ='07a_상반기입력'!I17 | J24: ='07a_상반기입력'!J17 | K24: ='07a_상반기입력'!K17 | L24: =IFERROR((IF(G24="S",5,IF(G24="A",4,IF(G24="B",3,IF(G24="C",2,IF(G24="D",1,0)))))+IF(H24="S",5,IF(H24="A",4,IF(H24="B",3,IF(H24="C",2,IF(H24="D",1,0)))))+IF(I24="S",5,IF(I24="A",4,IF(I24="B",3,IF(I24="C",2,IF(I24="D",1,0)))))+IF(J24="S",5,IF(J24="A",4,IF(J24="B",3,IF(J24="C",2,IF(J24="D",1,0)))))+IF(K24="S",5,IF(K24="A",4,IF(K24="B",3,IF(K24="C",2,IF(K24="D",1,0))))))/5,"") | M24: ='07a_상반기입력'!L17 | N24: ='07a_상반기입력'!M17 | O24: =IF(N24<>"",N24,IF(M24<>"",M24,IF(L24="","",IF(L24>=4.5,"S",IF(L24>=3.5,"A",IF(L24>=2.5,"B",IF(L24>=1.5,"C","D"))))))) | P24: =IF(O24="","",IF(O24="S",5,IF(O24="A",4,IF(O24="B",3,IF(O24="C",2,IF(O24="D",1,0))))))
... A46: ='01_인적정보'!A39 | B46: ='01_인적정보'!B39 | C46: ='01_인적정보'!C39 | D46: ='01_인적정보'!E39 | E46: ='01_인적정보'!H39 | F46: =IFERROR(VLOOKUP('01_인적정보'!M39,'13_직무역할DB'!$A$6:$D$70,4,FALSE),"") | G46: ='07a_상반기입력'!G39 | H46: ='07a_상반기입력'!H39 | I46: ='07a_상반기입력'!I39 | J46: ='07a_상반기입력'!J39 | K46: ='07a_상반기입력'!K39 | L46: =IFERROR((IF(G46="S",5,IF(G46="A",4,IF(G46="B",3,IF(G46="C",2,IF(G46="D",1,0)))))+IF(H46="S",5,IF(H46="A",4,IF(H46="B",3,IF(H46="C",2,IF(H46="D",1,0)))))+IF(I46="S",5,IF(I46="A",4,IF(I46="B",3,IF(I46="C",2,IF(I46="D",1,0)))))+IF(J46="S",5,IF(J46="A",4,IF(J46="B",3,IF(J46="C",2,IF(J46="D",1,0)))))+IF(K46="S",5,IF(K46="A",4,IF(K46="B",3,IF(K46="C",2,IF(K46="D",1,0))))))/5,"") | M46: ='07a_상반기입력'!L39 | N46: ='07a_상반기입력'!M39 | O46: =IF(N46<>"",N46,IF(M46<>"",M46,IF(L46="","",IF(L46>=4.5,"S",IF(L46>=3.5,"A",IF(L46>=2.5,"B",IF(L46>=1.5,"C","D"))))))) | P46: =IF(O46="","",IF(O46="S",5,IF(O46="A",4,IF(O46="B",3,IF(O46="C",2,IF(O46="D",1,0))))))
A56: ■ 하반기 역할평가 (34명)
A57: No. | B57: 사번 | C57: 성명 | D57: 직무 | E57: 역할등급 | F57: 역할명 | G57: R-1 | H57: R-2 | I57: R-3 | J57: R-4 | K57: R-5 | L57: 5개 평균 | M57: 1차(종합) | N57: 2차(종합) | O57: 확정등급 | P57: 평가점수 | Q57: 강점·개선 소견
A58: ='01_인적정보'!A6 | B58: ='01_인적정보'!B6 | C58: ='01_인적정보'!C6 | D58: ='01_인적정보'!E6 | E58: ='01_인적정보'!H6 | F58: =IFERROR(VLOOKUP('01_인적정보'!M6,'13_직무역할DB'!$A$6:$D$70,4,FALSE),"") | G58: ='07b_하반기입력'!G6 | H58: ='07b_하반기입력'!H6 | I58: ='07b_하반기입력'!I6 | J58: ='07b_하반기입력'!J6 | K58: ='07b_하반기입력'!K6 | L58: =IFERROR((IF(G58="S",5,IF(G58="A",4,IF(G58="B",3,IF(G58="C",2,IF(G58="D",1,0)))))+IF(H58="S",5,IF(H58="A",4,IF(H58="B",3,IF(H58="C",2,IF(H58="D",1,0)))))+IF(I58="S",5,IF(I58="A",4,IF(I58="B",3,IF(I58="C",2,IF(I58="D",1,0)))))+IF(J58="S",5,IF(J58="A",4,IF(J58="B",3,IF(J58="C",2,IF(J58="D",1,0)))))+IF(K58="S",5,IF(K58="A",4,IF(K58="B",3,IF(K58="C",2,IF(K58="D",1,0))))))/5,"") | M58: ='07b_하반기입력'!L6 | N58: ='07b_하반기입력'!M6 | O58: =IF(N58<>"",N58,IF(M58<>"",M58,IF(L58="","",IF(L58>=4.5,"S",IF(L58>=3.5,"A",IF(L58>=2.5,"B",IF(L58>=1.5,"C","D"))))))) | P58: =IF(O58="","",IF(O58="S",5,IF(O58="A",4,IF(O58="B",3,IF(O58="C",2,IF(O58="D",1,0))))))
A59: ='01_인적정보'!A7 | B59: ='01_인적정보'!B7 | C59: ='01_인적정보'!C7 | D59: ='01_인적정보'!E7 | E59: ='01_인적정보'!H7 | F59: =IFERROR(VLOOKUP('01_인적정보'!M7,'13_직무역할DB'!$A$6:$D$70,4,FALSE),"") | G59: ='07b_하반기입력'!G7 | H59: ='07b_하반기입력'!H7 | I59: ='07b_하반기입력'!I7 | J59: ='07b_하반기입력'!J7 | K59: ='07b_하반기입력'!K7 | L59: =IFERROR((IF(G59="S",5,IF(G59="A",4,IF(G59="B",3,IF(G59="C",2,IF(G59="D",1,0)))))+IF(H59="S",5,IF(H59="A",4,IF(H59="B",3,IF(H59="C",2,IF(H59="D",1,0)))))+IF(I59="S",5,IF(I59="A",4,IF(I59="B",3,IF(I59="C",2,IF(I59="D",1,0)))))+IF(J59="S",5,IF(J59="A",4,IF(J59="B",3,IF(J59="C",2,IF(J59="D",1,0)))))+IF(K59="S",5,IF(K59="A",4,IF(K59="B",3,IF(K59="C",2,IF(K59="D",1,0))))))/5,"") | M59: ='07b_하반기입력'!L7 | N59: ='07b_하반기입력'!M7 | O59: =IF(N59<>"",N59,IF(M59<>"",M59,IF(L59="","",IF(L59>=4.5,"S",IF(L59>=3.5,"A",IF(L59>=2.5,"B",IF(L59>=1.5,"C","D"))))))) | P59: =IF(O59="","",IF(O59="S",5,IF(O59="A",4,IF(O59="B",3,IF(O59="C",2,IF(O59="D",1,0))))))
A60: ='01_인적정보'!A8 | B60: ='01_인적정보'!B8 | C60: ='01_인적정보'!C8 | D60: ='01_인적정보'!E8 | E60: ='01_인적정보'!H8 | F60: =IFERROR(VLOOKUP('01_인적정보'!M8,'13_직무역할DB'!$A$6:$D$70,4,FALSE),"") | G60: ='07b_하반기입력'!G8 | H60: ='07b_하반기입력'!H8 | I60: ='07b_하반기입력'!I8 | J60: ='07b_하반기입력'!J8 | K60: ='07b_하반기입력'!K8 | L60: =IFERROR((IF(G60="S",5,IF(G60="A",4,IF(G60="B",3,IF(G60="C",2,IF(G60="D",1,0)))))+IF(H60="S",5,IF(H60="A",4,IF(H60="B",3,IF(H60="C",2,IF(H60="D",1,0)))))+IF(I60="S",5,IF(I60="A",4,IF(I60="B",3,IF(I60="C",2,IF(I60="D",1,0)))))+IF(J60="S",5,IF(J60="A",4,IF(J60="B",3,IF(J60="C",2,IF(J60="D",1,0)))))+IF(K60="S",5,IF(K60="A",4,IF(K60="B",3,IF(K60="C",2,IF(K60="D",1,0))))))/5,"") | M60: ='07b_하반기입력'!L8 | N60: ='07b_하반기입력'!M8 | O60: =IF(N60<>"",N60,IF(M60<>"",M60,IF(L60="","",IF(L60>=4.5,"S",IF(L60>=3.5,"A",IF(L60>=2.5,"B",IF(L60>=1.5,"C","D"))))))) | P60: =IF(O60="","",IF(O60="S",5,IF(O60="A",4,IF(O60="B",3,IF(O60="C",2,IF(O60="D",1,0))))))
A61: ='01_인적정보'!A9 | B61: ='01_인적정보'!B9 | C61: ='01_인적정보'!C9 | D61: ='01_인적정보'!E9 | E61: ='01_인적정보'!H9 | F61: =IFERROR(VLOOKUP('01_인적정보'!M9,'13_직무역할DB'!$A$6:$D$70,4,FALSE),"") | G61: ='07b_하반기입력'!G9 | H61: ='07b_하반기입력'!H9 | I61: ='07b_하반기입력'!I9 | J61: ='07b_하반기입력'!J9 | K61: ='07b_하반기입력'!K9 | L61: =IFERROR((IF(G61="S",5,IF(G61="A",4,IF(G61="B",3,IF(G61="C",2,IF(G61="D",1,0)))))+IF(H61="S",5,IF(H61="A",4,IF(H61="B",3,IF(H61="C",2,IF(H61="D",1,0)))))+IF(I61="S",5,IF(I61="A",4,IF(I61="B",3,IF(I61="C",2,IF(I61="D",1,0)))))+IF(J61="S",5,IF(J61="A",4,IF(J61="B",3,IF(J61="C",2,IF(J61="D",1,0)))))+IF(K61="S",5,IF(K61="A",4,IF(K61="B",3,IF(K61="C",2,IF(K61="D",1,0))))))/5,"") | M61: ='07b_하반기입력'!L9 | N61: ='07b_하반기입력'!M9 | O61: =IF(N61<>"",N61,IF(M61<>"",M61,IF(L61="","",IF(L61>=4.5,"S",IF(L61>=3.5,"A",IF(L61>=2.5,"B",IF(L61>=1.5,"C","D"))))))) | P61: =IF(O61="","",IF(O61="S",5,IF(O61="A",4,IF(O61="B",3,IF(O61="C",2,IF(O61="D",1,0))))))
A62: ='01_인적정보'!A10 | B62: ='01_인적정보'!B10 | C62: ='01_인적정보'!C10 | D62: ='01_인적정보'!E10 | E62: ='01_인적정보'!H10 | F62: =IFERROR(VLOOKUP('01_인적정보'!M10,'13_직무역할DB'!$A$6:$D$70,4,FALSE),"") | G62: ='07b_하반기입력'!G10 | H62: ='07b_하반기입력'!H10 | I62: ='07b_하반기입력'!I10 | J62: ='07b_하반기입력'!J10 | K62: ='07b_하반기입력'!K10 | L62: =IFERROR((IF(G62="S",5,IF(G62="A",4,IF(G62="B",3,IF(G62="C",2,IF(G62="D",1,0)))))+IF(H62="S",5,IF(H62="A",4,IF(H62="B",3,IF(H62="C",2,IF(H62="D",1,0)))))+IF(I62="S",5,IF(I62="A",4,IF(I62="B",3,IF(I62="C",2,IF(I62="D",1,0)))))+IF(J62="S",5,IF(J62="A",4,IF(J62="B",3,IF(J62="C",2,IF(J62="D",1,0)))))+IF(K62="S",5,IF(K62="A",4,IF(K62="B",3,IF(K62="C",2,IF(K62="D",1,0))))))/5,"") | M62: ='07b_하반기입력'!L10 | N62: ='07b_하반기입력'!M10 | O62: =IF(N62<>"",N62,IF(M62<>"",M62,IF(L62="","",IF(L62>=4.5,"S",IF(L62>=3.5,"A",IF(L62>=2.5,"B",IF(L62>=1.5,"C","D"))))))) | P62: =IF(O62="","",IF(O62="S",5,IF(O62="A",4,IF(O62="B",3,IF(O62="C",2,IF(O62="D",1,0))))))
A63: ='01_인적정보'!A11 | B63: ='01_인적정보'!B11 | C63: ='01_인적정보'!C11 | D63: ='01_인적정보'!E11 | E63: ='01_인적정보'!H11 | F63: =IFERROR(VLOOKUP('01_인적정보'!M11,'13_직무역할DB'!$A$6:$D$70,4,FALSE),"") | G63: ='07b_하반기입력'!G11 | H63: ='07b_하반기입력'!H11 | I63: ='07b_하반기입력'!I11 | J63: ='07b_하반기입력'!J11 | K63: ='07b_하반기입력'!K11 | L63: =IFERROR((IF(G63="S",5,IF(G63="A",4,IF(G63="B",3,IF(G63="C",2,IF(G63="D",1,0)))))+IF(H63="S",5,IF(H63="A",4,IF(H63="B",3,IF(H63="C",2,IF(H63="D",1,0)))))+IF(I63="S",5,IF(I63="A",4,IF(I63="B",3,IF(I63="C",2,IF(I63="D",1,0)))))+IF(J63="S",5,IF(J63="A",4,IF(J63="B",3,IF(J63="C",2,IF(J63="D",1,0)))))+IF(K63="S",5,IF(K63="A",4,IF(K63="B",3,IF(K63="C",2,IF(K63="D",1,0))))))/5,"") | M63: ='07b_하반기입력'!L11 | N63: ='07b_하반기입력'!M11 | O63: =IF(N63<>"",N63,IF(M63<>"",M63,IF(L63="","",IF(L63>=4.5,"S",IF(L63>=3.5,"A",IF(L63>=2.5,"B",IF(L63>=1.5,"C","D"))))))) | P63: =IF(O63="","",IF(O63="S",5,IF(O63="A",4,IF(O63="B",3,IF(O63="C",2,IF(O63="D",1,0))))))
A64: ='01_인적정보'!A12 | B64: ='01_인적정보'!B12 | C64: ='01_인적정보'!C12 | D64: ='01_인적정보'!E12 | E64: ='01_인적정보'!H12 | F64: =IFERROR(VLOOKUP('01_인적정보'!M12,'13_직무역할DB'!$A$6:$D$70,4,FALSE),"") | G64: ='07b_하반기입력'!G12 | H64: ='07b_하반기입력'!H12 | I64: ='07b_하반기입력'!I12 | J64: ='07b_하반기입력'!J12 | K64: ='07b_하반기입력'!K12 | L64: =IFERROR((IF(G64="S",5,IF(G64="A",4,IF(G64="B",3,IF(G64="C",2,IF(G64="D",1,0)))))+IF(H64="S",5,IF(H64="A",4,IF(H64="B",3,IF(H64="C",2,IF(H64="D",1,0)))))+IF(I64="S",5,IF(I64="A",4,IF(I64="B",3,IF(I64="C",2,IF(I64="D",1,0)))))+IF(J64="S",5,IF(J64="A",4,IF(J64="B",3,IF(J64="C",2,IF(J64="D",1,0)))))+IF(K64="S",5,IF(K64="A",4,IF(K64="B",3,IF(K64="C",2,IF(K64="D",1,0))))))/5,"") | M64: ='07b_하반기입력'!L12 | N64: ='07b_하반기입력'!M12 | O64: =IF(N64<>"",N64,IF(M64<>"",M64,IF(L64="","",IF(L64>=4.5,"S",IF(L64>=3.5,"A",IF(L64>=2.5,"B",IF(L64>=1.5,"C","D"))))))) | P64: =IF(O64="","",IF(O64="S",5,IF(O64="A",4,IF(O64="B",3,IF(O64="C",2,IF(O64="D",1,0))))))
A65: ='01_인적정보'!A13 | B65: ='01_인적정보'!B13 | C65: ='01_인적정보'!C13 | D65: ='01_인적정보'!E13 | E65: ='01_인적정보'!H13 | F65: =IFERROR(VLOOKUP('01_인적정보'!M13,'13_직무역할DB'!$A$6:$D$70,4,FALSE),"") | G65: ='07b_하반기입력'!G13 | H65: ='07b_하반기입력'!H13 | I65: ='07b_하반기입력'!I13 | J65: ='07b_하반기입력'!J13 | K65: ='07b_하반기입력'!K13 | L65: =IFERROR((IF(G65="S",5,IF(G65="A",4,IF(G65="B",3,IF(G65="C",2,IF(G65="D",1,0)))))+IF(H65="S",5,IF(H65="A",4,IF(H65="B",3,IF(H65="C",2,IF(H65="D",1,0)))))+IF(I65="S",5,IF(I65="A",4,IF(I65="B",3,IF(I65="C",2,IF(I65="D",1,0)))))+IF(J65="S",5,IF(J65="A",4,IF(J65="B",3,IF(J65="C",2,IF(J65="D",1,0)))))+IF(K65="S",5,IF(K65="A",4,IF(K65="B",3,IF(K65="C",2,IF(K65="D",1,0))))))/5,"") | M65: ='07b_하반기입력'!L13 | N65: ='07b_하반기입력'!M13 | O65: =IF(N65<>"",N65,IF(M65<>"",M65,IF(L65="","",IF(L65>=4.5,"S",IF(L65>=3.5,"A",IF(L65>=2.5,"B",IF(L65>=1.5,"C","D"))))))) | P65: =IF(O65="","",IF(O65="S",5,IF(O65="A",4,IF(O65="B",3,IF(O65="C",2,IF(O65="D",1,0))))))
A66: ='01_인적정보'!A14 | B66: ='01_인적정보'!B14 | C66: ='01_인적정보'!C14 | D66: ='01_인적정보'!E14 | E66: ='01_인적정보'!H14 | F66: =IFERROR(VLOOKUP('01_인적정보'!M14,'13_직무역할DB'!$A$6:$D$70,4,FALSE),"") | G66: ='07b_하반기입력'!G14 | H66: ='07b_하반기입력'!H14 | I66: ='07b_하반기입력'!I14 | J66: ='07b_하반기입력'!J14 | K66: ='07b_하반기입력'!K14 | L66: =IFERROR((IF(G66="S",5,IF(G66="A",4,IF(G66="B",3,IF(G66="C",2,IF(G66="D",1,0)))))+IF(H66="S",5,IF(H66="A",4,IF(H66="B",3,IF(H66="C",2,IF(H66="D",1,0)))))+IF(I66="S",5,IF(I66="A",4,IF(I66="B",3,IF(I66="C",2,IF(I66="D",1,0)))))+IF(J66="S",5,IF(J66="A",4,IF(J66="B",3,IF(J66="C",2,IF(J66="D",1,0)))))+IF(K66="S",5,IF(K66="A",4,IF(K66="B",3,IF(K66="C",2,IF(K66="D",1,0))))))/5,"") | M66: ='07b_하반기입력'!L14 | N66: ='07b_하반기입력'!M14 | O66: =IF(N66<>"",N66,IF(M66<>"",M66,IF(L66="","",IF(L66>=4.5,"S",IF(L66>=3.5,"A",IF(L66>=2.5,"B",IF(L66>=1.5,"C","D"))))))) | P66: =IF(O66="","",IF(O66="S",5,IF(O66="A",4,IF(O66="B",3,IF(O66="C",2,IF(O66="D",1,0))))))
A67: ='01_인적정보'!A15 | B67: ='01_인적정보'!B15 | C67: ='01_인적정보'!C15 | D67: ='01_인적정보'!E15 | E67: ='01_인적정보'!H15 | F67: =IFERROR(VLOOKUP('01_인적정보'!M15,'13_직무역할DB'!$A$6:$D$70,4,FALSE),"") | G67: ='07b_하반기입력'!G15 | H67: ='07b_하반기입력'!H15 | I67: ='07b_하반기입력'!I15 | J67: ='07b_하반기입력'!J15 | K67: ='07b_하반기입력'!K15 | L67: =IFERROR((IF(G67="S",5,IF(G67="A",4,IF(G67="B",3,IF(G67="C",2,IF(G67="D",1,0)))))+IF(H67="S",5,IF(H67="A",4,IF(H67="B",3,IF(H67="C",2,IF(H67="D",1,0)))))+IF(I67="S",5,IF(I67="A",4,IF(I67="B",3,IF(I67="C",2,IF(I67="D",1,0)))))+IF(J67="S",5,IF(J67="A",4,IF(J67="B",3,IF(J67="C",2,IF(J67="D",1,0)))))+IF(K67="S",5,IF(K67="A",4,IF(K67="B",3,IF(K67="C",2,IF(K67="D",1,0))))))/5,"") | M67: ='07b_하반기입력'!L15 | N67: ='07b_하반기입력'!M15 | O67: =IF(N67<>"",N67,IF(M67<>"",M67,IF(L67="","",IF(L67>=4.5,"S",IF(L67>=3.5,"A",IF(L67>=2.5,"B",IF(L67>=1.5,"C","D"))))))) | P67: =IF(O67="","",IF(O67="S",5,IF(O67="A",4,IF(O67="B",3,IF(O67="C",2,IF(O67="D",1,0))))))
A68: ='01_인적정보'!A16 | B68: ='01_인적정보'!B16 | C68: ='01_인적정보'!C16 | D68: ='01_인적정보'!E16 | E68: ='01_인적정보'!H16 | F68: =IFERROR(VLOOKUP('01_인적정보'!M16,'13_직무역할DB'!$A$6:$D$70,4,FALSE),"") | G68: ='07b_하반기입력'!G16 | H68: ='07b_하반기입력'!H16 | I68: ='07b_하반기입력'!I16 | J68: ='07b_하반기입력'!J16 | K68: ='07b_하반기입력'!K16 | L68: =IFERROR((IF(G68="S",5,IF(G68="A",4,IF(G68="B",3,IF(G68="C",2,IF(G68="D",1,0)))))+IF(H68="S",5,IF(H68="A",4,IF(H68="B",3,IF(H68="C",2,IF(H68="D",1,0)))))+IF(I68="S",5,IF(I68="A",4,IF(I68="B",3,IF(I68="C",2,IF(I68="D",1,0)))))+IF(J68="S",5,IF(J68="A",4,IF(J68="B",3,IF(J68="C",2,IF(J68="D",1,0)))))+IF(K68="S",5,IF(K68="A",4,IF(K68="B",3,IF(K68="C",2,IF(K68="D",1,0))))))/5,"") | M68: ='07b_하반기입력'!L16 | N68: ='07b_하반기입력'!M16 | O68: =IF(N68<>"",N68,IF(M68<>"",M68,IF(L68="","",IF(L68>=4.5,"S",IF(L68>=3.5,"A",IF(L68>=2.5,"B",IF(L68>=1.5,"C","D"))))))) | P68: =IF(O68="","",IF(O68="S",5,IF(O68="A",4,IF(O68="B",3,IF(O68="C",2,IF(O68="D",1,0))))))
A69: ='01_인적정보'!A17 | B69: ='01_인적정보'!B17 | C69: ='01_인적정보'!C17 | D69: ='01_인적정보'!E17 | E69: ='01_인적정보'!H17 | F69: =IFERROR(VLOOKUP('01_인적정보'!M17,'13_직무역할DB'!$A$6:$D$70,4,FALSE),"") | G69: ='07b_하반기입력'!G17 | H69: ='07b_하반기입력'!H17 | I69: ='07b_하반기입력'!I17 | J69: ='07b_하반기입력'!J17 | K69: ='07b_하반기입력'!K17 | L69: =IFERROR((IF(G69="S",5,IF(G69="A",4,IF(G69="B",3,IF(G69="C",2,IF(G69="D",1,0)))))+IF(H69="S",5,IF(H69="A",4,IF(H69="B",3,IF(H69="C",2,IF(H69="D",1,0)))))+IF(I69="S",5,IF(I69="A",4,IF(I69="B",3,IF(I69="C",2,IF(I69="D",1,0)))))+IF(J69="S",5,IF(J69="A",4,IF(J69="B",3,IF(J69="C",2,IF(J69="D",1,0)))))+IF(K69="S",5,IF(K69="A",4,IF(K69="B",3,IF(K69="C",2,IF(K69="D",1,0))))))/5,"") | M69: ='07b_하반기입력'!L17 | N69: ='07b_하반기입력'!M17 | O69: =IF(N69<>"",N69,IF(M69<>"",M69,IF(L69="","",IF(L69>=4.5,"S",IF(L69>=3.5,"A",IF(L69>=2.5,"B",IF(L69>=1.5,"C","D"))))))) | P69: =IF(O69="","",IF(O69="S",5,IF(O69="A",4,IF(O69="B",3,IF(O69="C",2,IF(O69="D",1,0))))))
... A91: ='01_인적정보'!A39 | B91: ='01_인적정보'!B39 | C91: ='01_인적정보'!C39 | D91: ='01_인적정보'!E39 | E91: ='01_인적정보'!H39 | F91: =IFERROR(VLOOKUP('01_인적정보'!M39,'13_직무역할DB'!$A$6:$D$70,4,FALSE),"") | G91: ='07b_하반기입력'!G39 | H91: ='07b_하반기입력'!H39 | I91: ='07b_하반기입력'!I39 | J91: ='07b_하반기입력'!J39 | K91: ='07b_하반기입력'!K39 | L91: =IFERROR((IF(G91="S",5,IF(G91="A",4,IF(G91="B",3,IF(G91="C",2,IF(G91="D",1,0)))))+IF(H91="S",5,IF(H91="A",4,IF(H91="B",3,IF(H91="C",2,IF(H91="D",1,0)))))+IF(I91="S",5,IF(I91="A",4,IF(I91="B",3,IF(I91="C",2,IF(I91="D",1,0)))))+IF(J91="S",5,IF(J91="A",4,IF(J91="B",3,IF(J91="C",2,IF(J91="D",1,0)))))+IF(K91="S",5,IF(K91="A",4,IF(K91="B",3,IF(K91="C",2,IF(K91="D",1,0))))))/5,"") | M91: ='07b_하반기입력'!L39 | N91: ='07b_하반기입력'!M39 | O91: =IF(N91<>"",N91,IF(M91<>"",M91,IF(L91="","",IF(L91>=4.5,"S",IF(L91>=3.5,"A",IF(L91>=2.5,"B",IF(L91>=1.5,"C","D"))))))) | P91: =IF(O91="","",IF(O91="S",5,IF(O91="A",4,IF(O91="B",3,IF(O91="C",2,IF(O91="D",1,0))))))

Sheet 05_공통역량평가
A1: 공통역량평가 — 전사 공통 11개 역량 (1·2차 평가자 평균)
A2: ★ [자동 산출 시트] - 07a/07b의 11개 역량 등급을 가중합산. 결과 검토용.
A4: ■ 상반기 공통역량평가
A5: No. | B5: 사번 | C5: 성명 | D5: 역할등급 | E5: C-1 직무 전문성 | F5: C-2 분석력 | G5: C-3 기획/실행력 | H5: C-4 자원·시간 관리 | I5: C-5 협업 능력 | J5: C-6 소통 능력 | K5: C-7 윤리/책임감 | L5: C-8 업무 태도 | M5: C-9 혁신 역량 | N5: C-10 프로세스 개선 | O5: C-11 지속가능 기여 | P5: 가중합산 | Q5: 등급 | R5: 소견
A6: ='01_인적정보'!A6 | B6: ='01_인적정보'!B6 | C6: ='01_인적정보'!C6 | D6: ='01_인적정보'!H6 | E6: ='07a_상반기입력'!N6 | F6: ='07a_상반기입력'!O6 | G6: ='07a_상반기입력'!P6 | H6: ='07a_상반기입력'!Q6 | I6: ='07a_상반기입력'!R6 | J6: ='07a_상반기입력'!S6 | K6: ='07a_상반기입력'!T6 | L6: ='07a_상반기입력'!U6 | ... O6: ='07a_상반기입력'!X6 | P6: =IFERROR(IF(COUNTBLANK(E6:O6)>0,"",0.15*IF(E6="S",5,IF(E6="A",4,IF(E6="B",3,IF(E6="C",2,IF(E6="D",1,0)))))+0.1*IF(F6="S",5,IF(F6="A",4,IF(F6="B",3,IF(F6="C",2,IF(F6="D",1,0)))))+0.1*IF(G6="S",5,IF(G6="A",4,IF(G6="B",3,IF(G6="C",2,IF(G6="D",1,0)))))+0.1*IF(H6="S",5,IF(H6="A",4,IF(H6="B",3,IF(H6="C",2,IF(H6="D",1,0)))))+0.1*IF(I6="S",5,IF(I6="A",4,IF(I6="B",3,IF(I6="C",2,IF(I6="D",1,0)))))+0.1*IF(J6="S",5,IF(J6="A",4,IF(J6="B",3,IF(J6="C",2,IF(J6="D",1,0)))))+0.1*IF(K6="S",5,IF(K6="A",4,IF(K6="B",3,IF(K6="C",2,IF(K6="D",1,0)))))+0.1*IF(L6="S",5,IF(L6="A",4,IF(L6="B",3,IF(L6="C",2,IF(L6="D",1,0)))))+0.05*IF(M6="S",5,IF(M6="A",4,IF(M6="B",3,IF(M6="C",2,IF(M6="D",1,0)))))+0.05*IF(N6="S",5,IF(N6="A",4,IF(N6="B",3,IF(N6="C",2,IF(N6="D",1,0)))))+0.05*IF(O6="S",5,IF(O6="A",4,IF(O6="B",3,IF(O6="C",2,IF(O6="D",1,0)))))),"") | Q6: =IF(P6="","",IF(P6>=4.5,"S",IF(P6>=3.5,"A",IF(P6>=2.5,"B",IF(P6>=1.5,"C","D")))))
A7: ='01_인적정보'!A7 | B7: ='01_인적정보'!B7 | C7: ='01_인적정보'!C7 | D7: ='01_인적정보'!H7 | E7: ='07a_상반기입력'!N7 | F7: ='07a_상반기입력'!O7 | G7: ='07a_상반기입력'!P7 | H7: ='07a_상반기입력'!Q7 | I7: ='07a_상반기입력'!R7 | J7: ='07a_상반기입력'!S7 | K7: ='07a_상반기입력'!T7 | L7: ='07a_상반기입력'!U7 | ... O7: ='07a_상반기입력'!X7 | P7: =IFERROR(IF(COUNTBLANK(E7:O7)>0,"",0.15*IF(E7="S",5,IF(E7="A",4,IF(E7="B",3,IF(E7="C",2,IF(E7="D",1,0)))))+0.1*IF(F7="S",5,IF(F7="A",4,IF(F7="B",3,IF(F7="C",2,IF(F7="D",1,0)))))+0.1*IF(G7="S",5,IF(G7="A",4,IF(G7="B",3,IF(G7="C",2,IF(G7="D",1,0)))))+0.1*IF(H7="S",5,IF(H7="A",4,IF(H7="B",3,IF(H7="C",2,IF(H7="D",1,0)))))+0.1*IF(I7="S",5,IF(I7="A",4,IF(I7="B",3,IF(I7="C",2,IF(I7="D",1,0)))))+0.1*IF(J7="S",5,IF(J7="A",4,IF(J7="B",3,IF(J7="C",2,IF(J7="D",1,0)))))+0.1*IF(K7="S",5,IF(K7="A",4,IF(K7="B",3,IF(K7="C",2,IF(K7="D",1,0)))))+0.1*IF(L7="S",5,IF(L7="A",4,IF(L7="B",3,IF(L7="C",2,IF(L7="D",1,0)))))+0.05*IF(M7="S",5,IF(M7="A",4,IF(M7="B",3,IF(M7="C",2,IF(M7="D",1,0)))))+0.05*IF(N7="S",5,IF(N7="A",4,IF(N7="B",3,IF(N7="C",2,IF(N7="D",1,0)))))+0.05*IF(O7="S",5,IF(O7="A",4,IF(O7="B",3,IF(O7="C",2,IF(O7="D",1,0)))))),"") | Q7: =IF(P7="","",IF(P7>=4.5,"S",IF(P7>=3.5,"A",IF(P7>=2.5,"B",IF(P7>=1.5,"C","D")))))
A8: ='01_인적정보'!A8 | B8: ='01_인적정보'!B8 | C8: ='01_인적정보'!C8 | D8: ='01_인적정보'!H8 | E8: ='07a_상반기입력'!N8 | F8: ='07a_상반기입력'!O8 | G8: ='07a_상반기입력'!P8 | H8: ='07a_상반기입력'!Q8 | I8: ='07a_상반기입력'!R8 | J8: ='07a_상반기입력'!S8 | K8: ='07a_상반기입력'!T8 | L8: ='07a_상반기입력'!U8 | ... O8: ='07a_상반기입력'!X8 | P8: =IFERROR(IF(COUNTBLANK(E8:O8)>0,"",0.15*IF(E8="S",5,IF(E8="A",4,IF(E8="B",3,IF(E8="C",2,IF(E8="D",1,0)))))+0.1*IF(F8="S",5,IF(F8="A",4,IF(F8="B",3,IF(F8="C",2,IF(F8="D",1,0)))))+0.1*IF(G8="S",5,IF(G8="A",4,IF(G8="B",3,IF(G8="C",2,IF(G8="D",1,0)))))+0.1*IF(H8="S",5,IF(H8="A",4,IF(H8="B",3,IF(H8="C",2,IF(H8="D",1,0)))))+0.1*IF(I8="S",5,IF(I8="A",4,IF(I8="B",3,IF(I8="C",2,IF(I8="D",1,0)))))+0.1*IF(J8="S",5,IF(J8="A",4,IF(J8="B",3,IF(J8="C",2,IF(J8="D",1,0)))))+0.1*IF(K8="S",5,IF(K8="A",4,IF(K8="B",3,IF(K8="C",2,IF(K8="D",1,0)))))+0.1*IF(L8="S",5,IF(L8="A",4,IF(L8="B",3,IF(L8="C",2,IF(L8="D",1,0)))))+0.05*IF(M8="S",5,IF(M8="A",4,IF(M8="B",3,IF(M8="C",2,IF(M8="D",1,0)))))+0.05*IF(N8="S",5,IF(N8="A",4,IF(N8="B",3,IF(N8="C",2,IF(N8="D",1,0)))))+0.05*IF(O8="S",5,IF(O8="A",4,IF(O8="B",3,IF(O8="C",2,IF(O8="D",1,0)))))),"") | Q8: =IF(P8="","",IF(P8>=4.5,"S",IF(P8>=3.5,"A",IF(P8>=2.5,"B",IF(P8>=1.5,"C","D")))))
A9: ='01_인적정보'!A9 | B9: ='01_인적정보'!B9 | C9: ='01_인적정보'!C9 | D9: ='01_인적정보'!H9 | E9: ='07a_상반기입력'!N9 | F9: ='07a_상반기입력'!O9 | G9: ='07a_상반기입력'!P9 | H9: ='07a_상반기입력'!Q9 | I9: ='07a_상반기입력'!R9 | J9: ='07a_상반기입력'!S9 | K9: ='07a_상반기입력'!T9 | L9: ='07a_상반기입력'!U9 | ... O9: ='07a_상반기입력'!X9 | P9: =IFERROR(IF(COUNTBLANK(E9:O9)>0,"",0.15*IF(E9="S",5,IF(E9="A",4,IF(E9="B",3,IF(E9="C",2,IF(E9="D",1,0)))))+0.1*IF(F9="S",5,IF(F9="A",4,IF(F9="B",3,IF(F9="C",2,IF(F9="D",1,0)))))+0.1*IF(G9="S",5,IF(G9="A",4,IF(G9="B",3,IF(G9="C",2,IF(G9="D",1,0)))))+0.1*IF(H9="S",5,IF(H9="A",4,IF(H9="B",3,IF(H9="C",2,IF(H9="D",1,0)))))+0.1*IF(I9="S",5,IF(I9="A",4,IF(I9="B",3,IF(I9="C",2,IF(I9="D",1,0)))))+0.1*IF(J9="S",5,IF(J9="A",4,IF(J9="B",3,IF(J9="C",2,IF(J9="D",1,0)))))+0.1*IF(K9="S",5,IF(K9="A",4,IF(K9="B",3,IF(K9="C",2,IF(K9="D",1,0)))))+0.1*IF(L9="S",5,IF(L9="A",4,IF(L9="B",3,IF(L9="C",2,IF(L9="D",1,0)))))+0.05*IF(M9="S",5,IF(M9="A",4,IF(M9="B",3,IF(M9="C",2,IF(M9="D",1,0)))))+0.05*IF(N9="S",5,IF(N9="A",4,IF(N9="B",3,IF(N9="C",2,IF(N9="D",1,0)))))+0.05*IF(O9="S",5,IF(O9="A",4,IF(O9="B",3,IF(O9="C",2,IF(O9="D",1,0)))))),"") | Q9: =IF(P9="","",IF(P9>=4.5,"S",IF(P9>=3.5,"A",IF(P9>=2.5,"B",IF(P9>=1.5,"C","D")))))
A10: ='01_인적정보'!A10 | B10: ='01_인적정보'!B10 | C10: ='01_인적정보'!C10 | D10: ='01_인적정보'!H10 | E10: ='07a_상반기입력'!N10 | F10: ='07a_상반기입력'!O10 | G10: ='07a_상반기입력'!P10 | H10: ='07a_상반기입력'!Q10 | I10: ='07a_상반기입력'!R10 | J10: ='07a_상반기입력'!S10 | K10: ='07a_상반기입력'!T10 | L10: ='07a_상반기입력'!U10 | ... O10: ='07a_상반기입력'!X10 | P10: =IFERROR(IF(COUNTBLANK(E10:O10)>0,"",0.15*IF(E10="S",5,IF(E10="A",4,IF(E10="B",3,IF(E10="C",2,IF(E10="D",1,0)))))+0.1*IF(F10="S",5,IF(F10="A",4,IF(F10="B",3,IF(F10="C",2,IF(F10="D",1,0)))))+0.1*IF(G10="S",5,IF(G10="A",4,IF(G10="B",3,IF(G10="C",2,IF(G10="D",1,0)))))+0.1*IF(H10="S",5,IF(H10="A",4,IF(H10="B",3,IF(H10="C",2,IF(H10="D",1,0)))))+0.1*IF(I10="S",5,IF(I10="A",4,IF(I10="B",3,IF(I10="C",2,IF(I10="D",1,0)))))+0.1*IF(J10="S",5,IF(J10="A",4,IF(J10="B",3,IF(J10="C",2,IF(J10="D",1,0)))))+0.1*IF(K10="S",5,IF(K10="A",4,IF(K10="B",3,IF(K10="C",2,IF(K10="D",1,0)))))+0.1*IF(L10="S",5,IF(L10="A",4,IF(L10="B",3,IF(L10="C",2,IF(L10="D",1,0)))))+0.05*IF(M10="S",5,IF(M10="A",4,IF(M10="B",3,IF(M10="C",2,IF(M10="D",1,0)))))+0.05*IF(N10="S",5,IF(N10="A",4,IF(N10="B",3,IF(N10="C",2,IF(N10="D",1,0)))))+0.05*IF(O10="S",5,IF(O10="A",4,IF(O10="B",3,IF(O10="C",2,IF(O10="D",1,0)))))),"") | Q10: =IF(P10="","",IF(P10>=4.5,"S",IF(P10>=3.5,"A",IF(P10>=2.5,"B",IF(P10>=1.5,"C","D")))))
A11: ='01_인적정보'!A11 | B11: ='01_인적정보'!B11 | C11: ='01_인적정보'!C11 | D11: ='01_인적정보'!H11 | E11: ='07a_상반기입력'!N11 | F11: ='07a_상반기입력'!O11 | G11: ='07a_상반기입력'!P11 | H11: ='07a_상반기입력'!Q11 | I11: ='07a_상반기입력'!R11 | J11: ='07a_상반기입력'!S11 | K11: ='07a_상반기입력'!T11 | L11: ='07a_상반기입력'!U11 | ... O11: ='07a_상반기입력'!X11 | P11: =IFERROR(IF(COUNTBLANK(E11:O11)>0,"",0.15*IF(E11="S",5,IF(E11="A",4,IF(E11="B",3,IF(E11="C",2,IF(E11="D",1,0)))))+0.1*IF(F11="S",5,IF(F11="A",4,IF(F11="B",3,IF(F11="C",2,IF(F11="D",1,0)))))+0.1*IF(G11="S",5,IF(G11="A",4,IF(G11="B",3,IF(G11="C",2,IF(G11="D",1,0)))))+0.1*IF(H11="S",5,IF(H11="A",4,IF(H11="B",3,IF(H11="C",2,IF(H11="D",1,0)))))+0.1*IF(I11="S",5,IF(I11="A",4,IF(I11="B",3,IF(I11="C",2,IF(I11="D",1,0)))))+0.1*IF(J11="S",5,IF(J11="A",4,IF(J11="B",3,IF(J11="C",2,IF(J11="D",1,0)))))+0.1*IF(K11="S",5,IF(K11="A",4,IF(K11="B",3,IF(K11="C",2,IF(K11="D",1,0)))))+0.1*IF(L11="S",5,IF(L11="A",4,IF(L11="B",3,IF(L11="C",2,IF(L11="D",1,0)))))+0.05*IF(M11="S",5,IF(M11="A",4,IF(M11="B",3,IF(M11="C",2,IF(M11="D",1,0)))))+0.05*IF(N11="S",5,IF(N11="A",4,IF(N11="B",3,IF(N11="C",2,IF(N11="D",1,0)))))+0.05*IF(O11="S",5,IF(O11="A",4,IF(O11="B",3,IF(O11="C",2,IF(O11="D",1,0)))))),"") | Q11: =IF(P11="","",IF(P11>=4.5,"S",IF(P11>=3.5,"A",IF(P11>=2.5,"B",IF(P11>=1.5,"C","D")))))
A12: ='01_인적정보'!A12 | B12: ='01_인적정보'!B12 | C12: ='01_인적정보'!C12 | D12: ='01_인적정보'!H12 | E12: ='07a_상반기입력'!N12 | F12: ='07a_상반기입력'!O12 | G12: ='07a_상반기입력'!P12 | H12: ='07a_상반기입력'!Q12 | I12: ='07a_상반기입력'!R12 | J12: ='07a_상반기입력'!S12 | K12: ='07a_상반기입력'!T12 | L12: ='07a_상반기입력'!U12 | ... O12: ='07a_상반기입력'!X12 | P12: =IFERROR(IF(COUNTBLANK(E12:O12)>0,"",0.15*IF(E12="S",5,IF(E12="A",4,IF(E12="B",3,IF(E12="C",2,IF(E12="D",1,0)))))+0.1*IF(F12="S",5,IF(F12="A",4,IF(F12="B",3,IF(F12="C",2,IF(F12="D",1,0)))))+0.1*IF(G12="S",5,IF(G12="A",4,IF(G12="B",3,IF(G12="C",2,IF(G12="D",1,0)))))+0.1*IF(H12="S",5,IF(H12="A",4,IF(H12="B",3,IF(H12="C",2,IF(H12="D",1,0)))))+0.1*IF(I12="S",5,IF(I12="A",4,IF(I12="B",3,IF(I12="C",2,IF(I12="D",1,0)))))+0.1*IF(J12="S",5,IF(J12="A",4,IF(J12="B",3,IF(J12="C",2,IF(J12="D",1,0)))))+0.1*IF(K12="S",5,IF(K12="A",4,IF(K12="B",3,IF(K12="C",2,IF(K12="D",1,0)))))+0.1*IF(L12="S",5,IF(L12="A",4,IF(L12="B",3,IF(L12="C",2,IF(L12="D",1,0)))))+0.05*IF(M12="S",5,IF(M12="A",4,IF(M12="B",3,IF(M12="C",2,IF(M12="D",1,0)))))+0.05*IF(N12="S",5,IF(N12="A",4,IF(N12="B",3,IF(N12="C",2,IF(N12="D",1,0)))))+0.05*IF(O12="S",5,IF(O12="A",4,IF(O12="B",3,IF(O12="C",2,IF(O12="D",1,0)))))),"") | Q12: =IF(P12="","",IF(P12>=4.5,"S",IF(P12>=3.5,"A",IF(P12>=2.5,"B",IF(P12>=1.5,"C","D")))))
A13: ='01_인적정보'!A13 | B13: ='01_인적정보'!B13 | C13: ='01_인적정보'!C13 | D13: ='01_인적정보'!H13 | E13: ='07a_상반기입력'!N13 | F13: ='07a_상반기입력'!O13 | G13: ='07a_상반기입력'!P13 | H13: ='07a_상반기입력'!Q13 | I13: ='07a_상반기입력'!R13 | J13: ='07a_상반기입력'!S13 | K13: ='07a_상반기입력'!T13 | L13: ='07a_상반기입력'!U13 | ... O13: ='07a_상반기입력'!X13 | P13: =IFERROR(IF(COUNTBLANK(E13:O13)>0,"",0.15*IF(E13="S",5,IF(E13="A",4,IF(E13="B",3,IF(E13="C",2,IF(E13="D",1,0)))))+0.1*IF(F13="S",5,IF(F13="A",4,IF(F13="B",3,IF(F13="C",2,IF(F13="D",1,0)))))+0.1*IF(G13="S",5,IF(G13="A",4,IF(G13="B",3,IF(G13="C",2,IF(G13="D",1,0)))))+0.1*IF(H13="S",5,IF(H13="A",4,IF(H13="B",3,IF(H13="C",2,IF(H13="D",1,0)))))+0.1*IF(I13="S",5,IF(I13="A",4,IF(I13="B",3,IF(I13="C",2,IF(I13="D",1,0)))))+0.1*IF(J13="S",5,IF(J13="A",4,IF(J13="B",3,IF(J13="C",2,IF(J13="D",1,0)))))+0.1*IF(K13="S",5,IF(K13="A",4,IF(K13="B",3,IF(K13="C",2,IF(K13="D",1,0)))))+0.1*IF(L13="S",5,IF(L13="A",4,IF(L13="B",3,IF(L13="C",2,IF(L13="D",1,0)))))+0.05*IF(M13="S",5,IF(M13="A",4,IF(M13="B",3,IF(M13="C",2,IF(M13="D",1,0)))))+0.05*IF(N13="S",5,IF(N13="A",4,IF(N13="B",3,IF(N13="C",2,IF(N13="D",1,0)))))+0.05*IF(O13="S",5,IF(O13="A",4,IF(O13="B",3,IF(O13="C",2,IF(O13="D",1,0)))))),"") | Q13: =IF(P13="","",IF(P13>=4.5,"S",IF(P13>=3.5,"A",IF(P13>=2.5,"B",IF(P13>=1.5,"C","D")))))
A14: ='01_인적정보'!A14 | B14: ='01_인적정보'!B14 | C14: ='01_인적정보'!C14 | D14: ='01_인적정보'!H14 | E14: ='07a_상반기입력'!N14 | F14: ='07a_상반기입력'!O14 | G14: ='07a_상반기입력'!P14 | H14: ='07a_상반기입력'!Q14 | I14: ='07a_상반기입력'!R14 | J14: ='07a_상반기입력'!S14 | K14: ='07a_상반기입력'!T14 | L14: ='07a_상반기입력'!U14 | ... O14: ='07a_상반기입력'!X14 | P14: =IFERROR(IF(COUNTBLANK(E14:O14)>0,"",0.15*IF(E14="S",5,IF(E14="A",4,IF(E14="B",3,IF(E14="C",2,IF(E14="D",1,0)))))+0.1*IF(F14="S",5,IF(F14="A",4,IF(F14="B",3,IF(F14="C",2,IF(F14="D",1,0)))))+0.1*IF(G14="S",5,IF(G14="A",4,IF(G14="B",3,IF(G14="C",2,IF(G14="D",1,0)))))+0.1*IF(H14="S",5,IF(H14="A",4,IF(H14="B",3,IF(H14="C",2,IF(H14="D",1,0)))))+0.1*IF(I14="S",5,IF(I14="A",4,IF(I14="B",3,IF(I14="C",2,IF(I14="D",1,0)))))+0.1*IF(J14="S",5,IF(J14="A",4,IF(J14="B",3,IF(J14="C",2,IF(J14="D",1,0)))))+0.1*IF(K14="S",5,IF(K14="A",4,IF(K14="B",3,IF(K14="C",2,IF(K14="D",1,0)))))+0.1*IF(L14="S",5,IF(L14="A",4,IF(L14="B",3,IF(L14="C",2,IF(L14="D",1,0)))))+0.05*IF(M14="S",5,IF(M14="A",4,IF(M14="B",3,IF(M14="C",2,IF(M14="D",1,0)))))+0.05*IF(N14="S",5,IF(N14="A",4,IF(N14="B",3,IF(N14="C",2,IF(N14="D",1,0)))))+0.05*IF(O14="S",5,IF(O14="A",4,IF(O14="B",3,IF(O14="C",2,IF(O14="D",1,0)))))),"") | Q14: =IF(P14="","",IF(P14>=4.5,"S",IF(P14>=3.5,"A",IF(P14>=2.5,"B",IF(P14>=1.5,"C","D")))))
A15: ='01_인적정보'!A15 | B15: ='01_인적정보'!B15 | C15: ='01_인적정보'!C15 | D15: ='01_인적정보'!H15 | E15: ='07a_상반기입력'!N15 | F15: ='07a_상반기입력'!O15 | G15: ='07a_상반기입력'!P15 | H15: ='07a_상반기입력'!Q15 | I15: ='07a_상반기입력'!R15 | J15: ='07a_상반기입력'!S15 | K15: ='07a_상반기입력'!T15 | L15: ='07a_상반기입력'!U15 | ... O15: ='07a_상반기입력'!X15 | P15: =IFERROR(IF(COUNTBLANK(E15:O15)>0,"",0.15*IF(E15="S",5,IF(E15="A",4,IF(E15="B",3,IF(E15="C",2,IF(E15="D",1,0)))))+0.1*IF(F15="S",5,IF(F15="A",4,IF(F15="B",3,IF(F15="C",2,IF(F15="D",1,0)))))+0.1*IF(G15="S",5,IF(G15="A",4,IF(G15="B",3,IF(G15="C",2,IF(G15="D",1,0)))))+0.1*IF(H15="S",5,IF(H15="A",4,IF(H15="B",3,IF(H15="C",2,IF(H15="D",1,0)))))+0.1*IF(I15="S",5,IF(I15="A",4,IF(I15="B",3,IF(I15="C",2,IF(I15="D",1,0)))))+0.1*IF(J15="S",5,IF(J15="A",4,IF(J15="B",3,IF(J15="C",2,IF(J15="D",1,0)))))+0.1*IF(K15="S",5,IF(K15="A",4,IF(K15="B",3,IF(K15="C",2,IF(K15="D",1,0)))))+0.1*IF(L15="S",5,IF(L15="A",4,IF(L15="B",3,IF(L15="C",2,IF(L15="D",1,0)))))+0.05*IF(M15="S",5,IF(M15="A",4,IF(M15="B",3,IF(M15="C",2,IF(M15="D",1,0)))))+0.05*IF(N15="S",5,IF(N15="A",4,IF(N15="B",3,IF(N15="C",2,IF(N15="D",1,0)))))+0.05*IF(O15="S",5,IF(O15="A",4,IF(O15="B",3,IF(O15="C",2,IF(O15="D",1,0)))))),"") | Q15: =IF(P15="","",IF(P15>=4.5,"S",IF(P15>=3.5,"A",IF(P15>=2.5,"B",IF(P15>=1.5,"C","D")))))
A16: ='01_인적정보'!A16 | B16: ='01_인적정보'!B16 | C16: ='01_인적정보'!C16 | D16: ='01_인적정보'!H16 | E16: ='07a_상반기입력'!N16 | F16: ='07a_상반기입력'!O16 | G16: ='07a_상반기입력'!P16 | H16: ='07a_상반기입력'!Q16 | I16: ='07a_상반기입력'!R16 | J16: ='07a_상반기입력'!S16 | K16: ='07a_상반기입력'!T16 | L16: ='07a_상반기입력'!U16 | ... O16: ='07a_상반기입력'!X16 | P16: =IFERROR(IF(COUNTBLANK(E16:O16)>0,"",0.15*IF(E16="S",5,IF(E16="A",4,IF(E16="B",3,IF(E16="C",2,IF(E16="D",1,0)))))+0.1*IF(F16="S",5,IF(F16="A",4,IF(F16="B",3,IF(F16="C",2,IF(F16="D",1,0)))))+0.1*IF(G16="S",5,IF(G16="A",4,IF(G16="B",3,IF(G16="C",2,IF(G16="D",1,0)))))+0.1*IF(H16="S",5,IF(H16="A",4,IF(H16="B",3,IF(H16="C",2,IF(H16="D",1,0)))))+0.1*IF(I16="S",5,IF(I16="A",4,IF(I16="B",3,IF(I16="C",2,IF(I16="D",1,0)))))+0.1*IF(J16="S",5,IF(J16="A",4,IF(J16="B",3,IF(J16="C",2,IF(J16="D",1,0)))))+0.1*IF(K16="S",5,IF(K16="A",4,IF(K16="B",3,IF(K16="C",2,IF(K16="D",1,0)))))+0.1*IF(L16="S",5,IF(L16="A",4,IF(L16="B",3,IF(L16="C",2,IF(L16="D",1,0)))))+0.05*IF(M16="S",5,IF(M16="A",4,IF(M16="B",3,IF(M16="C",2,IF(M16="D",1,0)))))+0.05*IF(N16="S",5,IF(N16="A",4,IF(N16="B",3,IF(N16="C",2,IF(N16="D",1,0)))))+0.05*IF(O16="S",5,IF(O16="A",4,IF(O16="B",3,IF(O16="C",2,IF(O16="D",1,0)))))),"") | Q16: =IF(P16="","",IF(P16>=4.5,"S",IF(P16>=3.5,"A",IF(P16>=2.5,"B",IF(P16>=1.5,"C","D")))))
A17: ='01_인적정보'!A17 | B17: ='01_인적정보'!B17 | C17: ='01_인적정보'!C17 | D17: ='01_인적정보'!H17 | E17: ='07a_상반기입력'!N17 | F17: ='07a_상반기입력'!O17 | G17: ='07a_상반기입력'!P17 | H17: ='07a_상반기입력'!Q17 | I17: ='07a_상반기입력'!R17 | J17: ='07a_상반기입력'!S17 | K17: ='07a_상반기입력'!T17 | L17: ='07a_상반기입력'!U17 | ... O17: ='07a_상반기입력'!X17 | P17: =IFERROR(IF(COUNTBLANK(E17:O17)>0,"",0.15*IF(E17="S",5,IF(E17="A",4,IF(E17="B",3,IF(E17="C",2,IF(E17="D",1,0)))))+0.1*IF(F17="S",5,IF(F17="A",4,IF(F17="B",3,IF(F17="C",2,IF(F17="D",1,0)))))+0.1*IF(G17="S",5,IF(G17="A",4,IF(G17="B",3,IF(G17="C",2,IF(G17="D",1,0)))))+0.1*IF(H17="S",5,IF(H17="A",4,IF(H17="B",3,IF(H17="C",2,IF(H17="D",1,0)))))+0.1*IF(I17="S",5,IF(I17="A",4,IF(I17="B",3,IF(I17="C",2,IF(I17="D",1,0)))))+0.1*IF(J17="S",5,IF(J17="A",4,IF(J17="B",3,IF(J17="C",2,IF(J17="D",1,0)))))+0.1*IF(K17="S",5,IF(K17="A",4,IF(K17="B",3,IF(K17="C",2,IF(K17="D",1,0)))))+0.1*IF(L17="S",5,IF(L17="A",4,IF(L17="B",3,IF(L17="C",2,IF(L17="D",1,0)))))+0.05*IF(M17="S",5,IF(M17="A",4,IF(M17="B",3,IF(M17="C",2,IF(M17="D",1,0)))))+0.05*IF(N17="S",5,IF(N17="A",4,IF(N17="B",3,IF(N17="C",2,IF(N17="D",1,0)))))+0.05*IF(O17="S",5,IF(O17="A",4,IF(O17="B",3,IF(O17="C",2,IF(O17="D",1,0)))))),"") | Q17: =IF(P17="","",IF(P17>=4.5,"S",IF(P17>=3.5,"A",IF(P17>=2.5,"B",IF(P17>=1.5,"C","D")))))
... A39: ='01_인적정보'!A39 | B39: ='01_인적정보'!B39 | C39: ='01_인적정보'!C39 | D39: ='01_인적정보'!H39 | E39: ='07a_상반기입력'!N39 | F39: ='07a_상반기입력'!O39 | G39: ='07a_상반기입력'!P39 | H39: ='07a_상반기입력'!Q39 | I39: ='07a_상반기입력'!R39 | J39: ='07a_상반기입력'!S39 | K39: ='07a_상반기입력'!T39 | L39: ='07a_상반기입력'!U39 | ... O39: ='07a_상반기입력'!X39 | P39: =IFERROR(IF(COUNTBLANK(E39:O39)>0,"",0.15*IF(E39="S",5,IF(E39="A",4,IF(E39="B",3,IF(E39="C",2,IF(E39="D",1,0)))))+0.1*IF(F39="S",5,IF(F39="A",4,IF(F39="B",3,IF(F39="C",2,IF(F39="D",1,0)))))+0.1*IF(G39="S",5,IF(G39="A",4,IF(G39="B",3,IF(G39="C",2,IF(G39="D",1,0)))))+0.1*IF(H39="S",5,IF(H39="A",4,IF(H39="B",3,IF(H39="C",2,IF(H39="D",1,0)))))+0.1*IF(I39="S",5,IF(I39="A",4,IF(I39="B",3,IF(I39="C",2,IF(I39="D",1,0)))))+0.1*IF(J39="S",5,IF(J39="A",4,IF(J39="B",3,IF(J39="C",2,IF(J39="D",1,0)))))+0.1*IF(K39="S",5,IF(K39="A",4,IF(K39="B",3,IF(K39="C",2,IF(K39="D",1,0)))))+0.1*IF(L39="S",5,IF(L39="A",4,IF(L39="B",3,IF(L39="C",2,IF(L39="D",1,0)))))+0.05*IF(M39="S",5,IF(M39="A",4,IF(M39="B",3,IF(M39="C",2,IF(M39="D",1,0)))))+0.05*IF(N39="S",5,IF(N39="A",4,IF(N39="B",3,IF(N39="C",2,IF(N39="D",1,0)))))+0.05*IF(O39="S",5,IF(O39="A",4,IF(O39="B",3,IF(O39="C",2,IF(O39="D",1,0)))))),"") | Q39: =IF(P39="","",IF(P39>=4.5,"S",IF(P39>=3.5,"A",IF(P39>=2.5,"B",IF(P39>=1.5,"C","D")))))
A44: ■ 하반기 공통역량평가
A45: No. | B45: 사번 | C45: 성명 | D45: 역할등급 | E45: C-1 직무 전문성 | F45: C-2 분석력 | G45: C-3 기획/실행력 | H45: C-4 자원·시간 관리 | I45: C-5 협업 능력 | J45: C-6 소통 능력 | K45: C-7 윤리/책임감 | L45: C-8 업무 태도 | M45: C-9 혁신 역량 | N45: C-10 프로세스 개선 | O45: C-11 지속가능 기여 | P45: 가중합산 | Q45: 등급 | R45: 소견
A46: ='01_인적정보'!A6 | B46: ='01_인적정보'!B6 | C46: ='01_인적정보'!C6 | D46: ='01_인적정보'!H6 | E46: ='07b_하반기입력'!N6 | F46: ='07b_하반기입력'!O6 | G46: ='07b_하반기입력'!P6 | H46: ='07b_하반기입력'!Q6 | I46: ='07b_하반기입력'!R6 | J46: ='07b_하반기입력'!S6 | K46: ='07b_하반기입력'!T6 | L46: ='07b_하반기입력'!U6 | ... O46: ='07b_하반기입력'!X6 | P46: =IFERROR(IF(COUNTBLANK(E46:O46)>0,"",0.15*IF(E46="S",5,IF(E46="A",4,IF(E46="B",3,IF(E46="C",2,IF(E46="D",1,0)))))+0.1*IF(F46="S",5,IF(F46="A",4,IF(F46="B",3,IF(F46="C",2,IF(F46="D",1,0)))))+0.1*IF(G46="S",5,IF(G46="A",4,IF(G46="B",3,IF(G46="C",2,IF(G46="D",1,0)))))+0.1*IF(H46="S",5,IF(H46="A",4,IF(H46="B",3,IF(H46="C",2,IF(H46="D",1,0)))))+0.1*IF(I46="S",5,IF(I46="A",4,IF(I46="B",3,IF(I46="C",2,IF(I46="D",1,0)))))+0.1*IF(J46="S",5,IF(J46="A",4,IF(J46="B",3,IF(J46="C",2,IF(J46="D",1,0)))))+0.1*IF(K46="S",5,IF(K46="A",4,IF(K46="B",3,IF(K46="C",2,IF(K46="D",1,0)))))+0.1*IF(L46="S",5,IF(L46="A",4,IF(L46="B",3,IF(L46="C",2,IF(L46="D",1,0)))))+0.05*IF(M46="S",5,IF(M46="A",4,IF(M46="B",3,IF(M46="C",2,IF(M46="D",1,0)))))+0.05*IF(N46="S",5,IF(N46="A",4,IF(N46="B",3,IF(N46="C",2,IF(N46="D",1,0)))))+0.05*IF(O46="S",5,IF(O46="A",4,IF(O46="B",3,IF(O46="C",2,IF(O46="D",1,0)))))),"") | Q46: =IF(P46="","",IF(P46>=4.5,"S",IF(P46>=3.5,"A",IF(P46>=2.5,"B",IF(P46>=1.5,"C","D")))))
A47: ='01_인적정보'!A7 | B47: ='01_인적정보'!B7 | C47: ='01_인적정보'!C7 | D47: ='01_인적정보'!H7 | E47: ='07b_하반기입력'!N7 | F47: ='07b_하반기입력'!O7 | G47: ='07b_하반기입력'!P7 | H47: ='07b_하반기입력'!Q7 | I47: ='07b_하반기입력'!R7 | J47: ='07b_하반기입력'!S7 | K47: ='07b_하반기입력'!T7 | L47: ='07b_하반기입력'!U7 | ... O47: ='07b_하반기입력'!X7 | P47: =IFERROR(IF(COUNTBLANK(E47:O47)>0,"",0.15*IF(E47="S",5,IF(E47="A",4,IF(E47="B",3,IF(E47="C",2,IF(E47="D",1,0)))))+0.1*IF(F47="S",5,IF(F47="A",4,IF(F47="B",3,IF(F47="C",2,IF(F47="D",1,0)))))+0.1*IF(G47="S",5,IF(G47="A",4,IF(G47="B",3,IF(G47="C",2,IF(G47="D",1,0)))))+0.1*IF(H47="S",5,IF(H47="A",4,IF(H47="B",3,IF(H47="C",2,IF(H47="D",1,0)))))+0.1*IF(I47="S",5,IF(I47="A",4,IF(I47="B",3,IF(I47="C",2,IF(I47="D",1,0)))))+0.1*IF(J47="S",5,IF(J47="A",4,IF(J47="B",3,IF(J47="C",2,IF(J47="D",1,0)))))+0.1*IF(K47="S",5,IF(K47="A",4,IF(K47="B",3,IF(K47="C",2,IF(K47="D",1,0)))))+0.1*IF(L47="S",5,IF(L47="A",4,IF(L47="B",3,IF(L47="C",2,IF(L47="D",1,0)))))+0.05*IF(M47="S",5,IF(M47="A",4,IF(M47="B",3,IF(M47="C",2,IF(M47="D",1,0)))))+0.05*IF(N47="S",5,IF(N47="A",4,IF(N47="B",3,IF(N47="C",2,IF(N47="D",1,0)))))+0.05*IF(O47="S",5,IF(O47="A",4,IF(O47="B",3,IF(O47="C",2,IF(O47="D",1,0)))))),"") | Q47: =IF(P47="","",IF(P47>=4.5,"S",IF(P47>=3.5,"A",IF(P47>=2.5,"B",IF(P47>=1.5,"C","D")))))
A48: ='01_인적정보'!A8 | B48: ='01_인적정보'!B8 | C48: ='01_인적정보'!C8 | D48: ='01_인적정보'!H8 | E48: ='07b_하반기입력'!N8 | F48: ='07b_하반기입력'!O8 | G48: ='07b_하반기입력'!P8 | H48: ='07b_하반기입력'!Q8 | I48: ='07b_하반기입력'!R8 | J48: ='07b_하반기입력'!S8 | K48: ='07b_하반기입력'!T8 | L48: ='07b_하반기입력'!U8 | ... O48: ='07b_하반기입력'!X8 | P48: =IFERROR(IF(COUNTBLANK(E48:O48)>0,"",0.15*IF(E48="S",5,IF(E48="A",4,IF(E48="B",3,IF(E48="C",2,IF(E48="D",1,0)))))+0.1*IF(F48="S",5,IF(F48="A",4,IF(F48="B",3,IF(F48="C",2,IF(F48="D",1,0)))))+0.1*IF(G48="S",5,IF(G48="A",4,IF(G48="B",3,IF(G48="C",2,IF(G48="D",1,0)))))+0.1*IF(H48="S",5,IF(H48="A",4,IF(H48="B",3,IF(H48="C",2,IF(H48="D",1,0)))))+0.1*IF(I48="S",5,IF(I48="A",4,IF(I48="B",3,IF(I48="C",2,IF(I48="D",1,0)))))+0.1*IF(J48="S",5,IF(J48="A",4,IF(J48="B",3,IF(J48="C",2,IF(J48="D",1,0)))))+0.1*IF(K48="S",5,IF(K48="A",4,IF(K48="B",3,IF(K48="C",2,IF(K48="D",1,0)))))+0.1*IF(L48="S",5,IF(L48="A",4,IF(L48="B",3,IF(L48="C",2,IF(L48="D",1,0)))))+0.05*IF(M48="S",5,IF(M48="A",4,IF(M48="B",3,IF(M48="C",2,IF(M48="D",1,0)))))+0.05*IF(N48="S",5,IF(N48="A",4,IF(N48="B",3,IF(N48="C",2,IF(N48="D",1,0)))))+0.05*IF(O48="S",5,IF(O48="A",4,IF(O48="B",3,IF(O48="C",2,IF(O48="D",1,0)))))),"") | Q48: =IF(P48="","",IF(P48>=4.5,"S",IF(P48>=3.5,"A",IF(P48>=2.5,"B",IF(P48>=1.5,"C","D")))))
A49: ='01_인적정보'!A9 | B49: ='01_인적정보'!B9 | C49: ='01_인적정보'!C9 | D49: ='01_인적정보'!H9 | E49: ='07b_하반기입력'!N9 | F49: ='07b_하반기입력'!O9 | G49: ='07b_하반기입력'!P9 | H49: ='07b_하반기입력'!Q9 | I49: ='07b_하반기입력'!R9 | J49: ='07b_하반기입력'!S9 | K49: ='07b_하반기입력'!T9 | L49: ='07b_하반기입력'!U9 | ... O49: ='07b_하반기입력'!X9 | P49: =IFERROR(IF(COUNTBLANK(E49:O49)>0,"",0.15*IF(E49="S",5,IF(E49="A",4,IF(E49="B",3,IF(E49="C",2,IF(E49="D",1,0)))))+0.1*IF(F49="S",5,IF(F49="A",4,IF(F49="B",3,IF(F49="C",2,IF(F49="D",1,0)))))+0.1*IF(G49="S",5,IF(G49="A",4,IF(G49="B",3,IF(G49="C",2,IF(G49="D",1,0)))))+0.1*IF(H49="S",5,IF(H49="A",4,IF(H49="B",3,IF(H49="C",2,IF(H49="D",1,0)))))+0.1*IF(I49="S",5,IF(I49="A",4,IF(I49="B",3,IF(I49="C",2,IF(I49="D",1,0)))))+0.1*IF(J49="S",5,IF(J49="A",4,IF(J49="B",3,IF(J49="C",2,IF(J49="D",1,0)))))+0.1*IF(K49="S",5,IF(K49="A",4,IF(K49="B",3,IF(K49="C",2,IF(K49="D",1,0)))))+0.1*IF(L49="S",5,IF(L49="A",4,IF(L49="B",3,IF(L49="C",2,IF(L49="D",1,0)))))+0.05*IF(M49="S",5,IF(M49="A",4,IF(M49="B",3,IF(M49="C",2,IF(M49="D",1,0)))))+0.05*IF(N49="S",5,IF(N49="A",4,IF(N49="B",3,IF(N49="C",2,IF(N49="D",1,0)))))+0.05*IF(O49="S",5,IF(O49="A",4,IF(O49="B",3,IF(O49="C",2,IF(O49="D",1,0)))))),"") | Q49: =IF(P49="","",IF(P49>=4.5,"S",IF(P49>=3.5,"A",IF(P49>=2.5,"B",IF(P49>=1.5,"C","D")))))
A50: ='01_인적정보'!A10 | B50: ='01_인적정보'!B10 | C50: ='01_인적정보'!C10 | D50: ='01_인적정보'!H10 | E50: ='07b_하반기입력'!N10 | F50: ='07b_하반기입력'!O10 | G50: ='07b_하반기입력'!P10 | H50: ='07b_하반기입력'!Q10 | I50: ='07b_하반기입력'!R10 | J50: ='07b_하반기입력'!S10 | K50: ='07b_하반기입력'!T10 | L50: ='07b_하반기입력'!U10 | ... O50: ='07b_하반기입력'!X10 | P50: =IFERROR(IF(COUNTBLANK(E50:O50)>0,"",0.15*IF(E50="S",5,IF(E50="A",4,IF(E50="B",3,IF(E50="C",2,IF(E50="D",1,0)))))+0.1*IF(F50="S",5,IF(F50="A",4,IF(F50="B",3,IF(F50="C",2,IF(F50="D",1,0)))))+0.1*IF(G50="S",5,IF(G50="A",4,IF(G50="B",3,IF(G50="C",2,IF(G50="D",1,0)))))+0.1*IF(H50="S",5,IF(H50="A",4,IF(H50="B",3,IF(H50="C",2,IF(H50="D",1,0)))))+0.1*IF(I50="S",5,IF(I50="A",4,IF(I50="B",3,IF(I50="C",2,IF(I50="D",1,0)))))+0.1*IF(J50="S",5,IF(J50="A",4,IF(J50="B",3,IF(J50="C",2,IF(J50="D",1,0)))))+0.1*IF(K50="S",5,IF(K50="A",4,IF(K50="B",3,IF(K50="C",2,IF(K50="D",1,0)))))+0.1*IF(L50="S",5,IF(L50="A",4,IF(L50="B",3,IF(L50="C",2,IF(L50="D",1,0)))))+0.05*IF(M50="S",5,IF(M50="A",4,IF(M50="B",3,IF(M50="C",2,IF(M50="D",1,0)))))+0.05*IF(N50="S",5,IF(N50="A",4,IF(N50="B",3,IF(N50="C",2,IF(N50="D",1,0)))))+0.05*IF(O50="S",5,IF(O50="A",4,IF(O50="B",3,IF(O50="C",2,IF(O50="D",1,0)))))),"") | Q50: =IF(P50="","",IF(P50>=4.5,"S",IF(P50>=3.5,"A",IF(P50>=2.5,"B",IF(P50>=1.5,"C","D")))))
A51: ='01_인적정보'!A11 | B51: ='01_인적정보'!B11 | C51: ='01_인적정보'!C11 | D51: ='01_인적정보'!H11 | E51: ='07b_하반기입력'!N11 | F51: ='07b_하반기입력'!O11 | G51: ='07b_하반기입력'!P11 | H51: ='07b_하반기입력'!Q11 | I51: ='07b_하반기입력'!R11 | J51: ='07b_하반기입력'!S11 | K51: ='07b_하반기입력'!T11 | L51: ='07b_하반기입력'!U11 | ... O51: ='07b_하반기입력'!X11 | P51: =IFERROR(IF(COUNTBLANK(E51:O51)>0,"",0.15*IF(E51="S",5,IF(E51="A",4,IF(E51="B",3,IF(E51="C",2,IF(E51="D",1,0)))))+0.1*IF(F51="S",5,IF(F51="A",4,IF(F51="B",3,IF(F51="C",2,IF(F51="D",1,0)))))+0.1*IF(G51="S",5,IF(G51="A",4,IF(G51="B",3,IF(G51="C",2,IF(G51="D",1,0)))))+0.1*IF(H51="S",5,IF(H51="A",4,IF(H51="B",3,IF(H51="C",2,IF(H51="D",1,0)))))+0.1*IF(I51="S",5,IF(I51="A",4,IF(I51="B",3,IF(I51="C",2,IF(I51="D",1,0)))))+0.1*IF(J51="S",5,IF(J51="A",4,IF(J51="B",3,IF(J51="C",2,IF(J51="D",1,0)))))+0.1*IF(K51="S",5,IF(K51="A",4,IF(K51="B",3,IF(K51="C",2,IF(K51="D",1,0)))))+0.1*IF(L51="S",5,IF(L51="A",4,IF(L51="B",3,IF(L51="C",2,IF(L51="D",1,0)))))+0.05*IF(M51="S",5,IF(M51="A",4,IF(M51="B",3,IF(M51="C",2,IF(M51="D",1,0)))))+0.05*IF(N51="S",5,IF(N51="A",4,IF(N51="B",3,IF(N51="C",2,IF(N51="D",1,0)))))+0.05*IF(O51="S",5,IF(O51="A",4,IF(O51="B",3,IF(O51="C",2,IF(O51="D",1,0)))))),"") | Q51: =IF(P51="","",IF(P51>=4.5,"S",IF(P51>=3.5,"A",IF(P51>=2.5,"B",IF(P51>=1.5,"C","D")))))
A52: ='01_인적정보'!A12 | B52: ='01_인적정보'!B12 | C52: ='01_인적정보'!C12 | D52: ='01_인적정보'!H12 | E52: ='07b_하반기입력'!N12 | F52: ='07b_하반기입력'!O12 | G52: ='07b_하반기입력'!P12 | H52: ='07b_하반기입력'!Q12 | I52: ='07b_하반기입력'!R12 | J52: ='07b_하반기입력'!S12 | K52: ='07b_하반기입력'!T12 | L52: ='07b_하반기입력'!U12 | ... O52: ='07b_하반기입력'!X12 | P52: =IFERROR(IF(COUNTBLANK(E52:O52)>0,"",0.15*IF(E52="S",5,IF(E52="A",4,IF(E52="B",3,IF(E52="C",2,IF(E52="D",1,0)))))+0.1*IF(F52="S",5,IF(F52="A",4,IF(F52="B",3,IF(F52="C",2,IF(F52="D",1,0)))))+0.1*IF(G52="S",5,IF(G52="A",4,IF(G52="B",3,IF(G52="C",2,IF(G52="D",1,0)))))+0.1*IF(H52="S",5,IF(H52="A",4,IF(H52="B",3,IF(H52="C",2,IF(H52="D",1,0)))))+0.1*IF(I52="S",5,IF(I52="A",4,IF(I52="B",3,IF(I52="C",2,IF(I52="D",1,0)))))+0.1*IF(J52="S",5,IF(J52="A",4,IF(J52="B",3,IF(J52="C",2,IF(J52="D",1,0)))))+0.1*IF(K52="S",5,IF(K52="A",4,IF(K52="B",3,IF(K52="C",2,IF(K52="D",1,0)))))+0.1*IF(L52="S",5,IF(L52="A",4,IF(L52="B",3,IF(L52="C",2,IF(L52="D",1,0)))))+0.05*IF(M52="S",5,IF(M52="A",4,IF(M52="B",3,IF(M52="C",2,IF(M52="D",1,0)))))+0.05*IF(N52="S",5,IF(N52="A",4,IF(N52="B",3,IF(N52="C",2,IF(N52="D",1,0)))))+0.05*IF(O52="S",5,IF(O52="A",4,IF(O52="B",3,IF(O52="C",2,IF(O52="D",1,0)))))),"") | Q52: =IF(P52="","",IF(P52>=4.5,"S",IF(P52>=3.5,"A",IF(P52>=2.5,"B",IF(P52>=1.5,"C","D")))))
A53: ='01_인적정보'!A13 | B53: ='01_인적정보'!B13 | C53: ='01_인적정보'!C13 | D53: ='01_인적정보'!H13 | E53: ='07b_하반기입력'!N13 | F53: ='07b_하반기입력'!O13 | G53: ='07b_하반기입력'!P13 | H53: ='07b_하반기입력'!Q13 | I53: ='07b_하반기입력'!R13 | J53: ='07b_하반기입력'!S13 | K53: ='07b_하반기입력'!T13 | L53: ='07b_하반기입력'!U13 | ... O53: ='07b_하반기입력'!X13 | P53: =IFERROR(IF(COUNTBLANK(E53:O53)>0,"",0.15*IF(E53="S",5,IF(E53="A",4,IF(E53="B",3,IF(E53="C",2,IF(E53="D",1,0)))))+0.1*IF(F53="S",5,IF(F53="A",4,IF(F53="B",3,IF(F53="C",2,IF(F53="D",1,0)))))+0.1*IF(G53="S",5,IF(G53="A",4,IF(G53="B",3,IF(G53="C",2,IF(G53="D",1,0)))))+0.1*IF(H53="S",5,IF(H53="A",4,IF(H53="B",3,IF(H53="C",2,IF(H53="D",1,0)))))+0.1*IF(I53="S",5,IF(I53="A",4,IF(I53="B",3,IF(I53="C",2,IF(I53="D",1,0)))))+0.1*IF(J53="S",5,IF(J53="A",4,IF(J53="B",3,IF(J53="C",2,IF(J53="D",1,0)))))+0.1*IF(K53="S",5,IF(K53="A",4,IF(K53="B",3,IF(K53="C",2,IF(K53="D",1,0)))))+0.1*IF(L53="S",5,IF(L53="A",4,IF(L53="B",3,IF(L53="C",2,IF(L53="D",1,0)))))+0.05*IF(M53="S",5,IF(M53="A",4,IF(M53="B",3,IF(M53="C",2,IF(M53="D",1,0)))))+0.05*IF(N53="S",5,IF(N53="A",4,IF(N53="B",3,IF(N53="C",2,IF(N53="D",1,0)))))+0.05*IF(O53="S",5,IF(O53="A",4,IF(O53="B",3,IF(O53="C",2,IF(O53="D",1,0)))))),"") | Q53: =IF(P53="","",IF(P53>=4.5,"S",IF(P53>=3.5,"A",IF(P53>=2.5,"B",IF(P53>=1.5,"C","D")))))
A54: ='01_인적정보'!A14 | B54: ='01_인적정보'!B14 | C54: ='01_인적정보'!C14 | D54: ='01_인적정보'!H14 | E54: ='07b_하반기입력'!N14 | F54: ='07b_하반기입력'!O14 | G54: ='07b_하반기입력'!P14 | H54: ='07b_하반기입력'!Q14 | I54: ='07b_하반기입력'!R14 | J54: ='07b_하반기입력'!S14 | K54: ='07b_하반기입력'!T14 | L54: ='07b_하반기입력'!U14 | ... O54: ='07b_하반기입력'!X14 | P54: =IFERROR(IF(COUNTBLANK(E54:O54)>0,"",0.15*IF(E54="S",5,IF(E54="A",4,IF(E54="B",3,IF(E54="C",2,IF(E54="D",1,0)))))+0.1*IF(F54="S",5,IF(F54="A",4,IF(F54="B",3,IF(F54="C",2,IF(F54="D",1,0)))))+0.1*IF(G54="S",5,IF(G54="A",4,IF(G54="B",3,IF(G54="C",2,IF(G54="D",1,0)))))+0.1*IF(H54="S",5,IF(H54="A",4,IF(H54="B",3,IF(H54="C",2,IF(H54="D",1,0)))))+0.1*IF(I54="S",5,IF(I54="A",4,IF(I54="B",3,IF(I54="C",2,IF(I54="D",1,0)))))+0.1*IF(J54="S",5,IF(J54="A",4,IF(J54="B",3,IF(J54="C",2,IF(J54="D",1,0)))))+0.1*IF(K54="S",5,IF(K54="A",4,IF(K54="B",3,IF(K54="C",2,IF(K54="D",1,0)))))+0.1*IF(L54="S",5,IF(L54="A",4,IF(L54="B",3,IF(L54="C",2,IF(L54="D",1,0)))))+0.05*IF(M54="S",5,IF(M54="A",4,IF(M54="B",3,IF(M54="C",2,IF(M54="D",1,0)))))+0.05*IF(N54="S",5,IF(N54="A",4,IF(N54="B",3,IF(N54="C",2,IF(N54="D",1,0)))))+0.05*IF(O54="S",5,IF(O54="A",4,IF(O54="B",3,IF(O54="C",2,IF(O54="D",1,0)))))),"") | Q54: =IF(P54="","",IF(P54>=4.5,"S",IF(P54>=3.5,"A",IF(P54>=2.5,"B",IF(P54>=1.5,"C","D")))))
A55: ='01_인적정보'!A15 | B55: ='01_인적정보'!B15 | C55: ='01_인적정보'!C15 | D55: ='01_인적정보'!H15 | E55: ='07b_하반기입력'!N15 | F55: ='07b_하반기입력'!O15 | G55: ='07b_하반기입력'!P15 | H55: ='07b_하반기입력'!Q15 | I55: ='07b_하반기입력'!R15 | J55: ='07b_하반기입력'!S15 | K55: ='07b_하반기입력'!T15 | L55: ='07b_하반기입력'!U15 | ... O55: ='07b_하반기입력'!X15 | P55: =IFERROR(IF(COUNTBLANK(E55:O55)>0,"",0.15*IF(E55="S",5,IF(E55="A",4,IF(E55="B",3,IF(E55="C",2,IF(E55="D",1,0)))))+0.1*IF(F55="S",5,IF(F55="A",4,IF(F55="B",3,IF(F55="C",2,IF(F55="D",1,0)))))+0.1*IF(G55="S",5,IF(G55="A",4,IF(G55="B",3,IF(G55="C",2,IF(G55="D",1,0)))))+0.1*IF(H55="S",5,IF(H55="A",4,IF(H55="B",3,IF(H55="C",2,IF(H55="D",1,0)))))+0.1*IF(I55="S",5,IF(I55="A",4,IF(I55="B",3,IF(I55="C",2,IF(I55="D",1,0)))))+0.1*IF(J55="S",5,IF(J55="A",4,IF(J55="B",3,IF(J55="C",2,IF(J55="D",1,0)))))+0.1*IF(K55="S",5,IF(K55="A",4,IF(K55="B",3,IF(K55="C",2,IF(K55="D",1,0)))))+0.1*IF(L55="S",5,IF(L55="A",4,IF(L55="B",3,IF(L55="C",2,IF(L55="D",1,0)))))+0.05*IF(M55="S",5,IF(M55="A",4,IF(M55="B",3,IF(M55="C",2,IF(M55="D",1,0)))))+0.05*IF(N55="S",5,IF(N55="A",4,IF(N55="B",3,IF(N55="C",2,IF(N55="D",1,0)))))+0.05*IF(O55="S",5,IF(O55="A",4,IF(O55="B",3,IF(O55="C",2,IF(O55="D",1,0)))))),"") | Q55: =IF(P55="","",IF(P55>=4.5,"S",IF(P55>=3.5,"A",IF(P55>=2.5,"B",IF(P55>=1.5,"C","D")))))
A56: ='01_인적정보'!A16 | B56: ='01_인적정보'!B16 | C56: ='01_인적정보'!C16 | D56: ='01_인적정보'!H16 | E56: ='07b_하반기입력'!N16 | F56: ='07b_하반기입력'!O16 | G56: ='07b_하반기입력'!P16 | H56: ='07b_하반기입력'!Q16 | I56: ='07b_하반기입력'!R16 | J56: ='07b_하반기입력'!S16 | K56: ='07b_하반기입력'!T16 | L56: ='07b_하반기입력'!U16 | ... O56: ='07b_하반기입력'!X16 | P56: =IFERROR(IF(COUNTBLANK(E56:O56)>0,"",0.15*IF(E56="S",5,IF(E56="A",4,IF(E56="B",3,IF(E56="C",2,IF(E56="D",1,0)))))+0.1*IF(F56="S",5,IF(F56="A",4,IF(F56="B",3,IF(F56="C",2,IF(F56="D",1,0)))))+0.1*IF(G56="S",5,IF(G56="A",4,IF(G56="B",3,IF(G56="C",2,IF(G56="D",1,0)))))+0.1*IF(H56="S",5,IF(H56="A",4,IF(H56="B",3,IF(H56="C",2,IF(H56="D",1,0)))))+0.1*IF(I56="S",5,IF(I56="A",4,IF(I56="B",3,IF(I56="C",2,IF(I56="D",1,0)))))+0.1*IF(J56="S",5,IF(J56="A",4,IF(J56="B",3,IF(J56="C",2,IF(J56="D",1,0)))))+0.1*IF(K56="S",5,IF(K56="A",4,IF(K56="B",3,IF(K56="C",2,IF(K56="D",1,0)))))+0.1*IF(L56="S",5,IF(L56="A",4,IF(L56="B",3,IF(L56="C",2,IF(L56="D",1,0)))))+0.05*IF(M56="S",5,IF(M56="A",4,IF(M56="B",3,IF(M56="C",2,IF(M56="D",1,0)))))+0.05*IF(N56="S",5,IF(N56="A",4,IF(N56="B",3,IF(N56="C",2,IF(N56="D",1,0)))))+0.05*IF(O56="S",5,IF(O56="A",4,IF(O56="B",3,IF(O56="C",2,IF(O56="D",1,0)))))),"") | Q56: =IF(P56="","",IF(P56>=4.5,"S",IF(P56>=3.5,"A",IF(P56>=2.5,"B",IF(P56>=1.5,"C","D")))))
A57: ='01_인적정보'!A17 | B57: ='01_인적정보'!B17 | C57: ='01_인적정보'!C17 | D57: ='01_인적정보'!H17 | E57: ='07b_하반기입력'!N17 | F57: ='07b_하반기입력'!O17 | G57: ='07b_하반기입력'!P17 | H57: ='07b_하반기입력'!Q17 | I57: ='07b_하반기입력'!R17 | J57: ='07b_하반기입력'!S17 | K57: ='07b_하반기입력'!T17 | L57: ='07b_하반기입력'!U17 | ... O57: ='07b_하반기입력'!X17 | P57: =IFERROR(IF(COUNTBLANK(E57:O57)>0,"",0.15*IF(E57="S",5,IF(E57="A",4,IF(E57="B",3,IF(E57="C",2,IF(E57="D",1,0)))))+0.1*IF(F57="S",5,IF(F57="A",4,IF(F57="B",3,IF(F57="C",2,IF(F57="D",1,0)))))+0.1*IF(G57="S",5,IF(G57="A",4,IF(G57="B",3,IF(G57="C",2,IF(G57="D",1,0)))))+0.1*IF(H57="S",5,IF(H57="A",4,IF(H57="B",3,IF(H57="C",2,IF(H57="D",1,0)))))+0.1*IF(I57="S",5,IF(I57="A",4,IF(I57="B",3,IF(I57="C",2,IF(I57="D",1,0)))))+0.1*IF(J57="S",5,IF(J57="A",4,IF(J57="B",3,IF(J57="C",2,IF(J57="D",1,0)))))+0.1*IF(K57="S",5,IF(K57="A",4,IF(K57="B",3,IF(K57="C",2,IF(K57="D",1,0)))))+0.1*IF(L57="S",5,IF(L57="A",4,IF(L57="B",3,IF(L57="C",2,IF(L57="D",1,0)))))+0.05*IF(M57="S",5,IF(M57="A",4,IF(M57="B",3,IF(M57="C",2,IF(M57="D",1,0)))))+0.05*IF(N57="S",5,IF(N57="A",4,IF(N57="B",3,IF(N57="C",2,IF(N57="D",1,0)))))+0.05*IF(O57="S",5,IF(O57="A",4,IF(O57="B",3,IF(O57="C",2,IF(O57="D",1,0)))))),"") | Q57: =IF(P57="","",IF(P57>=4.5,"S",IF(P57>=3.5,"A",IF(P57>=2.5,"B",IF(P57>=1.5,"C","D")))))
... A79: ='01_인적정보'!A39 | B79: ='01_인적정보'!B39 | C79: ='01_인적정보'!C39 | D79: ='01_인적정보'!H39 | E79: ='07b_하반기입력'!N39 | F79: ='07b_하반기입력'!O39 | G79: ='07b_하반기입력'!P39 | H79: ='07b_하반기입력'!Q39 | I79: ='07b_하반기입력'!R39 | J79: ='07b_하반기입력'!S39 | K79: ='07b_하반기입력'!T39 | L79: ='07b_하반기입력'!U39 | ... O79: ='07b_하반기입력'!X39 | P79: =IFERROR(IF(COUNTBLANK(E79:O79)>0,"",0.15*IF(E79="S",5,IF(E79="A",4,IF(E79="B",3,IF(E79="C",2,IF(E79="D",1,0)))))+0.1*IF(F79="S",5,IF(F79="A",4,IF(F79="B",3,IF(F79="C",2,IF(F79="D",1,0)))))+0.1*IF(G79="S",5,IF(G79="A",4,IF(G79="B",3,IF(G79="C",2,IF(G79="D",1,0)))))+0.1*IF(H79="S",5,IF(H79="A",4,IF(H79="B",3,IF(H79="C",2,IF(H79="D",1,0)))))+0.1*IF(I79="S",5,IF(I79="A",4,IF(I79="B",3,IF(I79="C",2,IF(I79="D",1,0)))))+0.1*IF(J79="S",5,IF(J79="A",4,IF(J79="B",3,IF(J79="C",2,IF(J79="D",1,0)))))+0.1*IF(K79="S",5,IF(K79="A",4,IF(K79="B",3,IF(K79="C",2,IF(K79="D",1,0)))))+0.1*IF(L79="S",5,IF(L79="A",4,IF(L79="B",3,IF(L79="C",2,IF(L79="D",1,0)))))+0.05*IF(M79="S",5,IF(M79="A",4,IF(M79="B",3,IF(M79="C",2,IF(M79="D",1,0)))))+0.05*IF(N79="S",5,IF(N79="A",4,IF(N79="B",3,IF(N79="C",2,IF(N79="D",1,0)))))+0.05*IF(O79="S",5,IF(O79="A",4,IF(O79="B",3,IF(O79="C",2,IF(O79="D",1,0)))))),"") | Q79: =IF(P79="","",IF(P79>=4.5,"S",IF(P79>=3.5,"A",IF(P79>=2.5,"B",IF(P79>=1.5,"C","D")))))

Sheet 06_직무역량평가
A1: 직무역량평가 — 개인별 메인 책무 평가
A2: ★ [자동 산출 시트] - 07a/07b의 직무 1차/2차 등급을 종합. 결과 검토용.
A4: ■ 상반기 직무역량평가
A5: No. | B5: 사번 | C5: 성명 | D5: 직무 | E5: 역할등급 | F5: 직무 책무 수 | G5: 메인 책무 수 | H5: 1차(종합) | I5: 2차(종합) | J5: 확정등급 | K5: 평가점수 | L5: 소견
A6: ='01_인적정보'!A6 | B6: ='01_인적정보'!B6 | C6: ='01_인적정보'!C6 | D6: ='01_인적정보'!E6 | E6: ='01_인적정보'!H6 | F6: =COUNTIF('14_직무책무DB'!$B$6:$B$80,D6) | G6: ='01_인적정보'!L6 | H6: ='07a_상반기입력'!Y6 | I6: ='07a_상반기입력'!Z6 | J6: =IF(I6<>"",I6,H6) | K6: =IF(J6="","",IF(J6="S",5,IF(J6="A",4,IF(J6="B",3,IF(J6="C",2,IF(J6="D",1,0))))))
A7: ='01_인적정보'!A7 | B7: ='01_인적정보'!B7 | C7: ='01_인적정보'!C7 | D7: ='01_인적정보'!E7 | E7: ='01_인적정보'!H7 | F7: =COUNTIF('14_직무책무DB'!$B$6:$B$80,D7) | G7: ='01_인적정보'!L7 | H7: ='07a_상반기입력'!Y7 | I7: ='07a_상반기입력'!Z7 | J7: =IF(I7<>"",I7,H7) | K7: =IF(J7="","",IF(J7="S",5,IF(J7="A",4,IF(J7="B",3,IF(J7="C",2,IF(J7="D",1,0))))))
A8: ='01_인적정보'!A8 | B8: ='01_인적정보'!B8 | C8: ='01_인적정보'!C8 | D8: ='01_인적정보'!E8 | E8: ='01_인적정보'!H8 | F8: =COUNTIF('14_직무책무DB'!$B$6:$B$80,D8) | G8: ='01_인적정보'!L8 | H8: ='07a_상반기입력'!Y8 | I8: ='07a_상반기입력'!Z8 | J8: =IF(I8<>"",I8,H8) | K8: =IF(J8="","",IF(J8="S",5,IF(J8="A",4,IF(J8="B",3,IF(J8="C",2,IF(J8="D",1,0))))))
A9: ='01_인적정보'!A9 | B9: ='01_인적정보'!B9 | C9: ='01_인적정보'!C9 | D9: ='01_인적정보'!E9 | E9: ='01_인적정보'!H9 | F9: =COUNTIF('14_직무책무DB'!$B$6:$B$80,D9) | G9: ='01_인적정보'!L9 | H9: ='07a_상반기입력'!Y9 | I9: ='07a_상반기입력'!Z9 | J9: =IF(I9<>"",I9,H9) | K9: =IF(J9="","",IF(J9="S",5,IF(J9="A",4,IF(J9="B",3,IF(J9="C",2,IF(J9="D",1,0))))))
A10: ='01_인적정보'!A10 | B10: ='01_인적정보'!B10 | C10: ='01_인적정보'!C10 | D10: ='01_인적정보'!E10 | E10: ='01_인적정보'!H10 | F10: =COUNTIF('14_직무책무DB'!$B$6:$B$80,D10) | G10: ='01_인적정보'!L10 | H10: ='07a_상반기입력'!Y10 | I10: ='07a_상반기입력'!Z10 | J10: =IF(I10<>"",I10,H10) | K10: =IF(J10="","",IF(J10="S",5,IF(J10="A",4,IF(J10="B",3,IF(J10="C",2,IF(J10="D",1,0))))))
A11: ='01_인적정보'!A11 | B11: ='01_인적정보'!B11 | C11: ='01_인적정보'!C11 | D11: ='01_인적정보'!E11 | E11: ='01_인적정보'!H11 | F11: =COUNTIF('14_직무책무DB'!$B$6:$B$80,D11) | G11: ='01_인적정보'!L11 | H11: ='07a_상반기입력'!Y11 | I11: ='07a_상반기입력'!Z11 | J11: =IF(I11<>"",I11,H11) | K11: =IF(J11="","",IF(J11="S",5,IF(J11="A",4,IF(J11="B",3,IF(J11="C",2,IF(J11="D",1,0))))))
A12: ='01_인적정보'!A12 | B12: ='01_인적정보'!B12 | C12: ='01_인적정보'!C12 | D12: ='01_인적정보'!E12 | E12: ='01_인적정보'!H12 | F12: =COUNTIF('14_직무책무DB'!$B$6:$B$80,D12) | G12: ='01_인적정보'!L12 | H12: ='07a_상반기입력'!Y12 | I12: ='07a_상반기입력'!Z12 | J12: =IF(I12<>"",I12,H12) | K12: =IF(J12="","",IF(J12="S",5,IF(J12="A",4,IF(J12="B",3,IF(J12="C",2,IF(J12="D",1,0))))))
A13: ='01_인적정보'!A13 | B13: ='01_인적정보'!B13 | C13: ='01_인적정보'!C13 | D13: ='01_인적정보'!E13 | E13: ='01_인적정보'!H13 | F13: =COUNTIF('14_직무책무DB'!$B$6:$B$80,D13) | G13: ='01_인적정보'!L13 | H13: ='07a_상반기입력'!Y13 | I13: ='07a_상반기입력'!Z13 | J13: =IF(I13<>"",I13,H13) | K13: =IF(J13="","",IF(J13="S",5,IF(J13="A",4,IF(J13="B",3,IF(J13="C",2,IF(J13="D",1,0))))))
A14: ='01_인적정보'!A14 | B14: ='01_인적정보'!B14 | C14: ='01_인적정보'!C14 | D14: ='01_인적정보'!E14 | E14: ='01_인적정보'!H14 | F14: =COUNTIF('14_직무책무DB'!$B$6:$B$80,D14) | G14: ='01_인적정보'!L14 | H14: ='07a_상반기입력'!Y14 | I14: ='07a_상반기입력'!Z14 | J14: =IF(I14<>"",I14,H14) | K14: =IF(J14="","",IF(J14="S",5,IF(J14="A",4,IF(J14="B",3,IF(J14="C",2,IF(J14="D",1,0))))))
A15: ='01_인적정보'!A15 | B15: ='01_인적정보'!B15 | C15: ='01_인적정보'!C15 | D15: ='01_인적정보'!E15 | E15: ='01_인적정보'!H15 | F15: =COUNTIF('14_직무책무DB'!$B$6:$B$80,D15) | G15: ='01_인적정보'!L15 | H15: ='07a_상반기입력'!Y15 | I15: ='07a_상반기입력'!Z15 | J15: =IF(I15<>"",I15,H15) | K15: =IF(J15="","",IF(J15="S",5,IF(J15="A",4,IF(J15="B",3,IF(J15="C",2,IF(J15="D",1,0))))))
A16: ='01_인적정보'!A16 | B16: ='01_인적정보'!B16 | C16: ='01_인적정보'!C16 | D16: ='01_인적정보'!E16 | E16: ='01_인적정보'!H16 | F16: =COUNTIF('14_직무책무DB'!$B$6:$B$80,D16) | G16: ='01_인적정보'!L16 | H16: ='07a_상반기입력'!Y16 | I16: ='07a_상반기입력'!Z16 | J16: =IF(I16<>"",I16,H16) | K16: =IF(J16="","",IF(J16="S",5,IF(J16="A",4,IF(J16="B",3,IF(J16="C",2,IF(J16="D",1,0))))))
A17: ='01_인적정보'!A17 | B17: ='01_인적정보'!B17 | C17: ='01_인적정보'!C17 | D17: ='01_인적정보'!E17 | E17: ='01_인적정보'!H17 | F17: =COUNTIF('14_직무책무DB'!$B$6:$B$80,D17) | G17: ='01_인적정보'!L17 | H17: ='07a_상반기입력'!Y17 | I17: ='07a_상반기입력'!Z17 | J17: =IF(I17<>"",I17,H17) | K17: =IF(J17="","",IF(J17="S",5,IF(J17="A",4,IF(J17="B",3,IF(J17="C",2,IF(J17="D",1,0))))))
... A39: ='01_인적정보'!A39 | B39: ='01_인적정보'!B39 | C39: ='01_인적정보'!C39 | D39: ='01_인적정보'!E39 | E39: ='01_인적정보'!H39 | F39: =COUNTIF('14_직무책무DB'!$B$6:$B$80,D39) | G39: ='01_인적정보'!L39 | H39: ='07a_상반기입력'!Y39 | I39: ='07a_상반기입력'!Z39 | J39: =IF(I39<>"",I39,H39) | K39: =IF(J39="","",IF(J39="S",5,IF(J39="A",4,IF(J39="B",3,IF(J39="C",2,IF(J39="D",1,0))))))
A49: ■ 하반기 직무역량평가
A50: No. | B50: 사번 | C50: 성명 | D50: 직무 | E50: 역할등급 | F50: 직무 책무 수 | G50: 메인 책무 수 | H50: 1차(종합) | I50: 2차(종합) | J50: 확정등급 | K50: 평가점수 | L50: 소견
A51: ='01_인적정보'!A6 | B51: ='01_인적정보'!B6 | C51: ='01_인적정보'!C6 | D51: ='01_인적정보'!E6 | E51: ='01_인적정보'!H6 | F51: =COUNTIF('14_직무책무DB'!$B$6:$B$80,D51) | G51: ='01_인적정보'!L6 | H51: ='07b_하반기입력'!Y6 | I51: ='07b_하반기입력'!Z6 | J51: =IF(I51<>"",I51,H51) | K51: =IF(J51="","",IF(J51="S",5,IF(J51="A",4,IF(J51="B",3,IF(J51="C",2,IF(J51="D",1,0))))))
A52: ='01_인적정보'!A7 | B52: ='01_인적정보'!B7 | C52: ='01_인적정보'!C7 | D52: ='01_인적정보'!E7 | E52: ='01_인적정보'!H7 | F52: =COUNTIF('14_직무책무DB'!$B$6:$B$80,D52) | G52: ='01_인적정보'!L7 | H52: ='07b_하반기입력'!Y7 | I52: ='07b_하반기입력'!Z7 | J52: =IF(I52<>"",I52,H52) | K52: =IF(J52="","",IF(J52="S",5,IF(J52="A",4,IF(J52="B",3,IF(J52="C",2,IF(J52="D",1,0))))))
A53: ='01_인적정보'!A8 | B53: ='01_인적정보'!B8 | C53: ='01_인적정보'!C8 | D53: ='01_인적정보'!E8 | E53: ='01_인적정보'!H8 | F53: =COUNTIF('14_직무책무DB'!$B$6:$B$80,D53) | G53: ='01_인적정보'!L8 | H53: ='07b_하반기입력'!Y8 | I53: ='07b_하반기입력'!Z8 | J53: =IF(I53<>"",I53,H53) | K53: =IF(J53="","",IF(J53="S",5,IF(J53="A",4,IF(J53="B",3,IF(J53="C",2,IF(J53="D",1,0))))))
A54: ='01_인적정보'!A9 | B54: ='01_인적정보'!B9 | C54: ='01_인적정보'!C9 | D54: ='01_인적정보'!E9 | E54: ='01_인적정보'!H9 | F54: =COUNTIF('14_직무책무DB'!$B$6:$B$80,D54) | G54: ='01_인적정보'!L9 | H54: ='07b_하반기입력'!Y9 | I54: ='07b_하반기입력'!Z9 | J54: =IF(I54<>"",I54,H54) | K54: =IF(J54="","",IF(J54="S",5,IF(J54="A",4,IF(J54="B",3,IF(J54="C",2,IF(J54="D",1,0))))))
A55: ='01_인적정보'!A10 | B55: ='01_인적정보'!B10 | C55: ='01_인적정보'!C10 | D55: ='01_인적정보'!E10 | E55: ='01_인적정보'!H10 | F55: =COUNTIF('14_직무책무DB'!$B$6:$B$80,D55) | G55: ='01_인적정보'!L10 | H55: ='07b_하반기입력'!Y10 | I55: ='07b_하반기입력'!Z10 | J55: =IF(I55<>"",I55,H55) | K55: =IF(J55="","",IF(J55="S",5,IF(J55="A",4,IF(J55="B",3,IF(J55="C",2,IF(J55="D",1,0))))))
A56: ='01_인적정보'!A11 | B56: ='01_인적정보'!B11 | C56: ='01_인적정보'!C11 | D56: ='01_인적정보'!E11 | E56: ='01_인적정보'!H11 | F56: =COUNTIF('14_직무책무DB'!$B$6:$B$80,D56) | G56: ='01_인적정보'!L11 | H56: ='07b_하반기입력'!Y11 | I56: ='07b_하반기입력'!Z11 | J56: =IF(I56<>"",I56,H56) | K56: =IF(J56="","",IF(J56="S",5,IF(J56="A",4,IF(J56="B",3,IF(J56="C",2,IF(J56="D",1,0))))))
A57: ='01_인적정보'!A12 | B57: ='01_인적정보'!B12 | C57: ='01_인적정보'!C12 | D57: ='01_인적정보'!E12 | E57: ='01_인적정보'!H12 | F57: =COUNTIF('14_직무책무DB'!$B$6:$B$80,D57) | G57: ='01_인적정보'!L12 | H57: ='07b_하반기입력'!Y12 | I57: ='07b_하반기입력'!Z12 | J57: =IF(I57<>"",I57,H57) | K57: =IF(J57="","",IF(J57="S",5,IF(J57="A",4,IF(J57="B",3,IF(J57="C",2,IF(J57="D",1,0))))))
A58: ='01_인적정보'!A13 | B58: ='01_인적정보'!B13 | C58: ='01_인적정보'!C13 | D58: ='01_인적정보'!E13 | E58: ='01_인적정보'!H13 | F58: =COUNTIF('14_직무책무DB'!$B$6:$B$80,D58) | G58: ='01_인적정보'!L13 | H58: ='07b_하반기입력'!Y13 | I58: ='07b_하반기입력'!Z13 | J58: =IF(I58<>"",I58,H58) | K58: =IF(J58="","",IF(J58="S",5,IF(J58="A",4,IF(J58="B",3,IF(J58="C",2,IF(J58="D",1,0))))))
A59: ='01_인적정보'!A14 | B59: ='01_인적정보'!B14 | C59: ='01_인적정보'!C14 | D59: ='01_인적정보'!E14 | E59: ='01_인적정보'!H14 | F59: =COUNTIF('14_직무책무DB'!$B$6:$B$80,D59) | G59: ='01_인적정보'!L14 | H59: ='07b_하반기입력'!Y14 | I59: ='07b_하반기입력'!Z14 | J59: =IF(I59<>"",I59,H59) | K59: =IF(J59="","",IF(J59="S",5,IF(J59="A",4,IF(J59="B",3,IF(J59="C",2,IF(J59="D",1,0))))))
A60: ='01_인적정보'!A15 | B60: ='01_인적정보'!B15 | C60: ='01_인적정보'!C15 | D60: ='01_인적정보'!E15 | E60: ='01_인적정보'!H15 | F60: =COUNTIF('14_직무책무DB'!$B$6:$B$80,D60) | G60: ='01_인적정보'!L15 | H60: ='07b_하반기입력'!Y15 | I60: ='07b_하반기입력'!Z15 | J60: =IF(I60<>"",I60,H60) | K60: =IF(J60="","",IF(J60="S",5,IF(J60="A",4,IF(J60="B",3,IF(J60="C",2,IF(J60="D",1,0))))))
A61: ='01_인적정보'!A16 | B61: ='01_인적정보'!B16 | C61: ='01_인적정보'!C16 | D61: ='01_인적정보'!E16 | E61: ='01_인적정보'!H16 | F61: =COUNTIF('14_직무책무DB'!$B$6:$B$80,D61) | G61: ='01_인적정보'!L16 | H61: ='07b_하반기입력'!Y16 | I61: ='07b_하반기입력'!Z16 | J61: =IF(I61<>"",I61,H61) | K61: =IF(J61="","",IF(J61="S",5,IF(J61="A",4,IF(J61="B",3,IF(J61="C",2,IF(J61="D",1,0))))))
A62: ='01_인적정보'!A17 | B62: ='01_인적정보'!B17 | C62: ='01_인적정보'!C17 | D62: ='01_인적정보'!E17 | E62: ='01_인적정보'!H17 | F62: =COUNTIF('14_직무책무DB'!$B$6:$B$80,D62) | G62: ='01_인적정보'!L17 | H62: ='07b_하반기입력'!Y17 | I62: ='07b_하반기입력'!Z17 | J62: =IF(I62<>"",I62,H62) | K62: =IF(J62="","",IF(J62="S",5,IF(J62="A",4,IF(J62="B",3,IF(J62="C",2,IF(J62="D",1,0))))))
... A84: ='01_인적정보'!A39 | B84: ='01_인적정보'!B39 | C84: ='01_인적정보'!C39 | D84: ='01_인적정보'!E39 | E84: ='01_인적정보'!H39 | F84: =COUNTIF('14_직무책무DB'!$B$6:$B$80,D84) | G84: ='01_인적정보'!L39 | H84: ='07b_하반기입력'!Y39 | I84: ='07b_하반기입력'!Z39 | J84: =IF(I84<>"",I84,H84) | K84: =IF(J84="","",IF(J84="S",5,IF(J84="A",4,IF(J84="B",3,IF(J84="C",2,IF(J84="D",1,0))))))

Sheet 07a_상반기입력
A1: 상반기 (H1) 평가 결과 입력 (07a_상반기입력)
A2: 부서별 평가지에서 회수한 등급을 노란셀에 입력. 자동으로 04~06 평가 시트 및 08 종합평가에 반영.
A3: 인적정보 (자동 참조) | G3: ① 역할평가 - 5개 BARS 세부 (평균 산출용) | L3: ① 역할 평가자별 종합 | N3: ② 공통역량 11개 (1·2차 평가자 평균값) | Y3: ③ 직무역량 평가자별 종합 | AA3: 소견
A4: ★ 사용법: 부서별 평가지(상반기 (H1))에서 [복사용 입력 행]을 통째 복사한 뒤 → 해당 사번의 행에서 G열부터 [값 붙여넣기]. S/A/B/C/D 드롭다운 적용됨. 입력 즉시 04~12 시트가 자동 갱신. 진행률은 00_운영현황판에서 확인.
A5: No. | B5: 사번 | C5: 성명 | D5: 직군 | E5: 직무 | F5: 역할등급 | G5: R-1 책임 | H5: R-2 의사결정 | I5: R-3 성과 | J5: R-4 코칭 | K5: R-5 산출물 | L5: 역할(1차) | M5: 역할(2차) | N5: C-1 직무전문성 | O5: C-2 분석력 | P5: C-3 기획실행 | Q5: C-4 자원시간 | R5: C-5 협업 | S5: C-6 소통 | T5: C-7 윤리 | U5: C-8 태도 | V5: C-9 혁신 | W5: C-10 프로세스 | X5: C-11 지속가능 | Y5: 직무(1차) | Z5: 직무(2차) | AA5: 종합 소견
A6: ='01_인적정보'!A6 | B6: ='01_인적정보'!B6 | C6: ='01_인적정보'!C6 | D6: ='01_인적정보'!D6 | E6: ='01_인적정보'!E6 | F6: ='01_인적정보'!H6
A7: ='01_인적정보'!A7 | B7: ='01_인적정보'!B7 | C7: ='01_인적정보'!C7 | D7: ='01_인적정보'!D7 | E7: ='01_인적정보'!E7 | F7: ='01_인적정보'!H7
A8: ='01_인적정보'!A8 | B8: ='01_인적정보'!B8 | C8: ='01_인적정보'!C8 | D8: ='01_인적정보'!D8 | E8: ='01_인적정보'!E8 | F8: ='01_인적정보'!H8
A9: ='01_인적정보'!A9 | B9: ='01_인적정보'!B9 | C9: ='01_인적정보'!C9 | D9: ='01_인적정보'!D9 | E9: ='01_인적정보'!E9 | F9: ='01_인적정보'!H9
A10: ='01_인적정보'!A10 | B10: ='01_인적정보'!B10 | C10: ='01_인적정보'!C10 | D10: ='01_인적정보'!D10 | E10: ='01_인적정보'!E10 | F10: ='01_인적정보'!H10
A11: ='01_인적정보'!A11 | B11: ='01_인적정보'!B11 | C11: ='01_인적정보'!C11 | D11: ='01_인적정보'!D11 | E11: ='01_인적정보'!E11 | F11: ='01_인적정보'!H11
A12: ='01_인적정보'!A12 | B12: ='01_인적정보'!B12 | C12: ='01_인적정보'!C12 | D12: ='01_인적정보'!D12 | E12: ='01_인적정보'!E12 | F12: ='01_인적정보'!H12
A13: ='01_인적정보'!A13 | B13: ='01_인적정보'!B13 | C13: ='01_인적정보'!C13 | D13: ='01_인적정보'!D13 | E13: ='01_인적정보'!E13 | F13: ='01_인적정보'!H13
A14: ='01_인적정보'!A14 | B14: ='01_인적정보'!B14 | C14: ='01_인적정보'!C14 | D14: ='01_인적정보'!D14 | E14: ='01_인적정보'!E14 | F14: ='01_인적정보'!H14
A15: ='01_인적정보'!A15 | B15: ='01_인적정보'!B15 | C15: ='01_인적정보'!C15 | D15: ='01_인적정보'!D15 | E15: ='01_인적정보'!E15 | F15: ='01_인적정보'!H15
A16: ='01_인적정보'!A16 | B16: ='01_인적정보'!B16 | C16: ='01_인적정보'!C16 | D16: ='01_인적정보'!D16 | E16: ='01_인적정보'!E16 | F16: ='01_인적정보'!H16
A17: ='01_인적정보'!A17 | B17: ='01_인적정보'!B17 | C17: ='01_인적정보'!C17 | D17: ='01_인적정보'!D17 | E17: ='01_인적정보'!E17 | F17: ='01_인적정보'!H17
... A39: ='01_인적정보'!A39 | B39: ='01_인적정보'!B39 | C39: ='01_인적정보'!C39 | D39: ='01_인적정보'!D39 | E39: ='01_인적정보'!E39 | F39: ='01_인적정보'!H39

Sheet 07b_하반기입력
A1: 하반기 (H2) 평가 결과 입력 (07b_하반기입력)
A2: 부서별 평가지에서 회수한 등급을 노란셀에 입력. 자동으로 04~06 평가 시트 및 08 종합평가에 반영.
A3: 인적정보 (자동 참조) | G3: ① 역할평가 - 5개 BARS 세부 (평균 산출용) | L3: ① 역할 평가자별 종합 | N3: ② 공통역량 11개 (1·2차 평가자 평균값) | Y3: ③ 직무역량 평가자별 종합 | AA3: 소견
A4: ★ 사용법: 부서별 평가지(하반기 (H2))에서 [복사용 입력 행]을 통째 복사한 뒤 → 해당 사번의 행에서 G열부터 [값 붙여넣기]. S/A/B/C/D 드롭다운 적용됨. 입력 즉시 04~12 시트가 자동 갱신. 진행률은 00_운영현황판에서 확인.
A5: No. | B5: 사번 | C5: 성명 | D5: 직군 | E5: 직무 | F5: 역할등급 | G5: R-1 책임 | H5: R-2 의사결정 | I5: R-3 성과 | J5: R-4 코칭 | K5: R-5 산출물 | L5: 역할(1차) | M5: 역할(2차) | N5: C-1 직무전문성 | O5: C-2 분석력 | P5: C-3 기획실행 | Q5: C-4 자원시간 | R5: C-5 협업 | S5: C-6 소통 | T5: C-7 윤리 | U5: C-8 태도 | V5: C-9 혁신 | W5: C-10 프로세스 | X5: C-11 지속가능 | Y5: 직무(1차) | Z5: 직무(2차) | AA5: 종합 소견
A6: ='01_인적정보'!A6 | B6: ='01_인적정보'!B6 | C6: ='01_인적정보'!C6 | D6: ='01_인적정보'!D6 | E6: ='01_인적정보'!E6 | F6: ='01_인적정보'!H6
A7: ='01_인적정보'!A7 | B7: ='01_인적정보'!B7 | C7: ='01_인적정보'!C7 | D7: ='01_인적정보'!D7 | E7: ='01_인적정보'!E7 | F7: ='01_인적정보'!H7
A8: ='01_인적정보'!A8 | B8: ='01_인적정보'!B8 | C8: ='01_인적정보'!C8 | D8: ='01_인적정보'!D8 | E8: ='01_인적정보'!E8 | F8: ='01_인적정보'!H8
A9: ='01_인적정보'!A9 | B9: ='01_인적정보'!B9 | C9: ='01_인적정보'!C9 | D9: ='01_인적정보'!D9 | E9: ='01_인적정보'!E9 | F9: ='01_인적정보'!H9
A10: ='01_인적정보'!A10 | B10: ='01_인적정보'!B10 | C10: ='01_인적정보'!C10 | D10: ='01_인적정보'!D10 | E10: ='01_인적정보'!E10 | F10: ='01_인적정보'!H10
A11: ='01_인적정보'!A11 | B11: ='01_인적정보'!B11 | C11: ='01_인적정보'!C11 | D11: ='01_인적정보'!D11 | E11: ='01_인적정보'!E11 | F11: ='01_인적정보'!H11
A12: ='01_인적정보'!A12 | B12: ='01_인적정보'!B12 | C12: ='01_인적정보'!C12 | D12: ='01_인적정보'!D12 | E12: ='01_인적정보'!E12 | F12: ='01_인적정보'!H12
A13: ='01_인적정보'!A13 | B13: ='01_인적정보'!B13 | C13: ='01_인적정보'!C13 | D13: ='01_인적정보'!D13 | E13: ='01_인적정보'!E13 | F13: ='01_인적정보'!H13
A14: ='01_인적정보'!A14 | B14: ='01_인적정보'!B14 | C14: ='01_인적정보'!C14 | D14: ='01_인적정보'!D14 | E14: ='01_인적정보'!E14 | F14: ='01_인적정보'!H14
A15: ='01_인적정보'!A15 | B15: ='01_인적정보'!B15 | C15: ='01_인적정보'!C15 | D15: ='01_인적정보'!D15 | E15: ='01_인적정보'!E15 | F15: ='01_인적정보'!H15
A16: ='01_인적정보'!A16 | B16: ='01_인적정보'!B16 | C16: ='01_인적정보'!C16 | D16: ='01_인적정보'!D16 | E16: ='01_인적정보'!E16 | F16: ='01_인적정보'!H16
A17: ='01_인적정보'!A17 | B17: ='01_인적정보'!B17 | C17: ='01_인적정보'!C17 | D17: ='01_인적정보'!D17 | E17: ='01_인적정보'!E17 | F17: ='01_인적정보'!H17
... A39: ='01_인적정보'!A39 | B39: ='01_인적정보'!B39 | C39: ='01_인적정보'!C39 | D39: ='01_인적정보'!D39 | E39: ='01_인적정보'!E39 | F39: ='01_인적정보'!H39

Sheet 08_종합평가
A1: 종합 성과평가 - 3축 통합 (역할 + 공통 + 직무) + 최종등급
A2: 직급별 가변 가중치 적용 → 종합점수 → 절대/상대평가 최종등급 자동 산출
A5: No. | B5: 사번 | C5: 성명 | D5: 직군 | E5: 직무 | F5: 역할등급 | G5: 역할(상) | H5: 역할(하) | I5: 역할점수 | J5: 공통(상) | K5: 공통(하) | L5: 공통점수 | M5: 직무(상) | N5: 직무(하) | O5: 직무점수 | P5: 가중(역할) | Q5: 가중(공통) | R5: 가중(직무) | S5: 종합점수 | T5: 절대등급 | U5: 최종등급 | V5: 종합 코멘트
A6: ='01_인적정보'!A6 | B6: ='01_인적정보'!B6 | C6: ='01_인적정보'!C6 | D6: ='01_인적정보'!D6 | E6: ='01_인적정보'!E6 | F6: ='01_인적정보'!H6 | G6: ='04_역할평가'!O13 | H6: ='04_역할평가'!O58 | I6: =IF(OR(G6="",H6=""),"",(IF(G6="S",5,IF(G6="A",4,IF(G6="B",3,IF(G6="C",2,IF(G6="D",1,0))))) * '02_의사결정·종합결과'!$B$7 + IF(H6="S",5,IF(H6="A",4,IF(H6="B",3,IF(H6="C",2,IF(H6="D",1,0))))) * '02_의사결정·종합결과'!$B$8)) | J6: ='05_공통역량평가'!Q6 | K6: ='05_공통역량평가'!Q46 | L6: =IF(OR(J6="",K6=""),"",IF(J6="S",5,IF(J6="A",4,IF(J6="B",3,IF(J6="C",2,IF(J6="D",1,0))))) * '02_의사결정·종합결과'!$B$7 + IF(K6="S",5,IF(K6="A",4,IF(K6="B",3,IF(K6="C",2,IF(K6="D",1,0))))) * '02_의사결정·종합결과'!$B$8) | M6: ='06_직무역량평가'!J6 | N6: ='06_직무역량평가'!J51 | O6: =IF(OR(M6="",N6=""),"",IF(M6="S",5,IF(M6="A",4,IF(M6="B",3,IF(M6="C",2,IF(M6="D",1,0))))) * '02_의사결정·종합결과'!$B$7 + IF(N6="S",5,IF(N6="A",4,IF(N6="B",3,IF(N6="C",2,IF(N6="D",1,0))))) * '02_의사결정·종합결과'!$B$8) | P6: =IFERROR(VLOOKUP(F6,'02_의사결정·종합결과'!$A$16:$D$22,2,FALSE),"") | Q6: =IFERROR(VLOOKUP(F6,'02_의사결정·종합결과'!$A$16:$D$22,3,FALSE),"") | R6: =IFERROR(VLOOKUP(F6,'02_의사결정·종합결과'!$A$16:$D$22,4,FALSE),"") | S6: =IF(OR(I6="",L6="",O6=""),"",I6*P6+L6*Q6+O6*R6) | T6: =IF(S6="","",IF(S6>=4.5,"S",IF(S6>=3.5,"A",IF(S6>=2.5,"B",IF(S6>=1.5,"C","D"))))) | U6: =IF('02_의사결정·종합결과'!$B$6="절대평가",T6,T6)
A7: ='01_인적정보'!A7 | B7: ='01_인적정보'!B7 | C7: ='01_인적정보'!C7 | D7: ='01_인적정보'!D7 | E7: ='01_인적정보'!E7 | F7: ='01_인적정보'!H7 | G7: ='04_역할평가'!O14 | H7: ='04_역할평가'!O59 | I7: =IF(OR(G7="",H7=""),"",(IF(G7="S",5,IF(G7="A",4,IF(G7="B",3,IF(G7="C",2,IF(G7="D",1,0))))) * '02_의사결정·종합결과'!$B$7 + IF(H7="S",5,IF(H7="A",4,IF(H7="B",3,IF(H7="C",2,IF(H7="D",1,0))))) * '02_의사결정·종합결과'!$B$8)) | J7: ='05_공통역량평가'!Q7 | K7: ='05_공통역량평가'!Q47 | L7: =IF(OR(J7="",K7=""),"",IF(J7="S",5,IF(J7="A",4,IF(J7="B",3,IF(J7="C",2,IF(J7="D",1,0))))) * '02_의사결정·종합결과'!$B$7 + IF(K7="S",5,IF(K7="A",4,IF(K7="B",3,IF(K7="C",2,IF(K7="D",1,0))))) * '02_의사결정·종합결과'!$B$8) | M7: ='06_직무역량평가'!J7 | N7: ='06_직무역량평가'!J52 | O7: =IF(OR(M7="",N7=""),"",IF(M7="S",5,IF(M7="A",4,IF(M7="B",3,IF(M7="C",2,IF(M7="D",1,0))))) * '02_의사결정·종합결과'!$B$7 + IF(N7="S",5,IF(N7="A",4,IF(N7="B",3,IF(N7="C",2,IF(N7="D",1,0))))) * '02_의사결정·종합결과'!$B$8) | P7: =IFERROR(VLOOKUP(F7,'02_의사결정·종합결과'!$A$16:$D$22,2,FALSE),"") | Q7: =IFERROR(VLOOKUP(F7,'02_의사결정·종합결과'!$A$16:$D$22,3,FALSE),"") | R7: =IFERROR(VLOOKUP(F7,'02_의사결정·종합결과'!$A$16:$D$22,4,FALSE),"") | S7: =IF(OR(I7="",L7="",O7=""),"",I7*P7+L7*Q7+O7*R7) | T7: =IF(S7="","",IF(S7>=4.5,"S",IF(S7>=3.5,"A",IF(S7>=2.5,"B",IF(S7>=1.5,"C","D"))))) | U7: =IF('02_의사결정·종합결과'!$B$6="절대평가",T7,T7)
A8: ='01_인적정보'!A8 | B8: ='01_인적정보'!B8 | C8: ='01_인적정보'!C8 | D8: ='01_인적정보'!D8 | E8: ='01_인적정보'!E8 | F8: ='01_인적정보'!H8 | G8: ='04_역할평가'!O15 | H8: ='04_역할평가'!O60 | I8: =IF(OR(G8="",H8=""),"",(IF(G8="S",5,IF(G8="A",4,IF(G8="B",3,IF(G8="C",2,IF(G8="D",1,0))))) * '02_의사결정·종합결과'!$B$7 + IF(H8="S",5,IF(H8="A",4,IF(H8="B",3,IF(H8="C",2,IF(H8="D",1,0))))) * '02_의사결정·종합결과'!$B$8)) | J8: ='05_공통역량평가'!Q8 | K8: ='05_공통역량평가'!Q48 | L8: =IF(OR(J8="",K8=""),"",IF(J8="S",5,IF(J8="A",4,IF(J8="B",3,IF(J8="C",2,IF(J8="D",1,0))))) * '02_의사결정·종합결과'!$B$7 + IF(K8="S",5,IF(K8="A",4,IF(K8="B",3,IF(K8="C",2,IF(K8="D",1,0))))) * '02_의사결정·종합결과'!$B$8) | M8: ='06_직무역량평가'!J8 | N8: ='06_직무역량평가'!J53 | O8: =IF(OR(M8="",N8=""),"",IF(M8="S",5,IF(M8="A",4,IF(M8="B",3,IF(M8="C",2,IF(M8="D",1,0))))) * '02_의사결정·종합결과'!$B$7 + IF(N8="S",5,IF(N8="A",4,IF(N8="B",3,IF(N8="C",2,IF(N8="D",1,0))))) * '02_의사결정·종합결과'!$B$8) | P8: =IFERROR(VLOOKUP(F8,'02_의사결정·종합결과'!$A$16:$D$22,2,FALSE),"") | Q8: =IFERROR(VLOOKUP(F8,'02_의사결정·종합결과'!$A$16:$D$22,3,FALSE),"") | R8: =IFERROR(VLOOKUP(F8,'02_의사결정·종합결과'!$A$16:$D$22,4,FALSE),"") | S8: =IF(OR(I8="",L8="",O8=""),"",I8*P8+L8*Q8+O8*R8) | T8: =IF(S8="","",IF(S8>=4.5,"S",IF(S8>=3.5,"A",IF(S8>=2.5,"B",IF(S8>=1.5,"C","D"))))) | U8: =IF('02_의사결정·종합결과'!$B$6="절대평가",T8,T8)
A9: ='01_인적정보'!A9 | B9: ='01_인적정보'!B9 | C9: ='01_인적정보'!C9 | D9: ='01_인적정보'!D9 | E9: ='01_인적정보'!E9 | F9: ='01_인적정보'!H9 | G9: ='04_역할평가'!O16 | H9: ='04_역할평가'!O61 | I9: =IF(OR(G9="",H9=""),"",(IF(G9="S",5,IF(G9="A",4,IF(G9="B",3,IF(G9="C",2,IF(G9="D",1,0))))) * '02_의사결정·종합결과'!$B$7 + IF(H9="S",5,IF(H9="A",4,IF(H9="B",3,IF(H9="C",2,IF(H9="D",1,0))))) * '02_의사결정·종합결과'!$B$8)) | J9: ='05_공통역량평가'!Q9 | K9: ='05_공통역량평가'!Q49 | L9: =IF(OR(J9="",K9=""),"",IF(J9="S",5,IF(J9="A",4,IF(J9="B",3,IF(J9="C",2,IF(J9="D",1,0))))) * '02_의사결정·종합결과'!$B$7 + IF(K9="S",5,IF(K9="A",4,IF(K9="B",3,IF(K9="C",2,IF(K9="D",1,0))))) * '02_의사결정·종합결과'!$B$8) | M9: ='06_직무역량평가'!J9 | N9: ='06_직무역량평가'!J54 | O9: =IF(OR(M9="",N9=""),"",IF(M9="S",5,IF(M9="A",4,IF(M9="B",3,IF(M9="C",2,IF(M9="D",1,0))))) * '02_의사결정·종합결과'!$B$7 + IF(N9="S",5,IF(N9="A",4,IF(N9="B",3,IF(N9="C",2,IF(N9="D",1,0))))) * '02_의사결정·종합결과'!$B$8) | P9: =IFERROR(VLOOKUP(F9,'02_의사결정·종합결과'!$A$16:$D$22,2,FALSE),"") | Q9: =IFERROR(VLOOKUP(F9,'02_의사결정·종합결과'!$A$16:$D$22,3,FALSE),"") | R9: =IFERROR(VLOOKUP(F9,'02_의사결정·종합결과'!$A$16:$D$22,4,FALSE),"") | S9: =IF(OR(I9="",L9="",O9=""),"",I9*P9+L9*Q9+O9*R9) | T9: =IF(S9="","",IF(S9>=4.5,"S",IF(S9>=3.5,"A",IF(S9>=2.5,"B",IF(S9>=1.5,"C","D"))))) | U9: =IF('02_의사결정·종합결과'!$B$6="절대평가",T9,T9)
A10: ='01_인적정보'!A10 | B10: ='01_인적정보'!B10 | C10: ='01_인적정보'!C10 | D10: ='01_인적정보'!D10 | E10: ='01_인적정보'!E10 | F10: ='01_인적정보'!H10 | G10: ='04_역할평가'!O17 | H10: ='04_역할평가'!O62 | I10: =IF(OR(G10="",H10=""),"",(IF(G10="S",5,IF(G10="A",4,IF(G10="B",3,IF(G10="C",2,IF(G10="D",1,0))))) * '02_의사결정·종합결과'!$B$7 + IF(H10="S",5,IF(H10="A",4,IF(H10="B",3,IF(H10="C",2,IF(H10="D",1,0))))) * '02_의사결정·종합결과'!$B$8)) | J10: ='05_공통역량평가'!Q10 | K10: ='05_공통역량평가'!Q50 | L10: =IF(OR(J10="",K10=""),"",IF(J10="S",5,IF(J10="A",4,IF(J10="B",3,IF(J10="C",2,IF(J10="D",1,0))))) * '02_의사결정·종합결과'!$B$7 + IF(K10="S",5,IF(K10="A",4,IF(K10="B",3,IF(K10="C",2,IF(K10="D",1,0))))) * '02_의사결정·종합결과'!$B$8) | M10: ='06_직무역량평가'!J10 | N10: ='06_직무역량평가'!J55 | O10: =IF(OR(M10="",N10=""),"",IF(M10="S",5,IF(M10="A",4,IF(M10="B",3,IF(M10="C",2,IF(M10="D",1,0))))) * '02_의사결정·종합결과'!$B$7 + IF(N10="S",5,IF(N10="A",4,IF(N10="B",3,IF(N10="C",2,IF(N10="D",1,0))))) * '02_의사결정·종합결과'!$B$8) | P10: =IFERROR(VLOOKUP(F10,'02_의사결정·종합결과'!$A$16:$D$22,2,FALSE),"") | Q10: =IFERROR(VLOOKUP(F10,'02_의사결정·종합결과'!$A$16:$D$22,3,FALSE),"") | R10: =IFERROR(VLOOKUP(F10,'02_의사결정·종합결과'!$A$16:$D$22,4,FALSE),"") | S10: =IF(OR(I10="",L10="",O10=""),"",I10*P10+L10*Q10+O10*R10) | T10: =IF(S10="","",IF(S10>=4.5,"S",IF(S10>=3.5,"A",IF(S10>=2.5,"B",IF(S10>=1.5,"C","D"))))) | U10: =IF('02_의사결정·종합결과'!$B$6="절대평가",T10,T10)
A11: ='01_인적정보'!A11 | B11: ='01_인적정보'!B11 | C11: ='01_인적정보'!C11 | D11: ='01_인적정보'!D11 | E11: ='01_인적정보'!E11 | F11: ='01_인적정보'!H11 | G11: ='04_역할평가'!O18 | H11: ='04_역할평가'!O63 | I11: =IF(OR(G11="",H11=""),"",(IF(G11="S",5,IF(G11="A",4,IF(G11="B",3,IF(G11="C",2,IF(G11="D",1,0))))) * '02_의사결정·종합결과'!$B$7 + IF(H11="S",5,IF(H11="A",4,IF(H11="B",3,IF(H11="C",2,IF(H11="D",1,0))))) * '02_의사결정·종합결과'!$B$8)) | J11: ='05_공통역량평가'!Q11 | K11: ='05_공통역량평가'!Q51 | L11: =IF(OR(J11="",K11=""),"",IF(J11="S",5,IF(J11="A",4,IF(J11="B",3,IF(J11="C",2,IF(J11="D",1,0))))) * '02_의사결정·종합결과'!$B$7 + IF(K11="S",5,IF(K11="A",4,IF(K11="B",3,IF(K11="C",2,IF(K11="D",1,0))))) * '02_의사결정·종합결과'!$B$8) | M11: ='06_직무역량평가'!J11 | N11: ='06_직무역량평가'!J56 | O11: =IF(OR(M11="",N11=""),"",IF(M11="S",5,IF(M11="A",4,IF(M11="B",3,IF(M11="C",2,IF(M11="D",1,0))))) * '02_의사결정·종합결과'!$B$7 + IF(N11="S",5,IF(N11="A",4,IF(N11="B",3,IF(N11="C",2,IF(N11="D",1,0))))) * '02_의사결정·종합결과'!$B$8) | P11: =IFERROR(VLOOKUP(F11,'02_의사결정·종합결과'!$A$16:$D$22,2,FALSE),"") | Q11: =IFERROR(VLOOKUP(F11,'02_의사결정·종합결과'!$A$16:$D$22,3,FALSE),"") | R11: =IFERROR(VLOOKUP(F11,'02_의사결정·종합결과'!$A$16:$D$22,4,FALSE),"") | S11: =IF(OR(I11="",L11="",O11=""),"",I11*P11+L11*Q11+O11*R11) | T11: =IF(S11="","",IF(S11>=4.5,"S",IF(S11>=3.5,"A",IF(S11>=2.5,"B",IF(S11>=1.5,"C","D"))))) | U11: =IF('02_의사결정·종합결과'!$B$6="절대평가",T11,T11)
A12: ='01_인적정보'!A12 | B12: ='01_인적정보'!B12 | C12: ='01_인적정보'!C12 | D12: ='01_인적정보'!D12 | E12: ='01_인적정보'!E12 | F12: ='01_인적정보'!H12 | G12: ='04_역할평가'!O19 | H12: ='04_역할평가'!O64 | I12: =IF(OR(G12="",H12=""),"",(IF(G12="S",5,IF(G12="A",4,IF(G12="B",3,IF(G12="C",2,IF(G12="D",1,0))))) * '02_의사결정·종합결과'!$B$7 + IF(H12="S",5,IF(H12="A",4,IF(H12="B",3,IF(H12="C",2,IF(H12="D",1,0))))) * '02_의사결정·종합결과'!$B$8)) | J12: ='05_공통역량평가'!Q12 | K12: ='05_공통역량평가'!Q52 | L12: =IF(OR(J12="",K12=""),"",IF(J12="S",5,IF(J12="A",4,IF(J12="B",3,IF(J12="C",2,IF(J12="D",1,0))))) * '02_의사결정·종합결과'!$B$7 + IF(K12="S",5,IF(K12="A",4,IF(K12="B",3,IF(K12="C",2,IF(K12="D",1,0))))) * '02_의사결정·종합결과'!$B$8) | M12: ='06_직무역량평가'!J12 | N12: ='06_직무역량평가'!J57 | O12: =IF(OR(M12="",N12=""),"",IF(M12="S",5,IF(M12="A",4,IF(M12="B",3,IF(M12="C",2,IF(M12="D",1,0))))) * '02_의사결정·종합결과'!$B$7 + IF(N12="S",5,IF(N12="A",4,IF(N12="B",3,IF(N12="C",2,IF(N12="D",1,0))))) * '02_의사결정·종합결과'!$B$8) | P12: =IFERROR(VLOOKUP(F12,'02_의사결정·종합결과'!$A$16:$D$22,2,FALSE),"") | Q12: =IFERROR(VLOOKUP(F12,'02_의사결정·종합결과'!$A$16:$D$22,3,FALSE),"") | R12: =IFERROR(VLOOKUP(F12,'02_의사결정·종합결과'!$A$16:$D$22,4,FALSE),"") | S12: =IF(OR(I12="",L12="",O12=""),"",I12*P12+L12*Q12+O12*R12) | T12: =IF(S12="","",IF(S12>=4.5,"S",IF(S12>=3.5,"A",IF(S12>=2.5,"B",IF(S12>=1.5,"C","D"))))) | U12: =IF('02_의사결정·종합결과'!$B$6="절대평가",T12,T12)
A13: ='01_인적정보'!A13 | B13: ='01_인적정보'!B13 | C13: ='01_인적정보'!C13 | D13: ='01_인적정보'!D13 | E13: ='01_인적정보'!E13 | F13: ='01_인적정보'!H13 | G13: ='04_역할평가'!O20 | H13: ='04_역할평가'!O65 | I13: =IF(OR(G13="",H13=""),"",(IF(G13="S",5,IF(G13="A",4,IF(G13="B",3,IF(G13="C",2,IF(G13="D",1,0))))) * '02_의사결정·종합결과'!$B$7 + IF(H13="S",5,IF(H13="A",4,IF(H13="B",3,IF(H13="C",2,IF(H13="D",1,0))))) * '02_의사결정·종합결과'!$B$8)) | J13: ='05_공통역량평가'!Q13 | K13: ='05_공통역량평가'!Q53 | L13: =IF(OR(J13="",K13=""),"",IF(J13="S",5,IF(J13="A",4,IF(J13="B",3,IF(J13="C",2,IF(J13="D",1,0))))) * '02_의사결정·종합결과'!$B$7 + IF(K13="S",5,IF(K13="A",4,IF(K13="B",3,IF(K13="C",2,IF(K13="D",1,0))))) * '02_의사결정·종합결과'!$B$8) | M13: ='06_직무역량평가'!J13 | N13: ='06_직무역량평가'!J58 | O13: =IF(OR(M13="",N13=""),"",IF(M13="S",5,IF(M13="A",4,IF(M13="B",3,IF(M13="C",2,IF(M13="D",1,0))))) * '02_의사결정·종합결과'!$B$7 + IF(N13="S",5,IF(N13="A",4,IF(N13="B",3,IF(N13="C",2,IF(N13="D",1,0))))) * '02_의사결정·종합결과'!$B$8) | P13: =IFERROR(VLOOKUP(F13,'02_의사결정·종합결과'!$A$16:$D$22,2,FALSE),"") | Q13: =IFERROR(VLOOKUP(F13,'02_의사결정·종합결과'!$A$16:$D$22,3,FALSE),"") | R13: =IFERROR(VLOOKUP(F13,'02_의사결정·종합결과'!$A$16:$D$22,4,FALSE),"") | S13: =IF(OR(I13="",L13="",O13=""),"",I13*P13+L13*Q13+O13*R13) | T13: =IF(S13="","",IF(S13>=4.5,"S",IF(S13>=3.5,"A",IF(S13>=2.5,"B",IF(S13>=1.5,"C","D"))))) | U13: =IF('02_의사결정·종합결과'!$B$6="절대평가",T13,T13)
A14: ='01_인적정보'!A14 | B14: ='01_인적정보'!B14 | C14: ='01_인적정보'!C14 | D14: ='01_인적정보'!D14 | E14: ='01_인적정보'!E14 | F14: ='01_인적정보'!H14 | G14: ='04_역할평가'!O21 | H14: ='04_역할평가'!O66 | I14: =IF(OR(G14="",H14=""),"",(IF(G14="S",5,IF(G14="A",4,IF(G14="B",3,IF(G14="C",2,IF(G14="D",1,0))))) * '02_의사결정·종합결과'!$B$7 + IF(H14="S",5,IF(H14="A",4,IF(H14="B",3,IF(H14="C",2,IF(H14="D",1,0))))) * '02_의사결정·종합결과'!$B$8)) | J14: ='05_공통역량평가'!Q14 | K14: ='05_공통역량평가'!Q54 | L14: =IF(OR(J14="",K14=""),"",IF(J14="S",5,IF(J14="A",4,IF(J14="B",3,IF(J14="C",2,IF(J14="D",1,0))))) * '02_의사결정·종합결과'!$B$7 + IF(K14="S",5,IF(K14="A",4,IF(K14="B",3,IF(K14="C",2,IF(K14="D",1,0))))) * '02_의사결정·종합결과'!$B$8) | M14: ='06_직무역량평가'!J14 | N14: ='06_직무역량평가'!J59 | O14: =IF(OR(M14="",N14=""),"",IF(M14="S",5,IF(M14="A",4,IF(M14="B",3,IF(M14="C",2,IF(M14="D",1,0))))) * '02_의사결정·종합결과'!$B$7 + IF(N14="S",5,IF(N14="A",4,IF(N14="B",3,IF(N14="C",2,IF(N14="D",1,0))))) * '02_의사결정·종합결과'!$B$8) | P14: =IFERROR(VLOOKUP(F14,'02_의사결정·종합결과'!$A$16:$D$22,2,FALSE),"") | Q14: =IFERROR(VLOOKUP(F14,'02_의사결정·종합결과'!$A$16:$D$22,3,FALSE),"") | R14: =IFERROR(VLOOKUP(F14,'02_의사결정·종합결과'!$A$16:$D$22,4,FALSE),"") | S14: =IF(OR(I14="",L14="",O14=""),"",I14*P14+L14*Q14+O14*R14) | T14: =IF(S14="","",IF(S14>=4.5,"S",IF(S14>=3.5,"A",IF(S14>=2.5,"B",IF(S14>=1.5,"C","D"))))) | U14: =IF('02_의사결정·종합결과'!$B$6="절대평가",T14,T14)
A15: ='01_인적정보'!A15 | B15: ='01_인적정보'!B15 | C15: ='01_인적정보'!C15 | D15: ='01_인적정보'!D15 | E15: ='01_인적정보'!E15 | F15: ='01_인적정보'!H15 | G15: ='04_역할평가'!O22 | H15: ='04_역할평가'!O67 | I15: =IF(OR(G15="",H15=""),"",(IF(G15="S",5,IF(G15="A",4,IF(G15="B",3,IF(G15="C",2,IF(G15="D",1,0))))) * '02_의사결정·종합결과'!$B$7 + IF(H15="S",5,IF(H15="A",4,IF(H15="B",3,IF(H15="C",2,IF(H15="D",1,0))))) * '02_의사결정·종합결과'!$B$8)) | J15: ='05_공통역량평가'!Q15 | K15: ='05_공통역량평가'!Q55 | L15: =IF(OR(J15="",K15=""),"",IF(J15="S",5,IF(J15="A",4,IF(J15="B",3,IF(J15="C",2,IF(J15="D",1,0))))) * '02_의사결정·종합결과'!$B$7 + IF(K15="S",5,IF(K15="A",4,IF(K15="B",3,IF(K15="C",2,IF(K15="D",1,0))))) * '02_의사결정·종합결과'!$B$8) | M15: ='06_직무역량평가'!J15 | N15: ='06_직무역량평가'!J60 | O15: =IF(OR(M15="",N15=""),"",IF(M15="S",5,IF(M15="A",4,IF(M15="B",3,IF(M15="C",2,IF(M15="D",1,0))))) * '02_의사결정·종합결과'!$B$7 + IF(N15="S",5,IF(N15="A",4,IF(N15="B",3,IF(N15="C",2,IF(N15="D",1,0))))) * '02_의사결정·종합결과'!$B$8) | P15: =IFERROR(VLOOKUP(F15,'02_의사결정·종합결과'!$A$16:$D$22,2,FALSE),"") | Q15: =IFERROR(VLOOKUP(F15,'02_의사결정·종합결과'!$A$16:$D$22,3,FALSE),"") | R15: =IFERROR(VLOOKUP(F15,'02_의사결정·종합결과'!$A$16:$D$22,4,FALSE),"") | S15: =IF(OR(I15="",L15="",O15=""),"",I15*P15+L15*Q15+O15*R15) | T15: =IF(S15="","",IF(S15>=4.5,"S",IF(S15>=3.5,"A",IF(S15>=2.5,"B",IF(S15>=1.5,"C","D"))))) | U15: =IF('02_의사결정·종합결과'!$B$6="절대평가",T15,T15)
A16: ='01_인적정보'!A16 | B16: ='01_인적정보'!B16 | C16: ='01_인적정보'!C16 | D16: ='01_인적정보'!D16 | E16: ='01_인적정보'!E16 | F16: ='01_인적정보'!H16 | G16: ='04_역할평가'!O23 | H16: ='04_역할평가'!O68 | I16: =IF(OR(G16="",H16=""),"",(IF(G16="S",5,IF(G16="A",4,IF(G16="B",3,IF(G16="C",2,IF(G16="D",1,0))))) * '02_의사결정·종합결과'!$B$7 + IF(H16="S",5,IF(H16="A",4,IF(H16="B",3,IF(H16="C",2,IF(H16="D",1,0))))) * '02_의사결정·종합결과'!$B$8)) | J16: ='05_공통역량평가'!Q16 | K16: ='05_공통역량평가'!Q56 | L16: =IF(OR(J16="",K16=""),"",IF(J16="S",5,IF(J16="A",4,IF(J16="B",3,IF(J16="C",2,IF(J16="D",1,0))))) * '02_의사결정·종합결과'!$B$7 + IF(K16="S",5,IF(K16="A",4,IF(K16="B",3,IF(K16="C",2,IF(K16="D",1,0))))) * '02_의사결정·종합결과'!$B$8) | M16: ='06_직무역량평가'!J16 | N16: ='06_직무역량평가'!J61 | O16: =IF(OR(M16="",N16=""),"",IF(M16="S",5,IF(M16="A",4,IF(M16="B",3,IF(M16="C",2,IF(M16="D",1,0))))) * '02_의사결정·종합결과'!$B$7 + IF(N16="S",5,IF(N16="A",4,IF(N16="B",3,IF(N16="C",2,IF(N16="D",1,0))))) * '02_의사결정·종합결과'!$B$8) | P16: =IFERROR(VLOOKUP(F16,'02_의사결정·종합결과'!$A$16:$D$22,2,FALSE),"") | Q16: =IFERROR(VLOOKUP(F16,'02_의사결정·종합결과'!$A$16:$D$22,3,FALSE),"") | R16: =IFERROR(VLOOKUP(F16,'02_의사결정·종합결과'!$A$16:$D$22,4,FALSE),"") | S16: =IF(OR(I16="",L16="",O16=""),"",I16*P16+L16*Q16+O16*R16) | T16: =IF(S16="","",IF(S16>=4.5,"S",IF(S16>=3.5,"A",IF(S16>=2.5,"B",IF(S16>=1.5,"C","D"))))) | U16: =IF('02_의사결정·종합결과'!$B$6="절대평가",T16,T16)
A17: ='01_인적정보'!A17 | B17: ='01_인적정보'!B17 | C17: ='01_인적정보'!C17 | D17: ='01_인적정보'!D17 | E17: ='01_인적정보'!E17 | F17: ='01_인적정보'!H17 | G17: ='04_역할평가'!O24 | H17: ='04_역할평가'!O69 | I17: =IF(OR(G17="",H17=""),"",(IF(G17="S",5,IF(G17="A",4,IF(G17="B",3,IF(G17="C",2,IF(G17="D",1,0))))) * '02_의사결정·종합결과'!$B$7 + IF(H17="S",5,IF(H17="A",4,IF(H17="B",3,IF(H17="C",2,IF(H17="D",1,0))))) * '02_의사결정·종합결과'!$B$8)) | J17: ='05_공통역량평가'!Q17 | K17: ='05_공통역량평가'!Q57 | L17: =IF(OR(J17="",K17=""),"",IF(J17="S",5,IF(J17="A",4,IF(J17="B",3,IF(J17="C",2,IF(J17="D",1,0))))) * '02_의사결정·종합결과'!$B$7 + IF(K17="S",5,IF(K17="A",4,IF(K17="B",3,IF(K17="C",2,IF(K17="D",1,0))))) * '02_의사결정·종합결과'!$B$8) | M17: ='06_직무역량평가'!J17 | N17: ='06_직무역량평가'!J62 | O17: =IF(OR(M17="",N17=""),"",IF(M17="S",5,IF(M17="A",4,IF(M17="B",3,IF(M17="C",2,IF(M17="D",1,0))))) * '02_의사결정·종합결과'!$B$7 + IF(N17="S",5,IF(N17="A",4,IF(N17="B",3,IF(N17="C",2,IF(N17="D",1,0))))) * '02_의사결정·종합결과'!$B$8) | P17: =IFERROR(VLOOKUP(F17,'02_의사결정·종합결과'!$A$16:$D$22,2,FALSE),"") | Q17: =IFERROR(VLOOKUP(F17,'02_의사결정·종합결과'!$A$16:$D$22,3,FALSE),"") | R17: =IFERROR(VLOOKUP(F17,'02_의사결정·종합결과'!$A$16:$D$22,4,FALSE),"") | S17: =IF(OR(I17="",L17="",O17=""),"",I17*P17+L17*Q17+O17*R17) | T17: =IF(S17="","",IF(S17>=4.5,"S",IF(S17>=3.5,"A",IF(S17>=2.5,"B",IF(S17>=1.5,"C","D"))))) | U17: =IF('02_의사결정·종합결과'!$B$6="절대평가",T17,T17)
... A39: ='01_인적정보'!A39 | B39: ='01_인적정보'!B39 | C39: ='01_인적정보'!C39 | D39: ='01_인적정보'!D39 | E39: ='01_인적정보'!E39 | F39: ='01_인적정보'!H39 | G39: ='04_역할평가'!O46 | H39: ='04_역할평가'!O91 | I39: =IF(OR(G39="",H39=""),"",(IF(G39="S",5,IF(G39="A",4,IF(G39="B",3,IF(G39="C",2,IF(G39="D",1,0))))) * '02_의사결정·종합결과'!$B$7 + IF(H39="S",5,IF(H39="A",4,IF(H39="B",3,IF(H39="C",2,IF(H39="D",1,0))))) * '02_의사결정·종합결과'!$B$8)) | J39: ='05_공통역량평가'!Q39 | K39: ='05_공통역량평가'!Q79 | L39: =IF(OR(J39="",K39=""),"",IF(J39="S",5,IF(J39="A",4,IF(J39="B",3,IF(J39="C",2,IF(J39="D",1,0))))) * '02_의사결정·종합결과'!$B$7 + IF(K39="S",5,IF(K39="A",4,IF(K39="B",3,IF(K39="C",2,IF(K39="D",1,0))))) * '02_의사결정·종합결과'!$B$8) | M39: ='06_직무역량평가'!J39 | N39: ='06_직무역량평가'!J84 | O39: =IF(OR(M39="",N39=""),"",IF(M39="S",5,IF(M39="A",4,IF(M39="B",3,IF(M39="C",2,IF(M39="D",1,0))))) * '02_의사결정·종합결과'!$B$7 + IF(N39="S",5,IF(N39="A",4,IF(N39="B",3,IF(N39="C",2,IF(N39="D",1,0))))) * '02_의사결정·종합결과'!$B$8) | P39: =IFERROR(VLOOKUP(F39,'02_의사결정·종합결과'!$A$16:$D$22,2,FALSE),"") | Q39: =IFERROR(VLOOKUP(F39,'02_의사결정·종합결과'!$A$16:$D$22,3,FALSE),"") | R39: =IFERROR(VLOOKUP(F39,'02_의사결정·종합결과'!$A$16:$D$22,4,FALSE),"") | S39: =IF(OR(I39="",L39="",O39=""),"",I39*P39+L39*Q39+O39*R39) | T39: =IF(S39="","",IF(S39>=4.5,"S",IF(S39>=3.5,"A",IF(S39>=2.5,"B",IF(S39>=1.5,"C","D"))))) | U39: =IF('02_의사결정·종합결과'!$B$6="절대평가",T39,T39)

Sheet 09_보상연계
A1: 성과평가 → 보상 연계 (기본연봉 인상)
A2: 08 종합평가의 최종등급 → 인상률 → 차년도 기본연봉 자동 산출. 페이밴드 검증 포함.
A5: No. | B5: 사번 | C5: 성명 | D5: 직군 | E5: 부서 | F5: 역할등급 | G5: 현재 연봉 | H5: 최종등급 | I5: 평가인상률 | J5: 승진여부 | K5: 승진인상률 | L5: 총인상률 | M5: 페이밴드 Min | N5: 페이밴드 Max | O5: 신규연봉(안) | P5: 연봉확정 | Q5: 인상액
A6: ='01_인적정보'!A6 | B6: ='01_인적정보'!B6 | C6: ='01_인적정보'!C6 | D6: ='01_인적정보'!D6 | E6: ='01_인적정보'!F6 | F6: ='01_인적정보'!H6 | G6: ='01_인적정보'!K6 | H6: ='08_종합평가'!U6 | I6: =IF(H6="","",IF(H6="S",'02_의사결정·종합결과'!$B$26,IF(H6="A",'02_의사결정·종합결과'!$C$26,IF(H6="B",'02_의사결정·종합결과'!$D$26,IF(H6="C",'02_의사결정·종합결과'!$E$26,'02_의사결정·종합결과'!$F$26))))) | J6: N | K6: =IF(J6="Y",'02_의사결정·종합결과'!$B$28,0) | L6: =IF(I6="","",I6+K6) | M6: =IFERROR(VLOOKUP(F6,'02_의사결정·종합결과'!$A$32:$D$38,2,FALSE),"") | N6: =IFERROR(VLOOKUP(F6,'02_의사결정·종합결과'!$A$32:$D$38,4,FALSE),"") | O6: =IF(L6="","",ROUND(G6*(1+L6),-4)) | P6: =O6 | Q6: =IF(P6="","",P6-G6)
A7: ='01_인적정보'!A7 | B7: ='01_인적정보'!B7 | C7: ='01_인적정보'!C7 | D7: ='01_인적정보'!D7 | E7: ='01_인적정보'!F7 | F7: ='01_인적정보'!H7 | G7: ='01_인적정보'!K7 | H7: ='08_종합평가'!U7 | I7: =IF(H7="","",IF(H7="S",'02_의사결정·종합결과'!$B$26,IF(H7="A",'02_의사결정·종합결과'!$C$26,IF(H7="B",'02_의사결정·종합결과'!$D$26,IF(H7="C",'02_의사결정·종합결과'!$E$26,'02_의사결정·종합결과'!$F$26))))) | J7: N | K7: =IF(J7="Y",'02_의사결정·종합결과'!$B$28,0) | L7: =IF(I7="","",I7+K7) | M7: =IFERROR(VLOOKUP(F7,'02_의사결정·종합결과'!$A$32:$D$38,2,FALSE),"") | N7: =IFERROR(VLOOKUP(F7,'02_의사결정·종합결과'!$A$32:$D$38,4,FALSE),"") | O7: =IF(L7="","",ROUND(G7*(1+L7),-4)) | P7: =O7 | Q7: =IF(P7="","",P7-G7)
A8: ='01_인적정보'!A8 | B8: ='01_인적정보'!B8 | C8: ='01_인적정보'!C8 | D8: ='01_인적정보'!D8 | E8: ='01_인적정보'!F8 | F8: ='01_인적정보'!H8 | G8: ='01_인적정보'!K8 | H8: ='08_종합평가'!U8 | I8: =IF(H8="","",IF(H8="S",'02_의사결정·종합결과'!$B$26,IF(H8="A",'02_의사결정·종합결과'!$C$26,IF(H8="B",'02_의사결정·종합결과'!$D$26,IF(H8="C",'02_의사결정·종합결과'!$E$26,'02_의사결정·종합결과'!$F$26))))) | J8: N | K8: =IF(J8="Y",'02_의사결정·종합결과'!$B$28,0) | L8: =IF(I8="","",I8+K8) | M8: =IFERROR(VLOOKUP(F8,'02_의사결정·종합결과'!$A$32:$D$38,2,FALSE),"") | N8: =IFERROR(VLOOKUP(F8,'02_의사결정·종합결과'!$A$32:$D$38,4,FALSE),"") | O8: =IF(L8="","",ROUND(G8*(1+L8),-4)) | P8: =O8 | Q8: =IF(P8="","",P8-G8)
A9: ='01_인적정보'!A9 | B9: ='01_인적정보'!B9 | C9: ='01_인적정보'!C9 | D9: ='01_인적정보'!D9 | E9: ='01_인적정보'!F9 | F9: ='01_인적정보'!H9 | G9: ='01_인적정보'!K9 | H9: ='08_종합평가'!U9 | I9: =IF(H9="","",IF(H9="S",'02_의사결정·종합결과'!$B$26,IF(H9="A",'02_의사결정·종합결과'!$C$26,IF(H9="B",'02_의사결정·종합결과'!$D$26,IF(H9="C",'02_의사결정·종합결과'!$E$26,'02_의사결정·종합결과'!$F$26))))) | J9: N | K9: =IF(J9="Y",'02_의사결정·종합결과'!$B$28,0) | L9: =IF(I9="","",I9+K9) | M9: =IFERROR(VLOOKUP(F9,'02_의사결정·종합결과'!$A$32:$D$38,2,FALSE),"") | N9: =IFERROR(VLOOKUP(F9,'02_의사결정·종합결과'!$A$32:$D$38,4,FALSE),"") | O9: =IF(L9="","",ROUND(G9*(1+L9),-4)) | P9: =O9 | Q9: =IF(P9="","",P9-G9)
A10: ='01_인적정보'!A10 | B10: ='01_인적정보'!B10 | C10: ='01_인적정보'!C10 | D10: ='01_인적정보'!D10 | E10: ='01_인적정보'!F10 | F10: ='01_인적정보'!H10 | G10: ='01_인적정보'!K10 | H10: ='08_종합평가'!U10 | I10: =IF(H10="","",IF(H10="S",'02_의사결정·종합결과'!$B$26,IF(H10="A",'02_의사결정·종합결과'!$C$26,IF(H10="B",'02_의사결정·종합결과'!$D$26,IF(H10="C",'02_의사결정·종합결과'!$E$26,'02_의사결정·종합결과'!$F$26))))) | J10: N | K10: =IF(J10="Y",'02_의사결정·종합결과'!$B$28,0) | L10: =IF(I10="","",I10+K10) | M10: =IFERROR(VLOOKUP(F10,'02_의사결정·종합결과'!$A$32:$D$38,2,FALSE),"") | N10: =IFERROR(VLOOKUP(F10,'02_의사결정·종합결과'!$A$32:$D$38,4,FALSE),"") | O10: =IF(L10="","",ROUND(G10*(1+L10),-4)) | P10: =O10 | Q10: =IF(P10="","",P10-G10)
A11: ='01_인적정보'!A11 | B11: ='01_인적정보'!B11 | C11: ='01_인적정보'!C11 | D11: ='01_인적정보'!D11 | E11: ='01_인적정보'!F11 | F11: ='01_인적정보'!H11 | G11: ='01_인적정보'!K11 | H11: ='08_종합평가'!U11 | I11: =IF(H11="","",IF(H11="S",'02_의사결정·종합결과'!$B$26,IF(H11="A",'02_의사결정·종합결과'!$C$26,IF(H11="B",'02_의사결정·종합결과'!$D$26,IF(H11="C",'02_의사결정·종합결과'!$E$26,'02_의사결정·종합결과'!$F$26))))) | J11: N | K11: =IF(J11="Y",'02_의사결정·종합결과'!$B$28,0) | L11: =IF(I11="","",I11+K11) | M11: =IFERROR(VLOOKUP(F11,'02_의사결정·종합결과'!$A$32:$D$38,2,FALSE),"") | N11: =IFERROR(VLOOKUP(F11,'02_의사결정·종합결과'!$A$32:$D$38,4,FALSE),"") | O11: =IF(L11="","",ROUND(G11*(1+L11),-4)) | P11: =O11 | Q11: =IF(P11="","",P11-G11)
A12: ='01_인적정보'!A12 | B12: ='01_인적정보'!B12 | C12: ='01_인적정보'!C12 | D12: ='01_인적정보'!D12 | E12: ='01_인적정보'!F12 | F12: ='01_인적정보'!H12 | G12: ='01_인적정보'!K12 | H12: ='08_종합평가'!U12 | I12: =IF(H12="","",IF(H12="S",'02_의사결정·종합결과'!$B$26,IF(H12="A",'02_의사결정·종합결과'!$C$26,IF(H12="B",'02_의사결정·종합결과'!$D$26,IF(H12="C",'02_의사결정·종합결과'!$E$26,'02_의사결정·종합결과'!$F$26))))) | J12: N | K12: =IF(J12="Y",'02_의사결정·종합결과'!$B$28,0) | L12: =IF(I12="","",I12+K12) | M12: =IFERROR(VLOOKUP(F12,'02_의사결정·종합결과'!$A$32:$D$38,2,FALSE),"") | N12: =IFERROR(VLOOKUP(F12,'02_의사결정·종합결과'!$A$32:$D$38,4,FALSE),"") | O12: =IF(L12="","",ROUND(G12*(1+L12),-4)) | P12: =O12 | Q12: =IF(P12="","",P12-G12)
A13: ='01_인적정보'!A13 | B13: ='01_인적정보'!B13 | C13: ='01_인적정보'!C13 | D13: ='01_인적정보'!D13 | E13: ='01_인적정보'!F13 | F13: ='01_인적정보'!H13 | G13: ='01_인적정보'!K13 | H13: ='08_종합평가'!U13 | I13: =IF(H13="","",IF(H13="S",'02_의사결정·종합결과'!$B$26,IF(H13="A",'02_의사결정·종합결과'!$C$26,IF(H13="B",'02_의사결정·종합결과'!$D$26,IF(H13="C",'02_의사결정·종합결과'!$E$26,'02_의사결정·종합결과'!$F$26))))) | J13: N | K13: =IF(J13="Y",'02_의사결정·종합결과'!$B$28,0) | L13: =IF(I13="","",I13+K13) | M13: =IFERROR(VLOOKUP(F13,'02_의사결정·종합결과'!$A$32:$D$38,2,FALSE),"") | N13: =IFERROR(VLOOKUP(F13,'02_의사결정·종합결과'!$A$32:$D$38,4,FALSE),"") | O13: =IF(L13="","",ROUND(G13*(1+L13),-4)) | P13: =O13 | Q13: =IF(P13="","",P13-G13)
A14: ='01_인적정보'!A14 | B14: ='01_인적정보'!B14 | C14: ='01_인적정보'!C14 | D14: ='01_인적정보'!D14 | E14: ='01_인적정보'!F14 | F14: ='01_인적정보'!H14 | G14: ='01_인적정보'!K14 | H14: ='08_종합평가'!U14 | I14: =IF(H14="","",IF(H14="S",'02_의사결정·종합결과'!$B$26,IF(H14="A",'02_의사결정·종합결과'!$C$26,IF(H14="B",'02_의사결정·종합결과'!$D$26,IF(H14="C",'02_의사결정·종합결과'!$E$26,'02_의사결정·종합결과'!$F$26))))) | J14: N | K14: =IF(J14="Y",'02_의사결정·종합결과'!$B$28,0) | L14: =IF(I14="","",I14+K14) | M14: =IFERROR(VLOOKUP(F14,'02_의사결정·종합결과'!$A$32:$D$38,2,FALSE),"") | N14: =IFERROR(VLOOKUP(F14,'02_의사결정·종합결과'!$A$32:$D$38,4,FALSE),"") | O14: =IF(L14="","",ROUND(G14*(1+L14),-4)) | P14: =O14 | Q14: =IF(P14="","",P14-G14)
A15: ='01_인적정보'!A15 | B15: ='01_인적정보'!B15 | C15: ='01_인적정보'!C15 | D15: ='01_인적정보'!D15 | E15: ='01_인적정보'!F15 | F15: ='01_인적정보'!H15 | G15: ='01_인적정보'!K15 | H15: ='08_종합평가'!U15 | I15: =IF(H15="","",IF(H15="S",'02_의사결정·종합결과'!$B$26,IF(H15="A",'02_의사결정·종합결과'!$C$26,IF(H15="B",'02_의사결정·종합결과'!$D$26,IF(H15="C",'02_의사결정·종합결과'!$E$26,'02_의사결정·종합결과'!$F$26))))) | J15: N | K15: =IF(J15="Y",'02_의사결정·종합결과'!$B$28,0) | L15: =IF(I15="","",I15+K15) | M15: =IFERROR(VLOOKUP(F15,'02_의사결정·종합결과'!$A$32:$D$38,2,FALSE),"") | N15: =IFERROR(VLOOKUP(F15,'02_의사결정·종합결과'!$A$32:$D$38,4,FALSE),"") | O15: =IF(L15="","",ROUND(G15*(1+L15),-4)) | P15: =O15 | Q15: =IF(P15="","",P15-G15)
A16: ='01_인적정보'!A16 | B16: ='01_인적정보'!B16 | C16: ='01_인적정보'!C16 | D16: ='01_인적정보'!D16 | E16: ='01_인적정보'!F16 | F16: ='01_인적정보'!H16 | G16: ='01_인적정보'!K16 | H16: ='08_종합평가'!U16 | I16: =IF(H16="","",IF(H16="S",'02_의사결정·종합결과'!$B$26,IF(H16="A",'02_의사결정·종합결과'!$C$26,IF(H16="B",'02_의사결정·종합결과'!$D$26,IF(H16="C",'02_의사결정·종합결과'!$E$26,'02_의사결정·종합결과'!$F$26))))) | J16: N | K16: =IF(J16="Y",'02_의사결정·종합결과'!$B$28,0) | L16: =IF(I16="","",I16+K16) | M16: =IFERROR(VLOOKUP(F16,'02_의사결정·종합결과'!$A$32:$D$38,2,FALSE),"") | N16: =IFERROR(VLOOKUP(F16,'02_의사결정·종합결과'!$A$32:$D$38,4,FALSE),"") | O16: =IF(L16="","",ROUND(G16*(1+L16),-4)) | P16: =O16 | Q16: =IF(P16="","",P16-G16)
A17: ='01_인적정보'!A17 | B17: ='01_인적정보'!B17 | C17: ='01_인적정보'!C17 | D17: ='01_인적정보'!D17 | E17: ='01_인적정보'!F17 | F17: ='01_인적정보'!H17 | G17: ='01_인적정보'!K17 | H17: ='08_종합평가'!U17 | I17: =IF(H17="","",IF(H17="S",'02_의사결정·종합결과'!$B$26,IF(H17="A",'02_의사결정·종합결과'!$C$26,IF(H17="B",'02_의사결정·종합결과'!$D$26,IF(H17="C",'02_의사결정·종합결과'!$E$26,'02_의사결정·종합결과'!$F$26))))) | J17: N | K17: =IF(J17="Y",'02_의사결정·종합결과'!$B$28,0) | L17: =IF(I17="","",I17+K17) | M17: =IFERROR(VLOOKUP(F17,'02_의사결정·종합결과'!$A$32:$D$38,2,FALSE),"") | N17: =IFERROR(VLOOKUP(F17,'02_의사결정·종합결과'!$A$32:$D$38,4,FALSE),"") | O17: =IF(L17="","",ROUND(G17*(1+L17),-4)) | P17: =O17 | Q17: =IF(P17="","",P17-G17)
... A39: ='01_인적정보'!A39 | B39: ='01_인적정보'!B39 | C39: ='01_인적정보'!C39 | D39: ='01_인적정보'!D39 | E39: ='01_인적정보'!F39 | F39: ='01_인적정보'!H39 | G39: ='01_인적정보'!K39 | H39: ='08_종합평가'!U39 | I39: =IF(H39="","",IF(H39="S",'02_의사결정·종합결과'!$B$26,IF(H39="A",'02_의사결정·종합결과'!$C$26,IF(H39="B",'02_의사결정·종합결과'!$D$26,IF(H39="C",'02_의사결정·종합결과'!$E$26,'02_의사결정·종합결과'!$F$26))))) | J39: N | K39: =IF(J39="Y",'02_의사결정·종합결과'!$B$28,0) | L39: =IF(I39="","",I39+K39) | M39: =IFERROR(VLOOKUP(F39,'02_의사결정·종합결과'!$A$32:$D$38,2,FALSE),"") | N39: =IFERROR(VLOOKUP(F39,'02_의사결정·종합결과'!$A$32:$D$38,4,FALSE),"") | O39: =IF(L39="","",ROUND(G39*(1+L39),-4)) | P39: =O39 | Q39: =IF(P39="","",P39-G39)
F41: 합계 | G41: =SUM(G6:G39) | O41: =SUM(O6:O39) | P41: =SUM(P6:P39) | Q41: =SUM(Q6:Q39)

Sheet 10_성과급관리
A1: 성과급(인센티브) 관리 — 등급별 자동 산출
A2: 08 종합평가의 최종등급에 따라 자동 산정. 전사 KPI 달성률로 재원 가산.
A4: ■ 전사 KPI 달성률 → 성과급 재원 가산 계수
A5: 전사 KPI 종합등급 | B5: ='03_전사업적평가'!B11 | C5: KPI 가산 계수 | D5: =IFERROR(IF(B5="","",IF(B5="S",1.2,IF(B5="A",1.1,IF(B5="B",1,IF(B5="C",0.9,IF(B5="D",0.8,1)))))),1) | E5: 수동 조정 | F5: 1 | G5: S/A 등급 시 가산, C/D 등급 시 감산. 수동 조정란에 직접 입력해 덮어쓰기 가능.
A7: ■ 개인별 성과급 산출
A8: No. | B8: 사번 | C8: 성명 | D8: 부서 | E8: 역할등급 | F8: 연봉(현재) | G8: 최종등급 | H8: 월급여 | I8: 기본 성과급률 | J8: 기본 성과급(원) | K8: 가산계수 | L8: 최종 성과급 | M8: 비고
A9: ='01_인적정보'!A6 | B9: ='01_인적정보'!B6 | C9: ='01_인적정보'!C6 | D9: ='01_인적정보'!F6 | E9: ='01_인적정보'!H6 | F9: ='01_인적정보'!K6 | G9: ='08_종합평가'!U6 | H9: =ROUND(F9/12,-3) | I9: =IF(G9="","",IF(G9="S",'02_의사결정·종합결과'!$B$27,IF(G9="A",'02_의사결정·종합결과'!$C$27,IF(G9="B",'02_의사결정·종합결과'!$D$27,IF(G9="C",'02_의사결정·종합결과'!$E$27,'02_의사결정·종합결과'!$F$27))))) | J9: =IF(I9="","",ROUND(H9*I9*12,-3)) | K9: =IF($F$5<>1,$F$5,IF($D$5="",1,$D$5)) | L9: =IF(J9="","",ROUND(J9*K9,-3))
A10: ='01_인적정보'!A7 | B10: ='01_인적정보'!B7 | C10: ='01_인적정보'!C7 | D10: ='01_인적정보'!F7 | E10: ='01_인적정보'!H7 | F10: ='01_인적정보'!K7 | G10: ='08_종합평가'!U7 | H10: =ROUND(F10/12,-3) | I10: =IF(G10="","",IF(G10="S",'02_의사결정·종합결과'!$B$27,IF(G10="A",'02_의사결정·종합결과'!$C$27,IF(G10="B",'02_의사결정·종합결과'!$D$27,IF(G10="C",'02_의사결정·종합결과'!$E$27,'02_의사결정·종합결과'!$F$27))))) | J10: =IF(I10="","",ROUND(H10*I10*12,-3)) | K10: =IF($F$5<>1,$F$5,IF($D$5="",1,$D$5)) | L10: =IF(J10="","",ROUND(J10*K10,-3))
A11: ='01_인적정보'!A8 | B11: ='01_인적정보'!B8 | C11: ='01_인적정보'!C8 | D11: ='01_인적정보'!F8 | E11: ='01_인적정보'!H8 | F11: ='01_인적정보'!K8 | G11: ='08_종합평가'!U8 | H11: =ROUND(F11/12,-3) | I11: =IF(G11="","",IF(G11="S",'02_의사결정·종합결과'!$B$27,IF(G11="A",'02_의사결정·종합결과'!$C$27,IF(G11="B",'02_의사결정·종합결과'!$D$27,IF(G11="C",'02_의사결정·종합결과'!$E$27,'02_의사결정·종합결과'!$F$27))))) | J11: =IF(I11="","",ROUND(H11*I11*12,-3)) | K11: =IF($F$5<>1,$F$5,IF($D$5="",1,$D$5)) | L11: =IF(J11="","",ROUND(J11*K11,-3))
A12: ='01_인적정보'!A9 | B12: ='01_인적정보'!B9 | C12: ='01_인적정보'!C9 | D12: ='01_인적정보'!F9 | E12: ='01_인적정보'!H9 | F12: ='01_인적정보'!K9 | G12: ='08_종합평가'!U9 | H12: =ROUND(F12/12,-3) | I12: =IF(G12="","",IF(G12="S",'02_의사결정·종합결과'!$B$27,IF(G12="A",'02_의사결정·종합결과'!$C$27,IF(G12="B",'02_의사결정·종합결과'!$D$27,IF(G12="C",'02_의사결정·종합결과'!$E$27,'02_의사결정·종합결과'!$F$27))))) | J12: =IF(I12="","",ROUND(H12*I12*12,-3)) | K12: =IF($F$5<>1,$F$5,IF($D$5="",1,$D$5)) | L12: =IF(J12="","",ROUND(J12*K12,-3))
A13: ='01_인적정보'!A10 | B13: ='01_인적정보'!B10 | C13: ='01_인적정보'!C10 | D13: ='01_인적정보'!F10 | E13: ='01_인적정보'!H10 | F13: ='01_인적정보'!K10 | G13: ='08_종합평가'!U10 | H13: =ROUND(F13/12,-3) | I13: =IF(G13="","",IF(G13="S",'02_의사결정·종합결과'!$B$27,IF(G13="A",'02_의사결정·종합결과'!$C$27,IF(G13="B",'02_의사결정·종합결과'!$D$27,IF(G13="C",'02_의사결정·종합결과'!$E$27,'02_의사결정·종합결과'!$F$27))))) | J13: =IF(I13="","",ROUND(H13*I13*12,-3)) | K13: =IF($F$5<>1,$F$5,IF($D$5="",1,$D$5)) | L13: =IF(J13="","",ROUND(J13*K13,-3))
A14: ='01_인적정보'!A11 | B14: ='01_인적정보'!B11 | C14: ='01_인적정보'!C11 | D14: ='01_인적정보'!F11 | E14: ='01_인적정보'!H11 | F14: ='01_인적정보'!K11 | G14: ='08_종합평가'!U11 | H14: =ROUND(F14/12,-3) | I14: =IF(G14="","",IF(G14="S",'02_의사결정·종합결과'!$B$27,IF(G14="A",'02_의사결정·종합결과'!$C$27,IF(G14="B",'02_의사결정·종합결과'!$D$27,IF(G14="C",'02_의사결정·종합결과'!$E$27,'02_의사결정·종합결과'!$F$27))))) | J14: =IF(I14="","",ROUND(H14*I14*12,-3)) | K14: =IF($F$5<>1,$F$5,IF($D$5="",1,$D$5)) | L14: =IF(J14="","",ROUND(J14*K14,-3))
A15: ='01_인적정보'!A12 | B15: ='01_인적정보'!B12 | C15: ='01_인적정보'!C12 | D15: ='01_인적정보'!F12 | E15: ='01_인적정보'!H12 | F15: ='01_인적정보'!K12 | G15: ='08_종합평가'!U12 | H15: =ROUND(F15/12,-3) | I15: =IF(G15="","",IF(G15="S",'02_의사결정·종합결과'!$B$27,IF(G15="A",'02_의사결정·종합결과'!$C$27,IF(G15="B",'02_의사결정·종합결과'!$D$27,IF(G15="C",'02_의사결정·종합결과'!$E$27,'02_의사결정·종합결과'!$F$27))))) | J15: =IF(I15="","",ROUND(H15*I15*12,-3)) | K15: =IF($F$5<>1,$F$5,IF($D$5="",1,$D$5)) | L15: =IF(J15="","",ROUND(J15*K15,-3))
A16: ='01_인적정보'!A13 | B16: ='01_인적정보'!B13 | C16: ='01_인적정보'!C13 | D16: ='01_인적정보'!F13 | E16: ='01_인적정보'!H13 | F16: ='01_인적정보'!K13 | G16: ='08_종합평가'!U13 | H16: =ROUND(F16/12,-3) | I16: =IF(G16="","",IF(G16="S",'02_의사결정·종합결과'!$B$27,IF(G16="A",'02_의사결정·종합결과'!$C$27,IF(G16="B",'02_의사결정·종합결과'!$D$27,IF(G16="C",'02_의사결정·종합결과'!$E$27,'02_의사결정·종합결과'!$F$27))))) | J16: =IF(I16="","",ROUND(H16*I16*12,-3)) | K16: =IF($F$5<>1,$F$5,IF($D$5="",1,$D$5)) | L16: =IF(J16="","",ROUND(J16*K16,-3))
A17: ='01_인적정보'!A14 | B17: ='01_인적정보'!B14 | C17: ='01_인적정보'!C14 | D17: ='01_인적정보'!F14 | E17: ='01_인적정보'!H14 | F17: ='01_인적정보'!K14 | G17: ='08_종합평가'!U14 | H17: =ROUND(F17/12,-3) | I17: =IF(G17="","",IF(G17="S",'02_의사결정·종합결과'!$B$27,IF(G17="A",'02_의사결정·종합결과'!$C$27,IF(G17="B",'02_의사결정·종합결과'!$D$27,IF(G17="C",'02_의사결정·종합결과'!$E$27,'02_의사결정·종합결과'!$F$27))))) | J17: =IF(I17="","",ROUND(H17*I17*12,-3)) | K17: =IF($F$5<>1,$F$5,IF($D$5="",1,$D$5)) | L17: =IF(J17="","",ROUND(J17*K17,-3))
A18: ='01_인적정보'!A15 | B18: ='01_인적정보'!B15 | C18: ='01_인적정보'!C15 | D18: ='01_인적정보'!F15 | E18: ='01_인적정보'!H15 | F18: ='01_인적정보'!K15 | G18: ='08_종합평가'!U15 | H18: =ROUND(F18/12,-3) | I18: =IF(G18="","",IF(G18="S",'02_의사결정·종합결과'!$B$27,IF(G18="A",'02_의사결정·종합결과'!$C$27,IF(G18="B",'02_의사결정·종합결과'!$D$27,IF(G18="C",'02_의사결정·종합결과'!$E$27,'02_의사결정·종합결과'!$F$27))))) | J18: =IF(I18="","",ROUND(H18*I18*12,-3)) | K18: =IF($F$5<>1,$F$5,IF($D$5="",1,$D$5)) | L18: =IF(J18="","",ROUND(J18*K18,-3))
A19: ='01_인적정보'!A16 | B19: ='01_인적정보'!B16 | C19: ='01_인적정보'!C16 | D19: ='01_인적정보'!F16 | E19: ='01_인적정보'!H16 | F19: ='01_인적정보'!K16 | G19: ='08_종합평가'!U16 | H19: =ROUND(F19/12,-3) | I19: =IF(G19="","",IF(G19="S",'02_의사결정·종합결과'!$B$27,IF(G19="A",'02_의사결정·종합결과'!$C$27,IF(G19="B",'02_의사결정·종합결과'!$D$27,IF(G19="C",'02_의사결정·종합결과'!$E$27,'02_의사결정·종합결과'!$F$27))))) | J19: =IF(I19="","",ROUND(H19*I19*12,-3)) | K19: =IF($F$5<>1,$F$5,IF($D$5="",1,$D$5)) | L19: =IF(J19="","",ROUND(J19*K19,-3))
A20: ='01_인적정보'!A17 | B20: ='01_인적정보'!B17 | C20: ='01_인적정보'!C17 | D20: ='01_인적정보'!F17 | E20: ='01_인적정보'!H17 | F20: ='01_인적정보'!K17 | G20: ='08_종합평가'!U17 | H20: =ROUND(F20/12,-3) | I20: =IF(G20="","",IF(G20="S",'02_의사결정·종합결과'!$B$27,IF(G20="A",'02_의사결정·종합결과'!$C$27,IF(G20="B",'02_의사결정·종합결과'!$D$27,IF(G20="C",'02_의사결정·종합결과'!$E$27,'02_의사결정·종합결과'!$F$27))))) | J20: =IF(I20="","",ROUND(H20*I20*12,-3)) | K20: =IF($F$5<>1,$F$5,IF($D$5="",1,$D$5)) | L20: =IF(J20="","",ROUND(J20*K20,-3))
... A42: ='01_인적정보'!A39 | B42: ='01_인적정보'!B39 | C42: ='01_인적정보'!C39 | D42: ='01_인적정보'!F39 | E42: ='01_인적정보'!H39 | F42: ='01_인적정보'!K39 | G42: ='08_종합평가'!U39 | H42: =ROUND(F42/12,-3) | I42: =IF(G42="","",IF(G42="S",'02_의사결정·종합결과'!$B$27,IF(G42="A",'02_의사결정·종합결과'!$C$27,IF(G42="B",'02_의사결정·종합결과'!$D$27,IF(G42="C",'02_의사결정·종합결과'!$E$27,'02_의사결정·종합결과'!$F$27))))) | J42: =IF(I42="","",ROUND(H42*I42*12,-3)) | K42: =IF($F$5<>1,$F$5,IF($D$5="",1,$D$5)) | L42: =IF(J42="","",ROUND(J42*K42,-3))
K44: 총 성과급 재원 | L44: =SUM(L9:L42)

Sheet 11_페이밴드검증
A1: 페이밴드 적합성 검증
A2: 현재·인상 후 연봉의 페이밴드 위치를 자동 검증. 이탈자는 자동 식별.
A4: ■ 등급별 페이밴드 (02 자동 참조)
A5: 역할등급 | B5: 최소 | C5: 중위 | D5: 최대 | E5: Range Spread | F5: 해당 인원 | G5: 범위 내 | H5: 이탈
A6: G6 | B6: ='02_의사결정·종합결과'!B32 | C6: ='02_의사결정·종합결과'!C32 | D6: ='02_의사결정·종합결과'!D32 | E6: =(D6-B6)/B6 | F6: =COUNTIF('09_보상연계'!$F$6:$F$39,A6) | G6: =SUMPRODUCT(('09_보상연계'!$F$6:$F$39=A6)*('09_보상연계'!$P$6:$P$39>=B6)*('09_보상연계'!$P$6:$P$39<=D6)) | H6: =F6-G6
A7: G5-M | B7: ='02_의사결정·종합결과'!B33 | C7: ='02_의사결정·종합결과'!C33 | D7: ='02_의사결정·종합결과'!D33 | E7: =(D7-B7)/B7 | F7: =COUNTIF('09_보상연계'!$F$6:$F$39,A7) | G7: =SUMPRODUCT(('09_보상연계'!$F$6:$F$39=A7)*('09_보상연계'!$P$6:$P$39>=B7)*('09_보상연계'!$P$6:$P$39<=D7)) | H7: =F7-G7
A8: G5-S | B8: ='02_의사결정·종합결과'!B34 | C8: ='02_의사결정·종합결과'!C34 | D8: ='02_의사결정·종합결과'!D34 | E8: =(D8-B8)/B8 | F8: =COUNTIF('09_보상연계'!$F$6:$F$39,A8) | G8: =SUMPRODUCT(('09_보상연계'!$F$6:$F$39=A8)*('09_보상연계'!$P$6:$P$39>=B8)*('09_보상연계'!$P$6:$P$39<=D8)) | H8: =F8-G8
A9: G4 | B9: ='02_의사결정·종합결과'!B35 | C9: ='02_의사결정·종합결과'!C35 | D9: ='02_의사결정·종합결과'!D35 | E9: =(D9-B9)/B9 | F9: =COUNTIF('09_보상연계'!$F$6:$F$39,A9) | G9: =SUMPRODUCT(('09_보상연계'!$F$6:$F$39=A9)*('09_보상연계'!$P$6:$P$39>=B9)*('09_보상연계'!$P$6:$P$39<=D9)) | H9: =F9-G9
A10: G3 | B10: ='02_의사결정·종합결과'!B36 | C10: ='02_의사결정·종합결과'!C36 | D10: ='02_의사결정·종합결과'!D36 | E10: =(D10-B10)/B10 | F10: =COUNTIF('09_보상연계'!$F$6:$F$39,A10) | G10: =SUMPRODUCT(('09_보상연계'!$F$6:$F$39=A10)*('09_보상연계'!$P$6:$P$39>=B10)*('09_보상연계'!$P$6:$P$39<=D10)) | H10: =F10-G10
A11: G2 | B11: ='02_의사결정·종합결과'!B37 | C11: ='02_의사결정·종합결과'!C37 | D11: ='02_의사결정·종합결과'!D37 | E11: =(D11-B11)/B11 | F11: =COUNTIF('09_보상연계'!$F$6:$F$39,A11) | G11: =SUMPRODUCT(('09_보상연계'!$F$6:$F$39=A11)*('09_보상연계'!$P$6:$P$39>=B11)*('09_보상연계'!$P$6:$P$39<=D11)) | H11: =F11-G11
A12: G1 | B12: ='02_의사결정·종합결과'!B38 | C12: ='02_의사결정·종합결과'!C38 | D12: ='02_의사결정·종합결과'!D38 | E12: =(D12-B12)/B12 | F12: =COUNTIF('09_보상연계'!$F$6:$F$39,A12) | G12: =SUMPRODUCT(('09_보상연계'!$F$6:$F$39=A12)*('09_보상연계'!$P$6:$P$39>=B12)*('09_보상연계'!$P$6:$P$39<=D12)) | H12: =F12-G12
A14: ■ 페이밴드 이탈자 명단 (자동 식별)
A15: No. | B15: 사번 | C15: 성명 | D15: 역할등급 | E15: 확정 연봉 | F15: Min | G15: Max | H15: 이탈 방향 | I15: 조정 권고
A16: ='09_보상연계'!A6 | B16: ='09_보상연계'!B6 | C16: ='09_보상연계'!C6 | D16: ='09_보상연계'!F6 | E16: ='09_보상연계'!P6 | F16: ='09_보상연계'!M6 | G16: ='09_보상연계'!N6 | H16: =IF(E16="","",IF(E16<F16,"⬇ Min 미달",IF(E16>G16,"⬆ Max 초과","✓ 범위 내"))) | I16: =IF(E16="","",IF(E16<F16,F16-E16,IF(E16>G16,E16-G16,0)))
A17: ='09_보상연계'!A7 | B17: ='09_보상연계'!B7 | C17: ='09_보상연계'!C7 | D17: ='09_보상연계'!F7 | E17: ='09_보상연계'!P7 | F17: ='09_보상연계'!M7 | G17: ='09_보상연계'!N7 | H17: =IF(E17="","",IF(E17<F17,"⬇ Min 미달",IF(E17>G17,"⬆ Max 초과","✓ 범위 내"))) | I17: =IF(E17="","",IF(E17<F17,F17-E17,IF(E17>G17,E17-G17,0)))
A18: ='09_보상연계'!A8 | B18: ='09_보상연계'!B8 | C18: ='09_보상연계'!C8 | D18: ='09_보상연계'!F8 | E18: ='09_보상연계'!P8 | F18: ='09_보상연계'!M8 | G18: ='09_보상연계'!N8 | H18: =IF(E18="","",IF(E18<F18,"⬇ Min 미달",IF(E18>G18,"⬆ Max 초과","✓ 범위 내"))) | I18: =IF(E18="","",IF(E18<F18,F18-E18,IF(E18>G18,E18-G18,0)))
A19: ='09_보상연계'!A9 | B19: ='09_보상연계'!B9 | C19: ='09_보상연계'!C9 | D19: ='09_보상연계'!F9 | E19: ='09_보상연계'!P9 | F19: ='09_보상연계'!M9 | G19: ='09_보상연계'!N9 | H19: =IF(E19="","",IF(E19<F19,"⬇ Min 미달",IF(E19>G19,"⬆ Max 초과","✓ 범위 내"))) | I19: =IF(E19="","",IF(E19<F19,F19-E19,IF(E19>G19,E19-G19,0)))
A20: ='09_보상연계'!A10 | B20: ='09_보상연계'!B10 | C20: ='09_보상연계'!C10 | D20: ='09_보상연계'!F10 | E20: ='09_보상연계'!P10 | F20: ='09_보상연계'!M10 | G20: ='09_보상연계'!N10 | H20: =IF(E20="","",IF(E20<F20,"⬇ Min 미달",IF(E20>G20,"⬆ Max 초과","✓ 범위 내"))) | I20: =IF(E20="","",IF(E20<F20,F20-E20,IF(E20>G20,E20-G20,0)))
A21: ='09_보상연계'!A11 | B21: ='09_보상연계'!B11 | C21: ='09_보상연계'!C11 | D21: ='09_보상연계'!F11 | E21: ='09_보상연계'!P11 | F21: ='09_보상연계'!M11 | G21: ='09_보상연계'!N11 | H21: =IF(E21="","",IF(E21<F21,"⬇ Min 미달",IF(E21>G21,"⬆ Max 초과","✓ 범위 내"))) | I21: =IF(E21="","",IF(E21<F21,F21-E21,IF(E21>G21,E21-G21,0)))
A22: ='09_보상연계'!A12 | B22: ='09_보상연계'!B12 | C22: ='09_보상연계'!C12 | D22: ='09_보상연계'!F12 | E22: ='09_보상연계'!P12 | F22: ='09_보상연계'!M12 | G22: ='09_보상연계'!N12 | H22: =IF(E22="","",IF(E22<F22,"⬇ Min 미달",IF(E22>G22,"⬆ Max 초과","✓ 범위 내"))) | I22: =IF(E22="","",IF(E22<F22,F22-E22,IF(E22>G22,E22-G22,0)))
A23: ='09_보상연계'!A13 | B23: ='09_보상연계'!B13 | C23: ='09_보상연계'!C13 | D23: ='09_보상연계'!F13 | E23: ='09_보상연계'!P13 | F23: ='09_보상연계'!M13 | G23: ='09_보상연계'!N13 | H23: =IF(E23="","",IF(E23<F23,"⬇ Min 미달",IF(E23>G23,"⬆ Max 초과","✓ 범위 내"))) | I23: =IF(E23="","",IF(E23<F23,F23-E23,IF(E23>G23,E23-G23,0)))
A24: ='09_보상연계'!A14 | B24: ='09_보상연계'!B14 | C24: ='09_보상연계'!C14 | D24: ='09_보상연계'!F14 | E24: ='09_보상연계'!P14 | F24: ='09_보상연계'!M14 | G24: ='09_보상연계'!N14 | H24: =IF(E24="","",IF(E24<F24,"⬇ Min 미달",IF(E24>G24,"⬆ Max 초과","✓ 범위 내"))) | I24: =IF(E24="","",IF(E24<F24,F24-E24,IF(E24>G24,E24-G24,0)))
A25: ='09_보상연계'!A15 | B25: ='09_보상연계'!B15 | C25: ='09_보상연계'!C15 | D25: ='09_보상연계'!F15 | E25: ='09_보상연계'!P15 | F25: ='09_보상연계'!M15 | G25: ='09_보상연계'!N15 | H25: =IF(E25="","",IF(E25<F25,"⬇ Min 미달",IF(E25>G25,"⬆ Max 초과","✓ 범위 내"))) | I25: =IF(E25="","",IF(E25<F25,F25-E25,IF(E25>G25,E25-G25,0)))
A26: ='09_보상연계'!A16 | B26: ='09_보상연계'!B16 | C26: ='09_보상연계'!C16 | D26: ='09_보상연계'!F16 | E26: ='09_보상연계'!P16 | F26: ='09_보상연계'!M16 | G26: ='09_보상연계'!N16 | H26: =IF(E26="","",IF(E26<F26,"⬇ Min 미달",IF(E26>G26,"⬆ Max 초과","✓ 범위 내"))) | I26: =IF(E26="","",IF(E26<F26,F26-E26,IF(E26>G26,E26-G26,0)))
A27: ='09_보상연계'!A17 | B27: ='09_보상연계'!B17 | C27: ='09_보상연계'!C17 | D27: ='09_보상연계'!F17 | E27: ='09_보상연계'!P17 | F27: ='09_보상연계'!M17 | G27: ='09_보상연계'!N17 | H27: =IF(E27="","",IF(E27<F27,"⬇ Min 미달",IF(E27>G27,"⬆ Max 초과","✓ 범위 내"))) | I27: =IF(E27="","",IF(E27<F27,F27-E27,IF(E27>G27,E27-G27,0)))
... A49: ='09_보상연계'!A39 | B49: ='09_보상연계'!B39 | C49: ='09_보상연계'!C39 | D49: ='09_보상연계'!F39 | E49: ='09_보상연계'!P39 | F49: ='09_보상연계'!M39 | G49: ='09_보상연계'!N39 | H49: =IF(E49="","",IF(E49<F49,"⬇ Min 미달",IF(E49>G49,"⬆ Max 초과","✓ 범위 내"))) | I49: =IF(E49="","",IF(E49<F49,F49-E49,IF(E49>G49,E49-G49,0)))

Sheet 12_시뮬레이션
A1: End-to-End 시뮬레이션 대시보드
A2: 07a/07b에 등급 입력 시 모든 시트가 갱신되어 여기에 종합 요약. 변경 시뮬레이션 확인용.
A4: ▶ 종합 요약
A5: 총 인원 | B5: =COUNTA('01_인적정보'!C6:C65)
A6: 연봉 총액(현재) | B6: =SUM('09_보상연계'!G6:G39)
A7: 연봉 총액(인상후) | B7: ='09_보상연계'!P41
A8: 총 인상액 | B8: ='09_보상연계'!Q41
A9: 인상률 (평균) | B9: =IFERROR('09_보상연계'!Q41/'09_보상연계'!G41,0)
A10: 성과급 재원 | B10: ='10_성과급관리'!L44
A11: 페이밴드 이탈자 | B11: =SUM('11_페이밴드검증'!H6:H12)
A14: ▶ 평가 등급 분포 (전사)
A15: 등급 | B15: 인원수 | C15: 비율
A16: S | B16: =COUNTIF('08_종합평가'!U6:U39,"S") | C16: =IFERROR(B16/SUM($B$16:$B$20),0)
A17: A | B17: =COUNTIF('08_종합평가'!U6:U39,"A") | C17: =IFERROR(B17/SUM($B$16:$B$20),0)
A18: B | B18: =COUNTIF('08_종합평가'!U6:U39,"B") | C18: =IFERROR(B18/SUM($B$16:$B$20),0)
A19: C | B19: =COUNTIF('08_종합평가'!U6:U39,"C") | C19: =IFERROR(B19/SUM($B$16:$B$20),0)
A20: D | B20: =COUNTIF('08_종합평가'!U6:U39,"D") | C20: =IFERROR(B20/SUM($B$16:$B$20),0)
A23: ▶ 부서별 평균 인상률
A24: 부서 | B24: 인원 | C24: 평균 인상률 | D24: 총 인상액
A25: R&D본부 | B25: =COUNTIF('09_보상연계'!E6:E39,"R&D본부") | C25: =IFERROR(AVERAGEIFS('09_보상연계'!L6:L39,'09_보상연계'!E6:E39,"R&D본부"),"") | D25: =SUMIFS('09_보상연계'!Q6:Q39,'09_보상연계'!E6:E39,"R&D본부")
A26: 경영전략실 | B26: =COUNTIF('09_보상연계'!E6:E39,"경영전략실") | C26: =IFERROR(AVERAGEIFS('09_보상연계'!L6:L39,'09_보상연계'!E6:E39,"경영전략실"),"") | D26: =SUMIFS('09_보상연계'!Q6:Q39,'09_보상연계'!E6:E39,"경영전략실")
A27: 마케팅팀 | B27: =COUNTIF('09_보상연계'!E6:E39,"마케팅팀") | C27: =IFERROR(AVERAGEIFS('09_보상연계'!L6:L39,'09_보상연계'!E6:E39,"마케팅팀"),"") | D27: =SUMIFS('09_보상연계'!Q6:Q39,'09_보상연계'!E6:E39,"마케팅팀")
A28: 솔루션본부 | B28: =COUNTIF('09_보상연계'!E6:E39,"솔루션본부") | C28: =IFERROR(AVERAGEIFS('09_보상연계'!L6:L39,'09_보상연계'!E6:E39,"솔루션본부"),"") | D28: =SUMIFS('09_보상연계'!Q6:Q39,'09_보상연계'!E6:E39,"솔루션본부")
A29: 스마트사업부 | B29: =COUNTIF('09_보상연계'!E6:E39,"스마트사업부") | C29: =IFERROR(AVERAGEIFS('09_보상연계'!L6:L39,'09_보상연계'!E6:E39,"스마트사업부"),"") | D29: =SUMIFS('09_보상연계'!Q6:Q39,'09_보상연계'!E6:E39,"스마트사업부")
A30: 컨설팅본부 | B30: =COUNTIF('09_보상연계'!E6:E39,"컨설팅본부") | C30: =IFERROR(AVERAGEIFS('09_보상연계'!L6:L39,'09_보상연계'!E6:E39,"컨설팅본부"),"") | D30: =SUMIFS('09_보상연계'!Q6:Q39,'09_보상연계'!E6:E39,"컨설팅본부")

Sheet 13_직무역할DB
A1: 직무·역할등급 정의 데이터베이스
A2: 직무 × 역할등급(G1~G6) 마스터. 모든 시트가 조회키(직무_등급)로 VLOOKUP 참조
A5: 조회키 | B5: 직무 | C5: 역할등급 | D5: 역할명 | E5: 역할 정의 | F5: 책임범위 | G5: 권한 수준 | H5: 표준연한
A6: 경영전략기획_G6 | B6: 경영전략기획 | C6: G6 | D6: 사업·조직 관리 | E6: 회사의 비전과 중장기 전략을 총괄하며, 경영·인사·재무·마케팅 등 핵심 기능을 통합 관리하고, 전사 의사결정·대외 협력·리스크 관리를 주도 | F6: 전사 KPI 달성, 손익 책임 | G6: 전사 의사결정, 예산 편성, 인력 승인 | H6: 5년 이상
A7: 경영전략기획_G5-M | B7: 경영전략기획 | C7: G5-M | D7: 직무 관리(부서장) | E7: 부서 전략 및 목표를 수립하고, 자원 배분·예산 관리·성과 관리를 통해 조직 성과 달성을 책임지고, 부서 내 의사결정을 주도 | F7: 부서 KPI 달성 책임 | G7: 부서 의사결정, 예산 배분, 채용/승진 제안 | H7: 4년 이상
A8: 경영전략기획_G5-S | B8: 경영전략기획 | C8: G5-S | D8: 실무 스페셜리스트 | E8: 직무 최고 수준의 전문성과 현장 경험을 기반으로, 복잡하고 고난이도의 프로젝트를 성공적으로 수행하며 내부 기술 자산화·전파를 주도 | F8: 핵심 기술/과제 성과 책임 | G8: 전문 영역 의사결정 | H8: 4년 이상
A9: 경영전략기획_G4 | B9: 경영전략기획 | C9: G4 | D9: 실무 책임(PM) | E9: 단위 프로젝트의 전략 수립·추진을 주도하며, 예산·일정·품질 등 목표 달성을 책임지고 성과를 보고 | F9: 프로젝트 성과 책임 | G9: 프로젝트 의사결정, 예산 집행 | H9: 3년 이상
A10: 경영전략기획_G3 | B10: 경영전략기획 | C10: G3 | D10: 핵심 실무 | E10: 전문 지식과 기술을 활용해 프로젝트 핵심 과업을 기획·수행하며, 산출물 품질과 일정 준수를 책임지는 중추적 역할 | F10: 모듈/과업 성과 | G10: 모듈 범위 자율 | H10: 3년 이상
A11: 경영전략기획_G2 | B11: 경영전략기획 | C11: G2 | D11: 실무 | E11: 프로젝트 계획에 따라 독립적·자율적으로 세부 과업을 계획·수행하며, 완성도 있는 산출물을 도출 | F11: 개별 과업 성과 | G11: 과업 범위 자율 | H11: 2년 이상
A12: 경영전략기획_G1 | B12: 경영전략기획 | C12: G1 | D12: 실무 보조 | E12: 실무에 대한 이해와 과업 수행에 필요한 기술·지식을 습득하며, 프로젝트 진행 과정에서 기본적인 과업을 보조 | F12: 학습/보조 수행도 | G12: 제한적 권한 | H12: 1년 이상
A13: 프로젝트영업_G6 | B13: 프로젝트영업 | C13: G6 | D13: 사업·조직 관리 | E13: 회사의 비전과 중장기 전략을 총괄하며, 경영·인사·재무·마케팅 등 핵심 기능을 통합 관리하고, 전사 의사결정·대외 협력·리스크 관리를 주도 | F13: 전사 KPI 달성, 손익 책임 | G13: 전사 의사결정, 예산 편성, 인력 승인 | H13: 5년 이상
A14: 프로젝트영업_G5-M | B14: 프로젝트영업 | C14: G5-M | D14: 직무 관리(부서장) | E14: 부서 전략 및 목표를 수립하고, 자원 배분·예산 관리·성과 관리를 통해 조직 성과 달성을 책임지고, 부서 내 의사결정을 주도 | F14: 부서 KPI 달성 책임 | G14: 부서 의사결정, 예산 배분, 채용/승진 제안 | H14: 4년 이상
A15: 프로젝트영업_G5-S | B15: 프로젝트영업 | C15: G5-S | D15: 실무 스페셜리스트 | E15: 직무 최고 수준의 전문성과 현장 경험을 기반으로, 복잡하고 고난이도의 프로젝트를 성공적으로 수행하며 내부 기술 자산화·전파를 주도 | F15: 핵심 기술/과제 성과 책임 | G15: 전문 영역 의사결정 | H15: 4년 이상
A16: 프로젝트영업_G4 | B16: 프로젝트영업 | C16: G4 | D16: 실무 책임(PM) | E16: 단위 프로젝트의 전략 수립·추진을 주도하며, 예산·일정·품질 등 목표 달성을 책임지고 성과를 보고 | F16: 프로젝트 성과 책임 | G16: 프로젝트 의사결정, 예산 집행 | H16: 3년 이상
... A54: 연구개발(R&D)_G1 | B54: 연구개발(R&D) | C54: G1 | D54: 실무 보조 | E54: 실무에 대한 이해와 과업 수행에 필요한 기술·지식을 습득하며, 프로젝트 진행 과정에서 기본적인 과업을 보조 | F54: 학습/보조 수행도 | G54: 제한적 권한 | H54: 1년 이상

Sheet 14_직무책무DB
A1: 직무별 책무·과업 상세 DB (직무 프로파일)
A2: 각 직무의 전체 책무 카탈로그. 15_직원별책무매핑에서 개인별로 메인 책무를 선택해 평가.
A5: No. | B5: 직무 | C5: 전문영역 | D5: 핵심 책무 | E5: 핵심 과업 (평가기준) | F5: 필요 스킬 | G5: 조회키(직무_책무)
A6: 1 | B6: 경영전략기획 | C6: 경영기획 | D6: 중장기 경영전략 수립 | E6: 내외부 경영환경 분석·중장기 전략방향 설정, PEST·SWOT 분석 | F6: 전략적 사고력, 데이터 분석력, 기획력 | G6: 경영전략기획_중장기 경영전략 수립
A7: 2 | B7: 경영전략기획 | C7: 경영기획 | D7: 조직 목표 및 KPI 관리 | E7: 연간 사업계획·KPI 체계 수립, 성과지표 정의서 작성·관리 | F7: 성과관리, 문제해결, 데이터 시각화 | G7: 경영전략기획_조직 목표 및 KPI 관리
A8: 3 | B8: 경영전략기획 | C8: 경영기획 | D8: 경영계획 및 예산수립 | E8: 연간사업계획·예산 조정관리, 예산편성·전사 예산안 | F8: 재무·회계 지식, 엑셀 활용 | G8: 경영전략기획_경영계획 및 예산수립
A9: 4 | B9: 경영전략기획 | C9: 경영기획 | D9: 경영평가 및 모니터링 | E9: 경영실적 점검·성과지표 운영, 부서별 실적측정·편차분석 | F9: 분석력, 통계해석, 리포팅 | G9: 경영전략기획_경영평가 및 모니터링
A10: 5 | B10: 경영전략기획 | C10: 경영기획 | D10: 신규 사업 기획 및 타당성 검토 | E10: 신사업 발굴·시장조사, 사업성·타당성 검토 | F10: 시장조사, 재무분석, PM | G10: 경영전략기획_신규 사업 기획 및 타당성 검토
A11: 6 | B11: 경영전략기획 | C11: 경영기획 | D11: 리스크 성과분석 | E11: 경영리스크 파악·대응계획 수립, KRI 관리 | F11: 리스크관리, 협상력, 문서작성 | G11: 경영전략기획_리스크 성과분석
A12: 7 | B12: 경영전략기획 | C12: 인사총무 | D12: 인사관리 및 인력운영 | E12: 입·퇴사 인사프로세스, 근태·휴가·인사기록 | F12: HRM 시스템, 문서작성, 개인정보 관리 | G12: 경영전략기획_인사관리 및 인력운영
A13: 8 | B13: 경영전략기획 | C13: 인사총무 | D13: 급여 및 복리후생 | E13: 급여·상여·성과급 정산, 4대보험·연말정산, 복리후생 운영 | F13: 급여정산, 세무·보험 이해 | G13: 경영전략기획_급여 및 복리후생
A14: 9 | B14: 경영전략기획 | C14: 인사총무 | D14: 총무 및 자산관리 | E14: 사무실 운영·비품·시설·차량, 보안·출입통제 | F14: 행정처리, 회계 이해, 문서관리 | G14: 경영전략기획_총무 및 자산관리
A15: 10 | B15: 경영전략기획 | C15: 인사총무 | D15: 노무 및 법규 | E15: 근로계약서·취업규칙·인사제도, 노동법 준수 모니터링 | F15: 근로기준법, 노무 실무 | G15: 경영전략기획_노무 및 법규
A16: 11 | B16: 경영전략기획 | C16: 인사총무 | D16: 조직문화 및 사내행사 | E16: 사내 행사 기획·진행, 내부 커뮤니케이션, 온보딩 | F16: 행사기획·운영, 대인 커뮤니케이션 | G16: 경영전략기획_조직문화 및 사내행사
A17: 12 | B17: 경영전략기획 | C17: 재무회계 | D17: 재무 전략 및 자금 관리 | E17: 자금 조달·운영, 재무 리스크 관리, 투자 검토 | F17: 재무지식, 분석력 | G17: 경영전략기획_재무 전략 및 자금 관리
... A68: 63 | B68: 연구개발(R&D) | C68: 품질관리 | D68: 코드 리뷰·품질 표준 | E68: 코드 리뷰·정적 분석·품질 표준 | F68: 코드 품질 | G68: 연구개발(R&D)_코드 리뷰·품질 표준

Sheet 15_직원별책무매핑
A1: ★ 직원별 메인 책무 매핑
A2: 각 직무 책무 헤더(파란 셀)는 고정. 직원 행의 책무 칸에 O(메인 책무) 또는 X(아님)만 입력. 메인 책무 수는 자동 카운트.
A3: ▶ 사용법: 직원별로 자신의 직무 섹션을 찾아 → 메인 책무 셀에 O, 비메인 셀에 X 입력 → E열(메인 책무 수)이 자동 갱신
A5: ■ 직무: 경영전략기획 (책무 19개) | 해당 직원 5명
A6: No. | B6: 사번 | C6: 성명 | D6: 부서 | E6: 메인 책무 수 | F6: 경영기획 | L6: 인사총무 | Q6: 재무회계 | V6: 마케팅
F7: 중장기 경영전략 수립 | G7: 조직 목표 및 KPI 관리 | H7: 경영계획 및 예산수립 | I7: 경영평가 및 모니터링 | J7: 신규 사업 기획 및 타당성 검토 | K7: 리스크 성과분석 | L7: 인사관리 및 인력운영 | M7: 급여 및 복리후생 | N7: 총무 및 자산관리 | O7: 노무 및 법규 | P7: 조직문화 및 사내행사 | Q7: 재무 전략 및 자금 관리 | R7: 회계 관리 및 결산 | S7: 결산 및 세무 | T7: 프로젝트 손익 및 원가관리 | U7: 자금 및 경영지원 | V7: 마케팅 전략 수립 | W7: 브랜드 마케팅 | X7: 컨텐츠 마케팅
A8: 1 | B8: BSS-004 | C8: 이일곤 (G6) | D8: 경영전략실 | E8: =COUNTIF(F8:X8,"O") | F8: X | G8: X | H8: X | I8: X | J8: X | K8: X | L8: X | M8: X | N8: X | O8: X | P8: X | Q8: X | R8: X | S8: X | T8: X | U8: X | V8: X | W8: X | X8: X
A9: 2 | B9: BSS-005 | C9: 송헌영 (G6) | D9: 경영전략실 | E9: =COUNTIF(F9:X9,"O") | F9: X | G9: X | H9: X | I9: X | J9: X | K9: X | L9: X | M9: X | N9: X | O9: X | P9: X | Q9: X | R9: X | S9: X | T9: X | U9: X | V9: X | W9: X | X9: X
A10: 3 | B10: BSS-006 | C10: 이재용 (G6) | D10: 경영전략실 | E10: =COUNTIF(F10:X10,"O") | F10: X | G10: X | H10: X | I10: X | J10: X | K10: X | L10: X | M10: X | N10: X | O10: X | P10: X | Q10: X | R10: X | S10: X | T10: X | U10: X | V10: X | W10: X | X10: X
A11: 4 | B11: BSS-012 | C11: 하은주 (G5-M) | D11: 마케팅팀 | E11: =COUNTIF(F11:X11,"O") | F11: X | G11: X | H11: X | I11: X | J11: X | K11: X | L11: X | M11: X | N11: X | O11: X | P11: X | Q11: X | R11: X | S11: X | T11: X | U11: X | V11: X | W11: X | X11: X
A12: 5 | B12: BSS-026 | C12: 박진희 (G1) | D12: 마케팅팀 | E12: =COUNTIF(F12:X12,"O") | F12: X | G12: X | H12: X | I12: X | J12: X | K12: X | L12: X | M12: X | N12: X | O12: X | P12: X | Q12: X | R12: X | S12: X | T12: X | U12: X | V12: X | W12: X | X12: X
A15: ■ 직무: 프로젝트영업 (책무 7개) | 해당 직원 1명
A16: No. | B16: 사번 | C16: 성명 | D16: 부서 | E16: 메인 책무 수 | F16: 영업기획 | I16: 고객관리 | K16: 프로젝트 영업
F17: 시장조사 및 고객 발굴 | G17: 제안 및 입찰 준비 | H17: 계약 협상 | I17: 기존 고객 관리 | J17: 신규 고객 개발 | K17: 프로젝트 발굴 및 수주 | L17: 계약 후 사후관리
A18: 1 | B18: BSS-001 | C18: 이화형 (G6) | D18: 스마트사업부 | E18: =COUNTIF(F18:L18,"O") | F18: X | G18: X | H18: X | I18: X | J18: X | K18: X | L18: X
A21: ■ 직무: SW판매영업 (책무 4개) | 해당 직원 0명
A22: No. | B22: 사번 | C22: 성명 | D22: 부서 | E22: 메인 책무 수 | F22: SW 영업 | H22: 파트너십 | I22: 고객지원
F23: SW 패키지 영업 | G23: 라이선스 관리·갱신 | H23: 파트너사 관리 | I23: 고객 기술 지원
A26: ■ 직무: BIM컨설팅 (책무 15개) | 해당 직원 21명
A27: No. | B27: 사번 | C27: 성명 | D27: 부서 | E27: 메인 책무 수 | F27: 계획모델링 | I27: 드론응용모델링 | K27: 구조모델링 | L27: 상하수도모델링 | M27: 컨설팅 | P27: 프로젝트관리 | S27: 기술개발
F28: BIM 기반 설계 계획수립 | G28: 설계 모델링 수행 | H28: 품질 검토 및 협업 | I28: 드론 측량 및 데이터 수집 | J28: 3D 메쉬·포인트클라우드 생성 | K28: 구조 BIM 모델링 | L28: 상하수도 BIM 모델링 | M28: 클라이언트 요구분석 | N28: BIM 도입 컨설팅 | O28: 보고서 작성 및 발표 | P28: 일정 및 자원 관리 | Q28: 품질 관리 | R28: 리스크 관리 | S28: BIM 라이브러리 구축 | T28: 내부 가이드라인 작성
A29: 1 | B29: BSS-003 | C29: 김현민 (G6) | D29: 컨설팅본부 | E29: =COUNTIF(F29:T29,"O") | F29: X | G29: X | H29: X | I29: X | J29: X | K29: X | L29: X | M29: X | N29: X | O29: X | P29: X | Q29: X | R29: X | S29: X | T29: X
A30: 2 | B30: BSS-009 | C30: 박남식 (G5-M) | D30: 컨설팅본부 | E30: =COUNTIF(F30:T30,"O") | F30: X | G30: X | H30: X | I30: X | J30: X | K30: X | L30: X | M30: X | N30: X | O30: X | P30: X | Q30: X | R30: X | S30: X | T30: X
A31: 3 | B31: BSS-010 | C31: 신재민 (G5-S) | D31: 컨설팅본부 | E31: =COUNTIF(F31:T31,"O") | F31: X | G31: X | H31: X | I31: X | J31: X | K31: X | L31: X | M31: X | N31: X | O31: X | P31: X | Q31: X | R31: X | S31: X | T31: X
A32: 4 | B32: BSS-011 | C32: 마장엽 (G5-S) | D32: 컨설팅본부 | E32: =COUNTIF(F32:T32,"O") | F32: X | G32: X | H32: X | I32: X | J32: X | K32: X | L32: X | M32: X | N32: X | O32: X | P32: X | Q32: X | R32: X | S32: X | T32: X
A33: 5 | B33: BSS-013 | C33: 홍사훈 (G5-S) | D33: 컨설팅본부 | E33: =COUNTIF(F33:T33,"O") | F33: X | G33: X | H33: X | I33: X | J33: X | K33: X | L33: X | M33: X | N33: X | O33: X | P33: X | Q33: X | R33: X | S33: X | T33: X
A34: 6 | B34: BSS-014 | C34: 유자영 (G5-S) | D34: 컨설팅본부 | E34: =COUNTIF(F34:T34,"O") | F34: X | G34: X | H34: X | I34: X | J34: X | K34: X | L34: X | M34: X | N34: X | O34: X | P34: X | Q34: X | R34: X | S34: X | T34: X
A35: 7 | B35: BSS-015 | C35: 민지선 (G5-S) | D35: 컨설팅본부 | E35: =COUNTIF(F35:T35,"O") | F35: X | G35: X | H35: X | I35: X | J35: X | K35: X | L35: X | M35: X | N35: X | O35: X | P35: X | Q35: X | R35: X | S35: X | T35: X
A36: 8 | B36: BSS-016 | C36: 장훈 (G5-S) | D36: 컨설팅본부 | E36: =COUNTIF(F36:T36,"O") | F36: X | G36: X | H36: X | I36: X | J36: X | K36: X | L36: X | M36: X | N36: X | O36: X | P36: X | Q36: X | R36: X | S36: X | T36: X
A37: 9 | B37: BSS-018 | C37: 조성준 (G4) | D37: 컨설팅본부 | E37: =COUNTIF(F37:T37,"O") | F37: X | G37: X | H37: X | I37: X | J37: X | K37: X | L37: X | M37: X | N37: X | O37: X | P37: X | Q37: X | R37: X | S37: X | T37: X
A38: 10 | B38: BSS-019 | C38: 구서현 (G3) | D38: 컨설팅본부 | E38: =COUNTIF(F38:T38,"O") | F38: X | G38: X | H38: X | I38: X | J38: X | K38: X | L38: X | M38: X | N38: X | O38: X | P38: X | Q38: X | R38: X | S38: X | T38: X
A39: 11 | B39: BSS-021 | C39: 김가연 (G2) | D39: 컨설팅본부 | E39: =COUNTIF(F39:T39,"O") | F39: X | G39: X | H39: X | I39: X | J39: X | K39: X | L39: X | M39: X | N39: X | O39: X | P39: X | Q39: X | R39: X | S39: X | T39: X
A40: 12 | B40: BSS-022 | C40: 한근수 (G2) | D40: 컨설팅본부 | E40: =COUNTIF(F40:T40,"O") | F40: X | G40: X | H40: X | I40: X | J40: X | K40: X | L40: X | M40: X | N40: X | O40: X | P40: X | Q40: X | R40: X | S40: X | T40: X
... A49: 21 | B49: BSS-034 | C49: 엄보근 (G1) | D49: 컨설팅본부 | E49: =COUNTIF(F49:T49,"O") | F49: X | G49: X | H49: X | I49: X | J49: X | K49: X | L49: X | M49: X | N49: X | O49: X | P49: X | Q49: X | R49: X | S49: X | T49: X
A52: ■ 직무: 교육 (책무 6개) | 해당 직원 3명
A53: No. | B53: 사번 | C53: 성명 | D53: 부서 | E53: 메인 책무 수 | F53: 교육 기획 | H53: 교육 운영 | K53: 수료/인증
F54: 교육과정 기획 | G54: 교재 개발 | H54: 교육 진행 및 강의 | I54: 실습 지원 | J54: 평가 및 피드백 | K54: 수료 관리·인증 발급
A55: 1 | B55: BSS-007 | C55: 이진행 (G5-M) | D55: 솔루션본부 | E55: =COUNTIF(F55:K55,"O") | F55: X | G55: X | H55: X | I55: X | J55: X | K55: X
A56: 2 | B56: BSS-017 | C56: 김우람 (G4) | D56: 솔루션본부 | E56: =COUNTIF(F56:K56,"O") | F56: X | G56: X | H56: X | I56: X | J56: X | K56: X
A57: 3 | B57: BSS-027 | C57: 장은한 (G2) | D57: 솔루션본부 | E57: =COUNTIF(F57:K57,"O") | F57: X | G57: X | H57: X | I57: X | J57: X | K57: X
A60: ■ 직무: 기술지원 (책무 5개) | 해당 직원 2명
A61: No. | B61: 사번 | C61: 성명 | D61: 부서 | E61: 메인 책무 수 | F61: 기술지원 | I61: 품질개선
F62: 고객 문의 대응 | G62: 원격·현장 지원 | H62: 기술 문서 작성 | I62: 버그 리포트 및 피드백 | J62: 품질 모니터링
A63: 1 | B63: BSS-008 | C63: 김민수 (G5-M) | D63: 솔루션본부 | E63: =COUNTIF(F63:J63,"O") | F63: X | G63: X | H63: X | I63: X | J63: X
A64: 2 | B64: BSS-020 | C64: 박진용 (G3) | D64: 솔루션본부 | E64: =COUNTIF(F64:J64,"O") | F64: X | G64: X | H64: X | I64: X | J64: X
A67: ■ 직무: 연구개발(R&D) (책무 7개) | 해당 직원 2명
A68: No. | B68: 사번 | C68: 성명 | D68: 부서 | E68: 메인 책무 수 | F68: 건설SW개발 | I68: 국책연구과제 | L68: 품질관리
F69: 요구사항 분석·설계 | G69: 코딩 및 단위 테스트 | H69: 통합 및 배포 | I69: 과제 기획·제안 | J69: 연구 수행 및 보고 | K69: 특허·논문 | L69: 코드 리뷰·품질 표준
A70: 1 | B70: BSS-002 | C70: 강전용 (G6) | D70: R&D본부 | E70: =COUNTIF(F70:L70,"O") | F70: X | G70: X | H70: X | I70: X | J70: X | K70: X | L70: X
A71: 2 | B71: BSS-025 | C71: 김성수 (G2) | D71: 컨설팅본부 | E71: =COUNTIF(F71:L71,"O") | F71: X | G71: X | H71: X | I71: X | J71: X | K71: X | L71: X
