Workbook

Sheet 00_표지
A1: 🌙 월인가 술빚는날 — 운영 기록부 마스터 v2
A2: 지속 활용 구조 · 5년+ 누적 가능 · 월별·분기·연도 자동 요약
A3: Version: v2.0 (2026-05-09 작성) · 적용 법령: 주류 면허법§25 + 주세법 + 식품위생법
A5: 사업장 정보
A6: 상호 | B6: 월인가 술빚는날 (대표 김지은)
A7: 사업자번호 | B7: 358-34-01806
A8: 소재지 | B8: 충남 천안시 동남구 다가말2길 81-1
A9: 연락처 | B9: 010-4837-3479
A10: 면허 | B10: 전통주(지역특산주) — 탁주·약주·증류식소주 + 식품(식초)
A12: ⚙️ v1 → v2 개선점
A13: ✅ 행 수 확장: 출고판매 2000행·기타 300~1000행 → 5년+ 누적 사용 가능
A14: ✅ 모든 데이터 시트에 연·월·분기 자동 추출 컬럼 (입력 부담 0)
A15: ✅ 신규 요약 시트 3종: 08 월별요약 / 09 분기요약 / 10 연도요약
A16: ✅ SUMIFS 자동 합계 — 데이터 입력 시 즉시 요약 갱신
A17: ✅ 분기 주세 신고 baseline을 09 시트에서 한 번에 조회
A18: ✅ 입력 영역(베이지)과 자동 계산(연두색) 시각 구분
A20: 📑 시트 구성 (의무 + 자동 요약)
A21: 탭 | B21: 이름 | C21: 역할 | D21: 의무(§25) | E21: 행 수 | F21: 주기 | G21: 비고
A22: 01 | B22: 원료 수불부 | C22: 원료·밑술 입고와 사용 | D22: ①②③ | E22: 500 | F22: 수시 | G22: 5년+ 충분
A23: 02 | B23: 양조 일지 | C23: 양조 단계·발효·제성 | D23: ③④⑤ | E23: 300 | F23: 배치 | G23: 60개월 × 5배치
A24: 03 | B24: 출고·판매 기록 | C24: 반출·판매·도매 | D24: ⑦ | E24: 2000 | F24: 수시 | G24: 5년 누적, 자동 합계
A25: 04 | B25: 재고 관리 | C25: 월말 마감·재고 | D25: ⑧ | E25: 600 | F25: 월말 | G25: 월 10SKU × 60개월
A26: 05 | B26: 부산물·폐기 | C26: 주박 등 부산물 | D26: ⑥ | E26: 300 | F26: 수시
A27: 06 | B27: 시음·자가품질 | C27: QC·시음·검사 | D27: 기타 | E27: 300 | F27: 분기 | G27: 식품위생법
A28: 07 | B28: 고객·체험 | C28: 단골·시음회 | D28: 선택 | E28: 1000 | F28: 행사 시 | G28: 개인정보 ⚠️
A29: 08 | B29: 월별 요약 | C29: 월간 매출·SKU·채널 자동 | D29: 📊 | E29: 자동 | F29: 자동 | G29: 신규
A30: 09 | B30: 분기 요약 | C30: 주세 신고용 분기 합계 | D30: 📊 | E30: 자동 | F30: 자동 | G30: 신규
A31: 10 | B31: 연도 요약 | C31: 연도별 KPI 대시보드 | D31: 📊 | E31: 자동 | F31: 자동 | G31: 신규
A33: ♾️ 지속 운영 원칙
A34: 1. 매년 새 파일을 만들지 않습니다. 이 한 파일에 5년+ 누적해서 사용합니다.
A35: 2. 매월 1일: 사령탑이 PDF 다운로드 → 가족공유_일상/_백업/{YYYY-MM}/ 보관
A36: 3. 매월 25일: 03 출고판매를 09 분기요약에서 확인 → 주세 신고
A37: 4. 연말: 10 연도요약에서 KPI 검토 + 다음 해 OKR 회의
A38: 5. 5년 누적 시점에: 09 시점부터 _Archive로 분리, 운영기록부는 새로 시작 (또는 그대로 누적)
A39: 6. 데이터 행이 부족해질 때: 사령탑이 행 추가 + 수식 복사 (또는 본 v2.x 갱신 요청)

Sheet 01_원료수불부
A1: 01. 원료 수불부 (v2)
A2: 주류 면허법§25 ①②③ · 500행 · 연·월·분기 자동 추출
A3: 💡 입고: 부모님 카톡 '품목·수량·매입처·금액' → 사령탑 입력. 노란색=입력, 연두색=자동.
A5: 일자 | B5: 연도 | C5: 월 | D5: 분기 | E5: 구분 | F5: 품목 | G5: 수량(kg/L) | H5: 단가(원) | I5: 금액(원) | J5: 매입처(인도인) | K5: 사용일 | L5: 비고
A6: 2026-05-01 | B6: =IF(A6="","",YEAR(A6)) | C6: =IF(A6="","",MONTH(A6)) | D6: =IF(A6="","","Q"&ROUNDUP(MONTH(A6)/3,0)) | E6: 입고 | F6: 찹쌀 | G6: 50 | H6: 4375 | I6: =IF(AND(G6<>"",H6<>""),G6*H6,"") | J6: 대농 김○○ (천안) | L6: 예시 — 실제 입력 시 갱신
B7: =IF(A7="","",YEAR(A7)) | C7: =IF(A7="","",MONTH(A7)) | D7: =IF(A7="","","Q"&ROUNDUP(MONTH(A7)/3,0)) | I7: =IF(AND(G7<>"",H7<>""),G7*H7,"")
B8: =IF(A8="","",YEAR(A8)) | C8: =IF(A8="","",MONTH(A8)) | D8: =IF(A8="","","Q"&ROUNDUP(MONTH(A8)/3,0)) | I8: =IF(AND(G8<>"",H8<>""),G8*H8,"")
B9: =IF(A9="","",YEAR(A9)) | C9: =IF(A9="","",MONTH(A9)) | D9: =IF(A9="","","Q"&ROUNDUP(MONTH(A9)/3,0)) | I9: =IF(AND(G9<>"",H9<>""),G9*H9,"")
B10: =IF(A10="","",YEAR(A10)) | C10: =IF(A10="","",MONTH(A10)) | D10: =IF(A10="","","Q"&ROUNDUP(MONTH(A10)/3,0)) | I10: =IF(AND(G10<>"",H10<>""),G10*H10,"")
B11: =IF(A11="","",YEAR(A11)) | C11: =IF(A11="","",MONTH(A11)) | D11: =IF(A11="","","Q"&ROUNDUP(MONTH(A11)/3,0)) | I11: =IF(AND(G11<>"",H11<>""),G11*H11,"")
B12: =IF(A12="","",YEAR(A12)) | C12: =IF(A12="","",MONTH(A12)) | D12: =IF(A12="","","Q"&ROUNDUP(MONTH(A12)/3,0)) | I12: =IF(AND(G12<>"",H12<>""),G12*H12,"")
B13: =IF(A13="","",YEAR(A13)) | C13: =IF(A13="","",MONTH(A13)) | D13: =IF(A13="","","Q"&ROUNDUP(MONTH(A13)/3,0)) | I13: =IF(AND(G13<>"",H13<>""),G13*H13,"")
B14: =IF(A14="","",YEAR(A14)) | C14: =IF(A14="","",MONTH(A14)) | D14: =IF(A14="","","Q"&ROUNDUP(MONTH(A14)/3,0)) | I14: =IF(AND(G14<>"",H14<>""),G14*H14,"")
B15: =IF(A15="","",YEAR(A15)) | C15: =IF(A15="","",MONTH(A15)) | D15: =IF(A15="","","Q"&ROUNDUP(MONTH(A15)/3,0)) | I15: =IF(AND(G15<>"",H15<>""),G15*H15,"")
B16: =IF(A16="","",YEAR(A16)) | C16: =IF(A16="","",MONTH(A16)) | D16: =IF(A16="","","Q"&ROUNDUP(MONTH(A16)/3,0)) | I16: =IF(AND(G16<>"",H16<>""),G16*H16,"")
B17: =IF(A17="","",YEAR(A17)) | C17: =IF(A17="","",MONTH(A17)) | D17: =IF(A17="","","Q"&ROUNDUP(MONTH(A17)/3,0)) | I17: =IF(AND(G17<>"",H17<>""),G17*H17,"")
B18: =IF(A18="","",YEAR(A18)) | C18: =IF(A18="","",MONTH(A18)) | D18: =IF(A18="","","Q"&ROUNDUP(MONTH(A18)/3,0)) | I18: =IF(AND(G18<>"",H18<>""),G18*H18,"")
... B505: =IF(A505="","",YEAR(A505)) | C505: =IF(A505="","",MONTH(A505)) | D505: =IF(A505="","","Q"&ROUNDUP(MONTH(A505)/3,0)) | I505: =IF(AND(G505<>"",H505<>""),G505*H505,"")

Sheet 02_양조일지
A1: 02. 양조 일지 (v2)
A2: 주류 면허법§25 ③④⑤ · 배치당 1행 · 300행 (60개월×5배치)
A3: 💡 배치ID 형식: YYYYQ#-### (예: 2026Q2-001). 사용 원료는 콤마로 구분.
A5: 담금일 | B5: 연도 | C5: 월 | D5: 분기 | E5: 배치ID | F5: 주종 | G5: 제성일 | H5: 1차 술덧(L) | I5: 최종 생산량(L) | J5: 도수(%) | K5: 단위 | L5: 사용 원료 + 메모
A6: 2026-05-01 | B6: =IF(A6="","",YEAR(A6)) | C6: =IF(A6="","",MONTH(A6)) | D6: =IF(A6="","","Q"&ROUNDUP(MONTH(A6)/3,0)) | E6: 2026Q2-001 | F6: 탁주 | H6: 200 | I6: 187.5 | J6: 10 | K6: L | L6: 찹쌀 52.5kg, 멥쌀 22.5kg, 전통누룩 5.2kg, 국화꽃 (예시 행)
B7: =IF(A7="","",YEAR(A7)) | C7: =IF(A7="","",MONTH(A7)) | D7: =IF(A7="","","Q"&ROUNDUP(MONTH(A7)/3,0))
B8: =IF(A8="","",YEAR(A8)) | C8: =IF(A8="","",MONTH(A8)) | D8: =IF(A8="","","Q"&ROUNDUP(MONTH(A8)/3,0))
B9: =IF(A9="","",YEAR(A9)) | C9: =IF(A9="","",MONTH(A9)) | D9: =IF(A9="","","Q"&ROUNDUP(MONTH(A9)/3,0))
B10: =IF(A10="","",YEAR(A10)) | C10: =IF(A10="","",MONTH(A10)) | D10: =IF(A10="","","Q"&ROUNDUP(MONTH(A10)/3,0))
B11: =IF(A11="","",YEAR(A11)) | C11: =IF(A11="","",MONTH(A11)) | D11: =IF(A11="","","Q"&ROUNDUP(MONTH(A11)/3,0))
B12: =IF(A12="","",YEAR(A12)) | C12: =IF(A12="","",MONTH(A12)) | D12: =IF(A12="","","Q"&ROUNDUP(MONTH(A12)/3,0))
B13: =IF(A13="","",YEAR(A13)) | C13: =IF(A13="","",MONTH(A13)) | D13: =IF(A13="","","Q"&ROUNDUP(MONTH(A13)/3,0))
B14: =IF(A14="","",YEAR(A14)) | C14: =IF(A14="","",MONTH(A14)) | D14: =IF(A14="","","Q"&ROUNDUP(MONTH(A14)/3,0))
B15: =IF(A15="","",YEAR(A15)) | C15: =IF(A15="","",MONTH(A15)) | D15: =IF(A15="","","Q"&ROUNDUP(MONTH(A15)/3,0))
B16: =IF(A16="","",YEAR(A16)) | C16: =IF(A16="","",MONTH(A16)) | D16: =IF(A16="","","Q"&ROUNDUP(MONTH(A16)/3,0))
B17: =IF(A17="","",YEAR(A17)) | C17: =IF(A17="","",MONTH(A17)) | D17: =IF(A17="","","Q"&ROUNDUP(MONTH(A17)/3,0))
B18: =IF(A18="","",YEAR(A18)) | C18: =IF(A18="","",MONTH(A18)) | D18: =IF(A18="","","Q"&ROUNDUP(MONTH(A18)/3,0))
... B305: =IF(A305="","",YEAR(A305)) | C305: =IF(A305="","",MONTH(A305)) | D305: =IF(A305="","","Q"&ROUNDUP(MONTH(A305)/3,0))

Sheet 03_출고판매기록
A1: 03. 출고·판매 기록부 (v2)
A2: 주류 면허법§25 ⑦ · 2000행 · 5년 누적 · 분기 주세 신고 baseline
A3: 💡 발생 즉시 입력. 분기 합계는 09 분기요약에서 자동. 단가 입력 시 금액 자동 계산.
A5: 반출일 | B5: 연도 | C5: 월 | D5: 분기 | E5: 채널 | F5: 수취인(거래처) | G5: SKU | H5: 수량(병) | I5: 단가(원) | J5: 금액(원) | K5: 주세(원) | L5: 교육세(원) | M5: 비고
A6: 2026-05-09 | B6: =IF(A6="","",YEAR(A6)) | C6: =IF(A6="","",MONTH(A6)) | D6: =IF(A6="","","Q"&ROUNDUP(MONTH(A6)/3,0)) | E6: 양조장직판 | F6: 방문 손님 (마스킹) | G6: 국화주 탁주 500ml | H6: 2 | I6: 12000 | J6: =IF(AND(H6<>"",I6<>""),H6*I6,"") | M6: 예시 행
B7: =IF(A7="","",YEAR(A7)) | C7: =IF(A7="","",MONTH(A7)) | D7: =IF(A7="","","Q"&ROUNDUP(MONTH(A7)/3,0)) | J7: =IF(AND(H7<>"",I7<>""),H7*I7,"")
B8: =IF(A8="","",YEAR(A8)) | C8: =IF(A8="","",MONTH(A8)) | D8: =IF(A8="","","Q"&ROUNDUP(MONTH(A8)/3,0)) | J8: =IF(AND(H8<>"",I8<>""),H8*I8,"")
B9: =IF(A9="","",YEAR(A9)) | C9: =IF(A9="","",MONTH(A9)) | D9: =IF(A9="","","Q"&ROUNDUP(MONTH(A9)/3,0)) | J9: =IF(AND(H9<>"",I9<>""),H9*I9,"")
B10: =IF(A10="","",YEAR(A10)) | C10: =IF(A10="","",MONTH(A10)) | D10: =IF(A10="","","Q"&ROUNDUP(MONTH(A10)/3,0)) | J10: =IF(AND(H10<>"",I10<>""),H10*I10,"")
B11: =IF(A11="","",YEAR(A11)) | C11: =IF(A11="","",MONTH(A11)) | D11: =IF(A11="","","Q"&ROUNDUP(MONTH(A11)/3,0)) | J11: =IF(AND(H11<>"",I11<>""),H11*I11,"")
B12: =IF(A12="","",YEAR(A12)) | C12: =IF(A12="","",MONTH(A12)) | D12: =IF(A12="","","Q"&ROUNDUP(MONTH(A12)/3,0)) | J12: =IF(AND(H12<>"",I12<>""),H12*I12,"")
B13: =IF(A13="","",YEAR(A13)) | C13: =IF(A13="","",MONTH(A13)) | D13: =IF(A13="","","Q"&ROUNDUP(MONTH(A13)/3,0)) | J13: =IF(AND(H13<>"",I13<>""),H13*I13,"")
B14: =IF(A14="","",YEAR(A14)) | C14: =IF(A14="","",MONTH(A14)) | D14: =IF(A14="","","Q"&ROUNDUP(MONTH(A14)/3,0)) | J14: =IF(AND(H14<>"",I14<>""),H14*I14,"")
B15: =IF(A15="","",YEAR(A15)) | C15: =IF(A15="","",MONTH(A15)) | D15: =IF(A15="","","Q"&ROUNDUP(MONTH(A15)/3,0)) | J15: =IF(AND(H15<>"",I15<>""),H15*I15,"")
B16: =IF(A16="","",YEAR(A16)) | C16: =IF(A16="","",MONTH(A16)) | D16: =IF(A16="","","Q"&ROUNDUP(MONTH(A16)/3,0)) | J16: =IF(AND(H16<>"",I16<>""),H16*I16,"")
B17: =IF(A17="","",YEAR(A17)) | C17: =IF(A17="","",MONTH(A17)) | D17: =IF(A17="","","Q"&ROUNDUP(MONTH(A17)/3,0)) | J17: =IF(AND(H17<>"",I17<>""),H17*I17,"")
B18: =IF(A18="","",YEAR(A18)) | C18: =IF(A18="","",MONTH(A18)) | D18: =IF(A18="","","Q"&ROUNDUP(MONTH(A18)/3,0)) | J18: =IF(AND(H18<>"",I18<>""),H18*I18,"")
... B2005: =IF(A2005="","",YEAR(A2005)) | C2005: =IF(A2005="","",MONTH(A2005)) | D2005: =IF(A2005="","","Q"&ROUNDUP(MONTH(A2005)/3,0)) | J2005: =IF(AND(H2005<>"",I2005<>""),H2005*I2005,"")

Sheet 04_재고관리
A1: 04. 재고 관리 (v2)
A2: 월말 마감 · 600행 (월 10SKU × 60개월) · 이월 자동 계산
A3: 💡 매월 1일 사령탑이 마감. 이월 = 전월 이월 + 입고 - 사용 (자동).
A5: 기준월(YYYY-MM) | B5: 연도 | C5: 월 | D5: 구분 | E5: SKU/원료 | F5: 전월 이월 | G5: 당월 입고/생산 | H5: 당월 사용/출고 | I5: 이월(자동) | J5: 단위 | K5: 비고
A6: 2026-05 | B6: =IF(A6="","",VALUE(LEFT(A6,4))) | C6: =IF(A6="","",VALUE(RIGHT(A6,2))) | D6: 제품 재고(주류) | E6: 국화주 탁주 500ml | F6: 30 | G6: 50 | H6: 25 | I6: =IF(AND(F6<>"",G6<>"",H6<>""),F6+G6-H6,"") | J6: 병
B7: =IF(A7="","",VALUE(LEFT(A7,4))) | C7: =IF(A7="","",VALUE(RIGHT(A7,2))) | I7: =IF(AND(F7<>"",G7<>"",H7<>""),F7+G7-H7,"")
B8: =IF(A8="","",VALUE(LEFT(A8,4))) | C8: =IF(A8="","",VALUE(RIGHT(A8,2))) | I8: =IF(AND(F8<>"",G8<>"",H8<>""),F8+G8-H8,"")
B9: =IF(A9="","",VALUE(LEFT(A9,4))) | C9: =IF(A9="","",VALUE(RIGHT(A9,2))) | I9: =IF(AND(F9<>"",G9<>"",H9<>""),F9+G9-H9,"")
B10: =IF(A10="","",VALUE(LEFT(A10,4))) | C10: =IF(A10="","",VALUE(RIGHT(A10,2))) | I10: =IF(AND(F10<>"",G10<>"",H10<>""),F10+G10-H10,"")
B11: =IF(A11="","",VALUE(LEFT(A11,4))) | C11: =IF(A11="","",VALUE(RIGHT(A11,2))) | I11: =IF(AND(F11<>"",G11<>"",H11<>""),F11+G11-H11,"")
B12: =IF(A12="","",VALUE(LEFT(A12,4))) | C12: =IF(A12="","",VALUE(RIGHT(A12,2))) | I12: =IF(AND(F12<>"",G12<>"",H12<>""),F12+G12-H12,"")
B13: =IF(A13="","",VALUE(LEFT(A13,4))) | C13: =IF(A13="","",VALUE(RIGHT(A13,2))) | I13: =IF(AND(F13<>"",G13<>"",H13<>""),F13+G13-H13,"")
B14: =IF(A14="","",VALUE(LEFT(A14,4))) | C14: =IF(A14="","",VALUE(RIGHT(A14,2))) | I14: =IF(AND(F14<>"",G14<>"",H14<>""),F14+G14-H14,"")
B15: =IF(A15="","",VALUE(LEFT(A15,4))) | C15: =IF(A15="","",VALUE(RIGHT(A15,2))) | I15: =IF(AND(F15<>"",G15<>"",H15<>""),F15+G15-H15,"")
B16: =IF(A16="","",VALUE(LEFT(A16,4))) | C16: =IF(A16="","",VALUE(RIGHT(A16,2))) | I16: =IF(AND(F16<>"",G16<>"",H16<>""),F16+G16-H16,"")
B17: =IF(A17="","",VALUE(LEFT(A17,4))) | C17: =IF(A17="","",VALUE(RIGHT(A17,2))) | I17: =IF(AND(F17<>"",G17<>"",H17<>""),F17+G17-H17,"")
B18: =IF(A18="","",VALUE(LEFT(A18,4))) | C18: =IF(A18="","",VALUE(RIGHT(A18,2))) | I18: =IF(AND(F18<>"",G18<>"",H18<>""),F18+G18-H18,"")
... B605: =IF(A605="","",VALUE(LEFT(A605,4))) | C605: =IF(A605="","",VALUE(RIGHT(A605,2))) | I605: =IF(AND(F605<>"",G605<>"",H605<>""),F605+G605-H605,"")

Sheet 05_부산물폐기
A1: 05. 부산물·폐기 (v2)
A2: 주류 면허법§25 ⑥ · 300행 · 부산물·폐기물 종류별 기록
A3: 💡 주박·폐누룩·세척폐수 등 모두 기록 의무.
A5: 일자 | B5: 연도 | C5: 월 | D5: 분기 | E5: 부산물 종류 | F5: 수량 | G5: 단위 | H5: 처리방식 | I5: 기록 메모 | J5: 관련 배치ID
B6: =IF(A6="","",YEAR(A6)) | C6: =IF(A6="","",MONTH(A6)) | D6: =IF(A6="","","Q"&ROUNDUP(MONTH(A6)/3,0))
B7: =IF(A7="","",YEAR(A7)) | C7: =IF(A7="","",MONTH(A7)) | D7: =IF(A7="","","Q"&ROUNDUP(MONTH(A7)/3,0))
B8: =IF(A8="","",YEAR(A8)) | C8: =IF(A8="","",MONTH(A8)) | D8: =IF(A8="","","Q"&ROUNDUP(MONTH(A8)/3,0))
B9: =IF(A9="","",YEAR(A9)) | C9: =IF(A9="","",MONTH(A9)) | D9: =IF(A9="","","Q"&ROUNDUP(MONTH(A9)/3,0))
B10: =IF(A10="","",YEAR(A10)) | C10: =IF(A10="","",MONTH(A10)) | D10: =IF(A10="","","Q"&ROUNDUP(MONTH(A10)/3,0))
B11: =IF(A11="","",YEAR(A11)) | C11: =IF(A11="","",MONTH(A11)) | D11: =IF(A11="","","Q"&ROUNDUP(MONTH(A11)/3,0))
B12: =IF(A12="","",YEAR(A12)) | C12: =IF(A12="","",MONTH(A12)) | D12: =IF(A12="","","Q"&ROUNDUP(MONTH(A12)/3,0))
B13: =IF(A13="","",YEAR(A13)) | C13: =IF(A13="","",MONTH(A13)) | D13: =IF(A13="","","Q"&ROUNDUP(MONTH(A13)/3,0))
B14: =IF(A14="","",YEAR(A14)) | C14: =IF(A14="","",MONTH(A14)) | D14: =IF(A14="","","Q"&ROUNDUP(MONTH(A14)/3,0))
B15: =IF(A15="","",YEAR(A15)) | C15: =IF(A15="","",MONTH(A15)) | D15: =IF(A15="","","Q"&ROUNDUP(MONTH(A15)/3,0))
B16: =IF(A16="","",YEAR(A16)) | C16: =IF(A16="","",MONTH(A16)) | D16: =IF(A16="","","Q"&ROUNDUP(MONTH(A16)/3,0))
B17: =IF(A17="","",YEAR(A17)) | C17: =IF(A17="","",MONTH(A17)) | D17: =IF(A17="","","Q"&ROUNDUP(MONTH(A17)/3,0))
... B305: =IF(A305="","",YEAR(A305)) | C305: =IF(A305="","",MONTH(A305)) | D305: =IF(A305="","","Q"&ROUNDUP(MONTH(A305)/3,0))

Sheet 06_시음QC
A1: 06. 시음·자가품질 (v2)
A2: 식품위생법 자가품질(주류 6개월 1회) + 시음 노트 · 300행
A5: 일자 | B5: 연도 | C5: 월 | D5: 분기 | E5: 구분 | F5: 배치ID | G5: 도수(%) | H5: 산도/pH | I5: 관능(향) | J5: 관능(맛) | K5: 메모
B6: =IF(A6="","",YEAR(A6)) | C6: =IF(A6="","",MONTH(A6)) | D6: =IF(A6="","","Q"&ROUNDUP(MONTH(A6)/3,0))
B7: =IF(A7="","",YEAR(A7)) | C7: =IF(A7="","",MONTH(A7)) | D7: =IF(A7="","","Q"&ROUNDUP(MONTH(A7)/3,0))
B8: =IF(A8="","",YEAR(A8)) | C8: =IF(A8="","",MONTH(A8)) | D8: =IF(A8="","","Q"&ROUNDUP(MONTH(A8)/3,0))
B9: =IF(A9="","",YEAR(A9)) | C9: =IF(A9="","",MONTH(A9)) | D9: =IF(A9="","","Q"&ROUNDUP(MONTH(A9)/3,0))
B10: =IF(A10="","",YEAR(A10)) | C10: =IF(A10="","",MONTH(A10)) | D10: =IF(A10="","","Q"&ROUNDUP(MONTH(A10)/3,0))
B11: =IF(A11="","",YEAR(A11)) | C11: =IF(A11="","",MONTH(A11)) | D11: =IF(A11="","","Q"&ROUNDUP(MONTH(A11)/3,0))
B12: =IF(A12="","",YEAR(A12)) | C12: =IF(A12="","",MONTH(A12)) | D12: =IF(A12="","","Q"&ROUNDUP(MONTH(A12)/3,0))
B13: =IF(A13="","",YEAR(A13)) | C13: =IF(A13="","",MONTH(A13)) | D13: =IF(A13="","","Q"&ROUNDUP(MONTH(A13)/3,0))
B14: =IF(A14="","",YEAR(A14)) | C14: =IF(A14="","",MONTH(A14)) | D14: =IF(A14="","","Q"&ROUNDUP(MONTH(A14)/3,0))
B15: =IF(A15="","",YEAR(A15)) | C15: =IF(A15="","",MONTH(A15)) | D15: =IF(A15="","","Q"&ROUNDUP(MONTH(A15)/3,0))
B16: =IF(A16="","",YEAR(A16)) | C16: =IF(A16="","",MONTH(A16)) | D16: =IF(A16="","","Q"&ROUNDUP(MONTH(A16)/3,0))
B17: =IF(A17="","",YEAR(A17)) | C17: =IF(A17="","",MONTH(A17)) | D17: =IF(A17="","","Q"&ROUNDUP(MONTH(A17)/3,0))
... B305: =IF(A305="","",YEAR(A305)) | C305: =IF(A305="","",MONTH(A305)) | D305: =IF(A305="","","Q"&ROUNDUP(MONTH(A305)/3,0))

Sheet 07_고객체험
A1: 07. 고객·체험·시음회 명단 (v2)
A2: 선택 시트 · 1000행 · 개인정보 마스킹 필수
A3: ⚠️ 개인정보 보호: 본 시트는 권한 분리 + 마스킹 입력 권장. 외부 공유 절대 금지.
A5: 일자 | B5: 연도 | C5: 월 | D5: 이름(마스킹) | E5: 연락처(마스킹) | F5: 행사·구분 | G5: 구매·체험 내역 | H5: 동의 여부 | I5: 비고
B6: =IF(A6="","",YEAR(A6)) | C6: =IF(A6="","",MONTH(A6))
B7: =IF(A7="","",YEAR(A7)) | C7: =IF(A7="","",MONTH(A7))
B8: =IF(A8="","",YEAR(A8)) | C8: =IF(A8="","",MONTH(A8))
B9: =IF(A9="","",YEAR(A9)) | C9: =IF(A9="","",MONTH(A9))
B10: =IF(A10="","",YEAR(A10)) | C10: =IF(A10="","",MONTH(A10))
B11: =IF(A11="","",YEAR(A11)) | C11: =IF(A11="","",MONTH(A11))
B12: =IF(A12="","",YEAR(A12)) | C12: =IF(A12="","",MONTH(A12))
B13: =IF(A13="","",YEAR(A13)) | C13: =IF(A13="","",MONTH(A13))
B14: =IF(A14="","",YEAR(A14)) | C14: =IF(A14="","",MONTH(A14))
B15: =IF(A15="","",YEAR(A15)) | C15: =IF(A15="","",MONTH(A15))
B16: =IF(A16="","",YEAR(A16)) | C16: =IF(A16="","",MONTH(A16))
B17: =IF(A17="","",YEAR(A17)) | C17: =IF(A17="","",MONTH(A17))
... B1005: =IF(A1005="","",YEAR(A1005)) | C1005: =IF(A1005="","",MONTH(A1005))

Sheet 08_월별요약
A1: 08. 월별 요약 (자동 계산)
A2: 03 출고판매 데이터 → 월별 매출·SKU·채널 자동 집계
A3: 💡 03 시트에 데이터 입력 시 자동 갱신. 행은 수기 추가 가능 (연도-월 입력).
A5: ▶ 전체 월별 매출
A6: 연도 | B6: 월 | C6: 총 매출(원) | D6: 병 수 | E6: 주세 합계 | F6: 교육세 합계
A7: 2026 | B7: 1 | C7: =IFERROR(SUMIFS('03_출고판매기록'!J:J,'03_출고판매기록'!B:B,A7,'03_출고판매기록'!C:C,B7),0) | D7: =IFERROR(SUMIFS('03_출고판매기록'!H:H,'03_출고판매기록'!B:B,A7,'03_출고판매기록'!C:C,B7),0) | E7: =IFERROR(SUMIFS('03_출고판매기록'!K:K,'03_출고판매기록'!B:B,A7,'03_출고판매기록'!C:C,B7),0) | F7: =IFERROR(SUMIFS('03_출고판매기록'!L:L,'03_출고판매기록'!B:B,A7,'03_출고판매기록'!C:C,B7),0)
A8: 2026 | B8: 2 | C8: =IFERROR(SUMIFS('03_출고판매기록'!J:J,'03_출고판매기록'!B:B,A8,'03_출고판매기록'!C:C,B8),0) | D8: =IFERROR(SUMIFS('03_출고판매기록'!H:H,'03_출고판매기록'!B:B,A8,'03_출고판매기록'!C:C,B8),0) | E8: =IFERROR(SUMIFS('03_출고판매기록'!K:K,'03_출고판매기록'!B:B,A8,'03_출고판매기록'!C:C,B8),0) | F8: =IFERROR(SUMIFS('03_출고판매기록'!L:L,'03_출고판매기록'!B:B,A8,'03_출고판매기록'!C:C,B8),0)
A9: 2026 | B9: 3 | C9: =IFERROR(SUMIFS('03_출고판매기록'!J:J,'03_출고판매기록'!B:B,A9,'03_출고판매기록'!C:C,B9),0) | D9: =IFERROR(SUMIFS('03_출고판매기록'!H:H,'03_출고판매기록'!B:B,A9,'03_출고판매기록'!C:C,B9),0) | E9: =IFERROR(SUMIFS('03_출고판매기록'!K:K,'03_출고판매기록'!B:B,A9,'03_출고판매기록'!C:C,B9),0) | F9: =IFERROR(SUMIFS('03_출고판매기록'!L:L,'03_출고판매기록'!B:B,A9,'03_출고판매기록'!C:C,B9),0)
A10: 2026 | B10: 4 | C10: =IFERROR(SUMIFS('03_출고판매기록'!J:J,'03_출고판매기록'!B:B,A10,'03_출고판매기록'!C:C,B10),0) | D10: =IFERROR(SUMIFS('03_출고판매기록'!H:H,'03_출고판매기록'!B:B,A10,'03_출고판매기록'!C:C,B10),0) | E10: =IFERROR(SUMIFS('03_출고판매기록'!K:K,'03_출고판매기록'!B:B,A10,'03_출고판매기록'!C:C,B10),0) | F10: =IFERROR(SUMIFS('03_출고판매기록'!L:L,'03_출고판매기록'!B:B,A10,'03_출고판매기록'!C:C,B10),0)
A11: 2026 | B11: 5 | C11: =IFERROR(SUMIFS('03_출고판매기록'!J:J,'03_출고판매기록'!B:B,A11,'03_출고판매기록'!C:C,B11),0) | D11: =IFERROR(SUMIFS('03_출고판매기록'!H:H,'03_출고판매기록'!B:B,A11,'03_출고판매기록'!C:C,B11),0) | E11: =IFERROR(SUMIFS('03_출고판매기록'!K:K,'03_출고판매기록'!B:B,A11,'03_출고판매기록'!C:C,B11),0) | F11: =IFERROR(SUMIFS('03_출고판매기록'!L:L,'03_출고판매기록'!B:B,A11,'03_출고판매기록'!C:C,B11),0)
A12: 2026 | B12: 6 | C12: =IFERROR(SUMIFS('03_출고판매기록'!J:J,'03_출고판매기록'!B:B,A12,'03_출고판매기록'!C:C,B12),0) | D12: =IFERROR(SUMIFS('03_출고판매기록'!H:H,'03_출고판매기록'!B:B,A12,'03_출고판매기록'!C:C,B12),0) | E12: =IFERROR(SUMIFS('03_출고판매기록'!K:K,'03_출고판매기록'!B:B,A12,'03_출고판매기록'!C:C,B12),0) | F12: =IFERROR(SUMIFS('03_출고판매기록'!L:L,'03_출고판매기록'!B:B,A12,'03_출고판매기록'!C:C,B12),0)
A13: 2026 | B13: 7 | C13: =IFERROR(SUMIFS('03_출고판매기록'!J:J,'03_출고판매기록'!B:B,A13,'03_출고판매기록'!C:C,B13),0) | D13: =IFERROR(SUMIFS('03_출고판매기록'!H:H,'03_출고판매기록'!B:B,A13,'03_출고판매기록'!C:C,B13),0) | E13: =IFERROR(SUMIFS('03_출고판매기록'!K:K,'03_출고판매기록'!B:B,A13,'03_출고판매기록'!C:C,B13),0) | F13: =IFERROR(SUMIFS('03_출고판매기록'!L:L,'03_출고판매기록'!B:B,A13,'03_출고판매기록'!C:C,B13),0)
A14: 2026 | B14: 8 | C14: =IFERROR(SUMIFS('03_출고판매기록'!J:J,'03_출고판매기록'!B:B,A14,'03_출고판매기록'!C:C,B14),0) | D14: =IFERROR(SUMIFS('03_출고판매기록'!H:H,'03_출고판매기록'!B:B,A14,'03_출고판매기록'!C:C,B14),0) | E14: =IFERROR(SUMIFS('03_출고판매기록'!K:K,'03_출고판매기록'!B:B,A14,'03_출고판매기록'!C:C,B14),0) | F14: =IFERROR(SUMIFS('03_출고판매기록'!L:L,'03_출고판매기록'!B:B,A14,'03_출고판매기록'!C:C,B14),0)
A15: 2026 | B15: 9 | C15: =IFERROR(SUMIFS('03_출고판매기록'!J:J,'03_출고판매기록'!B:B,A15,'03_출고판매기록'!C:C,B15),0) | D15: =IFERROR(SUMIFS('03_출고판매기록'!H:H,'03_출고판매기록'!B:B,A15,'03_출고판매기록'!C:C,B15),0) | E15: =IFERROR(SUMIFS('03_출고판매기록'!K:K,'03_출고판매기록'!B:B,A15,'03_출고판매기록'!C:C,B15),0) | F15: =IFERROR(SUMIFS('03_출고판매기록'!L:L,'03_출고판매기록'!B:B,A15,'03_출고판매기록'!C:C,B15),0)
A16: 2026 | B16: 10 | C16: =IFERROR(SUMIFS('03_출고판매기록'!J:J,'03_출고판매기록'!B:B,A16,'03_출고판매기록'!C:C,B16),0) | D16: =IFERROR(SUMIFS('03_출고판매기록'!H:H,'03_출고판매기록'!B:B,A16,'03_출고판매기록'!C:C,B16),0) | E16: =IFERROR(SUMIFS('03_출고판매기록'!K:K,'03_출고판매기록'!B:B,A16,'03_출고판매기록'!C:C,B16),0) | F16: =IFERROR(SUMIFS('03_출고판매기록'!L:L,'03_출고판매기록'!B:B,A16,'03_출고판매기록'!C:C,B16),0)
A17: 2026 | B17: 11 | C17: =IFERROR(SUMIFS('03_출고판매기록'!J:J,'03_출고판매기록'!B:B,A17,'03_출고판매기록'!C:C,B17),0) | D17: =IFERROR(SUMIFS('03_출고판매기록'!H:H,'03_출고판매기록'!B:B,A17,'03_출고판매기록'!C:C,B17),0) | E17: =IFERROR(SUMIFS('03_출고판매기록'!K:K,'03_출고판매기록'!B:B,A17,'03_출고판매기록'!C:C,B17),0) | F17: =IFERROR(SUMIFS('03_출고판매기록'!L:L,'03_출고판매기록'!B:B,A17,'03_출고판매기록'!C:C,B17),0)
A18: 2026 | B18: 12 | C18: =IFERROR(SUMIFS('03_출고판매기록'!J:J,'03_출고판매기록'!B:B,A18,'03_출고판매기록'!C:C,B18),0) | D18: =IFERROR(SUMIFS('03_출고판매기록'!H:H,'03_출고판매기록'!B:B,A18,'03_출고판매기록'!C:C,B18),0) | E18: =IFERROR(SUMIFS('03_출고판매기록'!K:K,'03_출고판매기록'!B:B,A18,'03_출고판매기록'!C:C,B18),0) | F18: =IFERROR(SUMIFS('03_출고판매기록'!L:L,'03_출고판매기록'!B:B,A18,'03_출고판매기록'!C:C,B18),0)
... A66: 2030 | B66: 12 | C66: =IFERROR(SUMIFS('03_출고판매기록'!J:J,'03_출고판매기록'!B:B,A66,'03_출고판매기록'!C:C,B66),0) | D66: =IFERROR(SUMIFS('03_출고판매기록'!H:H,'03_출고판매기록'!B:B,A66,'03_출고판매기록'!C:C,B66),0) | E66: =IFERROR(SUMIFS('03_출고판매기록'!K:K,'03_출고판매기록'!B:B,A66,'03_출고판매기록'!C:C,B66),0) | F66: =IFERROR(SUMIFS('03_출고판매기록'!L:L,'03_출고판매기록'!B:B,A66,'03_출고판매기록'!C:C,B66),0)

Sheet 09_분기요약
A1: 09. 분기 요약 — 주세 신고 baseline
A2: 분기 종료 → 다음 달 25일까지 신고 시 본 시트 값을 신고서에 사용
A3: 💡 주세법 시행령에 따른 분기 반출 신고. 신고 기한 표시 + 합계 자동.
A5: 연도 | B5: 분기 | C5: 신고 기한 | D5: 총 매출(원) | E5: 병 수 | F5: 주세 합계(원) | G5: 교육세 합계(원) | H5: 신고 상태
A6: 2026 | B6: Q1 | C6: 4월 25일 | D6: =IFERROR(SUMIFS('03_출고판매기록'!J:J,'03_출고판매기록'!B:B,A6,'03_출고판매기록'!D:D,B6),0) | E6: =IFERROR(SUMIFS('03_출고판매기록'!H:H,'03_출고판매기록'!B:B,A6,'03_출고판매기록'!D:D,B6),0) | F6: =IFERROR(SUMIFS('03_출고판매기록'!K:K,'03_출고판매기록'!B:B,A6,'03_출고판매기록'!D:D,B6),0) | G6: =IFERROR(SUMIFS('03_출고판매기록'!L:L,'03_출고판매기록'!B:B,A6,'03_출고판매기록'!D:D,B6),0)
A7: 2026 | B7: Q2 | C7: 7월 25일 | D7: =IFERROR(SUMIFS('03_출고판매기록'!J:J,'03_출고판매기록'!B:B,A7,'03_출고판매기록'!D:D,B7),0) | E7: =IFERROR(SUMIFS('03_출고판매기록'!H:H,'03_출고판매기록'!B:B,A7,'03_출고판매기록'!D:D,B7),0) | F7: =IFERROR(SUMIFS('03_출고판매기록'!K:K,'03_출고판매기록'!B:B,A7,'03_출고판매기록'!D:D,B7),0) | G7: =IFERROR(SUMIFS('03_출고판매기록'!L:L,'03_출고판매기록'!B:B,A7,'03_출고판매기록'!D:D,B7),0)
A8: 2026 | B8: Q3 | C8: 10월 25일 | D8: =IFERROR(SUMIFS('03_출고판매기록'!J:J,'03_출고판매기록'!B:B,A8,'03_출고판매기록'!D:D,B8),0) | E8: =IFERROR(SUMIFS('03_출고판매기록'!H:H,'03_출고판매기록'!B:B,A8,'03_출고판매기록'!D:D,B8),0) | F8: =IFERROR(SUMIFS('03_출고판매기록'!K:K,'03_출고판매기록'!B:B,A8,'03_출고판매기록'!D:D,B8),0) | G8: =IFERROR(SUMIFS('03_출고판매기록'!L:L,'03_출고판매기록'!B:B,A8,'03_출고판매기록'!D:D,B8),0)
A9: 2026 | B9: Q4 | C9: 다음해 1월 25일 | D9: =IFERROR(SUMIFS('03_출고판매기록'!J:J,'03_출고판매기록'!B:B,A9,'03_출고판매기록'!D:D,B9),0) | E9: =IFERROR(SUMIFS('03_출고판매기록'!H:H,'03_출고판매기록'!B:B,A9,'03_출고판매기록'!D:D,B9),0) | F9: =IFERROR(SUMIFS('03_출고판매기록'!K:K,'03_출고판매기록'!B:B,A9,'03_출고판매기록'!D:D,B9),0) | G9: =IFERROR(SUMIFS('03_출고판매기록'!L:L,'03_출고판매기록'!B:B,A9,'03_출고판매기록'!D:D,B9),0)
A10: 2027 | B10: Q1 | C10: 4월 25일 | D10: =IFERROR(SUMIFS('03_출고판매기록'!J:J,'03_출고판매기록'!B:B,A10,'03_출고판매기록'!D:D,B10),0) | E10: =IFERROR(SUMIFS('03_출고판매기록'!H:H,'03_출고판매기록'!B:B,A10,'03_출고판매기록'!D:D,B10),0) | F10: =IFERROR(SUMIFS('03_출고판매기록'!K:K,'03_출고판매기록'!B:B,A10,'03_출고판매기록'!D:D,B10),0) | G10: =IFERROR(SUMIFS('03_출고판매기록'!L:L,'03_출고판매기록'!B:B,A10,'03_출고판매기록'!D:D,B10),0)
A11: 2027 | B11: Q2 | C11: 7월 25일 | D11: =IFERROR(SUMIFS('03_출고판매기록'!J:J,'03_출고판매기록'!B:B,A11,'03_출고판매기록'!D:D,B11),0) | E11: =IFERROR(SUMIFS('03_출고판매기록'!H:H,'03_출고판매기록'!B:B,A11,'03_출고판매기록'!D:D,B11),0) | F11: =IFERROR(SUMIFS('03_출고판매기록'!K:K,'03_출고판매기록'!B:B,A11,'03_출고판매기록'!D:D,B11),0) | G11: =IFERROR(SUMIFS('03_출고판매기록'!L:L,'03_출고판매기록'!B:B,A11,'03_출고판매기록'!D:D,B11),0)
A12: 2027 | B12: Q3 | C12: 10월 25일 | D12: =IFERROR(SUMIFS('03_출고판매기록'!J:J,'03_출고판매기록'!B:B,A12,'03_출고판매기록'!D:D,B12),0) | E12: =IFERROR(SUMIFS('03_출고판매기록'!H:H,'03_출고판매기록'!B:B,A12,'03_출고판매기록'!D:D,B12),0) | F12: =IFERROR(SUMIFS('03_출고판매기록'!K:K,'03_출고판매기록'!B:B,A12,'03_출고판매기록'!D:D,B12),0) | G12: =IFERROR(SUMIFS('03_출고판매기록'!L:L,'03_출고판매기록'!B:B,A12,'03_출고판매기록'!D:D,B12),0)
A13: 2027 | B13: Q4 | C13: 다음해 1월 25일 | D13: =IFERROR(SUMIFS('03_출고판매기록'!J:J,'03_출고판매기록'!B:B,A13,'03_출고판매기록'!D:D,B13),0) | E13: =IFERROR(SUMIFS('03_출고판매기록'!H:H,'03_출고판매기록'!B:B,A13,'03_출고판매기록'!D:D,B13),0) | F13: =IFERROR(SUMIFS('03_출고판매기록'!K:K,'03_출고판매기록'!B:B,A13,'03_출고판매기록'!D:D,B13),0) | G13: =IFERROR(SUMIFS('03_출고판매기록'!L:L,'03_출고판매기록'!B:B,A13,'03_출고판매기록'!D:D,B13),0)
A14: 2028 | B14: Q1 | C14: 4월 25일 | D14: =IFERROR(SUMIFS('03_출고판매기록'!J:J,'03_출고판매기록'!B:B,A14,'03_출고판매기록'!D:D,B14),0) | E14: =IFERROR(SUMIFS('03_출고판매기록'!H:H,'03_출고판매기록'!B:B,A14,'03_출고판매기록'!D:D,B14),0) | F14: =IFERROR(SUMIFS('03_출고판매기록'!K:K,'03_출고판매기록'!B:B,A14,'03_출고판매기록'!D:D,B14),0) | G14: =IFERROR(SUMIFS('03_출고판매기록'!L:L,'03_출고판매기록'!B:B,A14,'03_출고판매기록'!D:D,B14),0)
A15: 2028 | B15: Q2 | C15: 7월 25일 | D15: =IFERROR(SUMIFS('03_출고판매기록'!J:J,'03_출고판매기록'!B:B,A15,'03_출고판매기록'!D:D,B15),0) | E15: =IFERROR(SUMIFS('03_출고판매기록'!H:H,'03_출고판매기록'!B:B,A15,'03_출고판매기록'!D:D,B15),0) | F15: =IFERROR(SUMIFS('03_출고판매기록'!K:K,'03_출고판매기록'!B:B,A15,'03_출고판매기록'!D:D,B15),0) | G15: =IFERROR(SUMIFS('03_출고판매기록'!L:L,'03_출고판매기록'!B:B,A15,'03_출고판매기록'!D:D,B15),0)
A16: 2028 | B16: Q3 | C16: 10월 25일 | D16: =IFERROR(SUMIFS('03_출고판매기록'!J:J,'03_출고판매기록'!B:B,A16,'03_출고판매기록'!D:D,B16),0) | E16: =IFERROR(SUMIFS('03_출고판매기록'!H:H,'03_출고판매기록'!B:B,A16,'03_출고판매기록'!D:D,B16),0) | F16: =IFERROR(SUMIFS('03_출고판매기록'!K:K,'03_출고판매기록'!B:B,A16,'03_출고판매기록'!D:D,B16),0) | G16: =IFERROR(SUMIFS('03_출고판매기록'!L:L,'03_출고판매기록'!B:B,A16,'03_출고판매기록'!D:D,B16),0)
A17: 2028 | B17: Q4 | C17: 다음해 1월 25일 | D17: =IFERROR(SUMIFS('03_출고판매기록'!J:J,'03_출고판매기록'!B:B,A17,'03_출고판매기록'!D:D,B17),0) | E17: =IFERROR(SUMIFS('03_출고판매기록'!H:H,'03_출고판매기록'!B:B,A17,'03_출고판매기록'!D:D,B17),0) | F17: =IFERROR(SUMIFS('03_출고판매기록'!K:K,'03_출고판매기록'!B:B,A17,'03_출고판매기록'!D:D,B17),0) | G17: =IFERROR(SUMIFS('03_출고판매기록'!L:L,'03_출고판매기록'!B:B,A17,'03_출고판매기록'!D:D,B17),0)
... A25: 2030 | B25: Q4 | C25: 다음해 1월 25일 | D25: =IFERROR(SUMIFS('03_출고판매기록'!J:J,'03_출고판매기록'!B:B,A25,'03_출고판매기록'!D:D,B25),0) | E25: =IFERROR(SUMIFS('03_출고판매기록'!H:H,'03_출고판매기록'!B:B,A25,'03_출고판매기록'!D:D,B25),0) | F25: =IFERROR(SUMIFS('03_출고판매기록'!K:K,'03_출고판매기록'!B:B,A25,'03_출고판매기록'!D:D,B25),0) | G25: =IFERROR(SUMIFS('03_출고판매기록'!L:L,'03_출고판매기록'!B:B,A25,'03_출고판매기록'!D:D,B25),0)

Sheet 10_연도요약
A1: 10. 연도 요약 — KPI 대시보드
A2: 연말 OKR 회의용 · 전 연도 비교 · SKU별·채널별 누적
A3: 💡 매년 1월 1일 시점에 본 시트의 전년도 행을 확정. 연도별 KPI 추적.
A5: ▶ 연도별 전체 매출·생산·세금
A6: 연도 | B6: 총 매출(원) | C6: 총 출고(병) | D6: 주세 납부 | E6: 교육세 | F6: 생산 배치 수 | G6: 원료 매입(원) | H6: 비고
A7: 2026 | B7: =IFERROR(SUMIFS('03_출고판매기록'!J:J,'03_출고판매기록'!B:B,A7),0) | C7: =IFERROR(SUMIFS('03_출고판매기록'!H:H,'03_출고판매기록'!B:B,A7),0) | D7: =IFERROR(SUMIFS('03_출고판매기록'!K:K,'03_출고판매기록'!B:B,A7),0) | E7: =IFERROR(SUMIFS('03_출고판매기록'!L:L,'03_출고판매기록'!B:B,A7),0) | F7: =IFERROR(COUNTIFS('02_양조일지'!B:B,A7,'02_양조일지'!E:E,"<>"),0) | G7: =IFERROR(SUMIFS('01_원료수불부'!I:I,'01_원료수불부'!B:B,A7,'01_원료수불부'!E:E,"입고"),0)
A8: 2027 | B8: =IFERROR(SUMIFS('03_출고판매기록'!J:J,'03_출고판매기록'!B:B,A8),0) | C8: =IFERROR(SUMIFS('03_출고판매기록'!H:H,'03_출고판매기록'!B:B,A8),0) | D8: =IFERROR(SUMIFS('03_출고판매기록'!K:K,'03_출고판매기록'!B:B,A8),0) | E8: =IFERROR(SUMIFS('03_출고판매기록'!L:L,'03_출고판매기록'!B:B,A8),0) | F8: =IFERROR(COUNTIFS('02_양조일지'!B:B,A8,'02_양조일지'!E:E,"<>"),0) | G8: =IFERROR(SUMIFS('01_원료수불부'!I:I,'01_원료수불부'!B:B,A8,'01_원료수불부'!E:E,"입고"),0)
A9: 2028 | B9: =IFERROR(SUMIFS('03_출고판매기록'!J:J,'03_출고판매기록'!B:B,A9),0) | C9: =IFERROR(SUMIFS('03_출고판매기록'!H:H,'03_출고판매기록'!B:B,A9),0) | D9: =IFERROR(SUMIFS('03_출고판매기록'!K:K,'03_출고판매기록'!B:B,A9),0) | E9: =IFERROR(SUMIFS('03_출고판매기록'!L:L,'03_출고판매기록'!B:B,A9),0) | F9: =IFERROR(COUNTIFS('02_양조일지'!B:B,A9,'02_양조일지'!E:E,"<>"),0) | G9: =IFERROR(SUMIFS('01_원료수불부'!I:I,'01_원료수불부'!B:B,A9,'01_원료수불부'!E:E,"입고"),0)
A10: 2029 | B10: =IFERROR(SUMIFS('03_출고판매기록'!J:J,'03_출고판매기록'!B:B,A10),0) | C10: =IFERROR(SUMIFS('03_출고판매기록'!H:H,'03_출고판매기록'!B:B,A10),0) | D10: =IFERROR(SUMIFS('03_출고판매기록'!K:K,'03_출고판매기록'!B:B,A10),0) | E10: =IFERROR(SUMIFS('03_출고판매기록'!L:L,'03_출고판매기록'!B:B,A10),0) | F10: =IFERROR(COUNTIFS('02_양조일지'!B:B,A10,'02_양조일지'!E:E,"<>"),0) | G10: =IFERROR(SUMIFS('01_원료수불부'!I:I,'01_원료수불부'!B:B,A10,'01_원료수불부'!E:E,"입고"),0)
A11: 2030 | B11: =IFERROR(SUMIFS('03_출고판매기록'!J:J,'03_출고판매기록'!B:B,A11),0) | C11: =IFERROR(SUMIFS('03_출고판매기록'!H:H,'03_출고판매기록'!B:B,A11),0) | D11: =IFERROR(SUMIFS('03_출고판매기록'!K:K,'03_출고판매기록'!B:B,A11),0) | E11: =IFERROR(SUMIFS('03_출고판매기록'!L:L,'03_출고판매기록'!B:B,A11),0) | F11: =IFERROR(COUNTIFS('02_양조일지'!B:B,A11,'02_양조일지'!E:E,"<>"),0) | G11: =IFERROR(SUMIFS('01_원료수불부'!I:I,'01_원료수불부'!B:B,A11,'01_원료수불부'!E:E,"입고"),0)
A14: ▶ SKU별 매출 (선택 연도)
A15: 연도 선택: | B15: 2026
A17: SKU | B17: 매출(원) | C17: 병 수 | D17: 평균가(원)
A18: 국화주 탁주 500ml | B18: =IFERROR(SUMIFS('03_출고판매기록'!J:J,'03_출고판매기록'!B:B,$B$15,'03_출고판매기록'!G:G,A18),0) | C18: =IFERROR(SUMIFS('03_출고판매기록'!H:H,'03_출고판매기록'!B:B,$B$15,'03_출고판매기록'!G:G,A18),0) | D18: =IFERROR(B18/C18,0)
A19: 국화주 약주 375ml | B19: =IFERROR(SUMIFS('03_출고판매기록'!J:J,'03_출고판매기록'!B:B,$B$15,'03_출고판매기록'!G:G,A19),0) | C19: =IFERROR(SUMIFS('03_출고판매기록'!H:H,'03_출고판매기록'!B:B,$B$15,'03_출고판매기록'!G:G,A19),0) | D19: =IFERROR(B19/C19,0)
A20: 사계주 소주 375ml | B20: =IFERROR(SUMIFS('03_출고판매기록'!J:J,'03_출고판매기록'!B:B,$B$15,'03_출고판매기록'!G:G,A20),0) | C20: =IFERROR(SUMIFS('03_출고판매기록'!H:H,'03_출고판매기록'!B:B,$B$15,'03_출고판매기록'!G:G,A20),0) | D20: =IFERROR(B20/C20,0)
A21: 현미식초 250ml | B21: =IFERROR(SUMIFS('03_출고판매기록'!J:J,'03_출고판매기록'!B:B,$B$15,'03_출고판매기록'!G:G,A21),0) | C21: =IFERROR(SUMIFS('03_출고판매기록'!H:H,'03_출고판매기록'!B:B,$B$15,'03_출고판매기록'!G:G,A21),0) | D21: =IFERROR(B21/C21,0)
